municipality,barangay,year,season,area_ha,production_mt,yield_mt_ha,basis
City of Cabuyao,Baclaran,2022,Dry,26.5,132.5,5.0,estimated
City of Cabuyao,Banaybanay,2022,Dry,8.1,42.28,5.22,estimated
City of Cabuyao,Bigaa,2022,Dry,4.0,20.0,5.0,estimated
City of Cabuyao,Butong,2022,Dry,4.25,22.48,5.29,estimated
City of Cabuyao,Gulod,2022,Dry,25.3,125.49,4.96,estimated
City of Cabuyao,Mamatid,2022,Dry,3.5,16.42,4.69,estimated
City of Cabuyao,Marinig,2022,Dry,31.5,162.85,5.17,estimated
City of Cabuyao,Niugan,2022,Dry,27.6,138.0,5.0,estimated
City of Cabuyao,Pulo,2022,Dry,10.5,50.92,4.85,estimated
City of Cabuyao,Sala,2022,Dry,7.1,34.08,4.8,estimated
City of Cabuyao,San Isidro,2022,Dry,25.8,129.0,5.0,estimated
City of Cabuyao,Baclaran,2022,Wet,25.3,106.51,4.21,estimated
City of Cabuyao,Banaybanay,2022,Wet,6.8,30.12,4.43,estimated
City of Cabuyao,Bigaa,2022,Wet,23.2,97.67,4.21,estimated
City of Cabuyao,Butong,2022,Wet,13.85,62.32,4.5,estimated
City of Cabuyao,Gulod,2022,Wet,91.4,382.05,4.18,estimated
City of Cabuyao,Mamatid,2022,Wet,5.3,20.67,3.9,estimated
City of Cabuyao,Marinig,2022,Wet,70.55,309.01,4.38,estimated
City of Cabuyao,Niugan,2022,Wet,26.71,112.72,4.22,estimated
City of Cabuyao,Pulo,2022,Wet,8.5,34.51,4.06,estimated
City of Cabuyao,Sala,2022,Wet,11.61,46.67,4.02,estimated
City of Cabuyao,San Isidro,2022,Wet,42.85,180.4,4.21,estimated
City of Cabuyao,Baclaran,2023,Dry,26.5,121.63,4.59,estimated
City of Cabuyao,Banaybanay,2023,Dry,8.1,38.96,4.81,estimated
City of Cabuyao,Bigaa,2023,Dry,4.0,18.36,4.59,estimated
City of Cabuyao,Butong,2023,Dry,4.25,20.74,4.88,estimated
City of Cabuyao,Gulod,2023,Dry,25.3,115.11,4.55,estimated
City of Cabuyao,Mamatid,2023,Dry,3.5,14.98,4.28,estimated
City of Cabuyao,Marinig,2023,Dry,31.5,149.94,4.76,estimated
City of Cabuyao,Niugan,2023,Dry,27.6,126.68,4.59,estimated
City of Cabuyao,Pulo,2023,Dry,10.5,46.62,4.44,estimated
City of Cabuyao,Sala,2023,Dry,7.1,31.17,4.39,estimated
City of Cabuyao,San Isidro,2023,Dry,25.8,118.42,4.59,estimated
