municipality,barangay,year,season,seq_step,month,rain,temp,humid,ndvi,evi,ndwi,vv,vh,yield_mt_ha
City of Cabuyao,Baclaran,2022,Dry,1,1,33.1,26.27,72.7,,,,-6.879112903763665,-13.00159433201255,5.0
City of Cabuyao,Baclaran,2022,Dry,2,2,21.8,26.62,75.0,0.5223050378143392,0.38125146014372624,-0.49384521828926625,-7.092519568401131,-12.483739370137117,5.0
City of Cabuyao,Baclaran,2022,Dry,3,3,24.7,28.11,72.79,0.4833700609985775,0.35731648429418167,-0.48365379041590395,-7.162744113787494,-12.61025628729347,5.0
City of Cabuyao,Baclaran,2022,Dry,4,4,59.5,27.98,74.36,0.4204922972716085,0.35470313386080304,-0.4151420398413672,-6.848624091454389,-12.118863345060518,5.0
City of Cabuyao,Baclaran,2022,Dry,5,5,215.1,28.39,78.56,0.4634535244432434,0.35085097688806305,-0.4588121214316157,-6.38151869555642,-11.820271562324475,5.0
City of Cabuyao,Baclaran,2022,Dry,6,6,265.8,28.02,81.84,,,,-6.188693844845411,-12.060163133177983,5.0
City of Cabuyao,Banaybanay,2022,Dry,1,1,42.6,25.66,77.71,,,,-6.898956276778087,-12.438207480904637,5.22
City of Cabuyao,Banaybanay,2022,Dry,2,2,41.4,26.23,78.63,0.4126412325955298,0.28023960859625574,-0.41146151769423805,-7.005405087691048,-12.414730572142023,5.22
City of Cabuyao,Banaybanay,2022,Dry,3,3,63.6,27.79,75.78,0.39342242636244906,0.2772636701325227,-0.41279114455628313,-7.16714383542496,-12.5196607355124,5.22
City of Cabuyao,Banaybanay,2022,Dry,4,4,122.2,27.56,77.73,0.3873264636341672,0.30834593434958885,-0.38057921511989534,-6.521163170166206,-12.10258874609102,5.22
City of Cabuyao,Banaybanay,2022,Dry,5,5,238.6,28.19,80.08,0.45338301743981907,0.33469745968973136,-0.4331880241370472,-6.249924953586062,-11.999241640456058,5.22
City of Cabuyao,Banaybanay,2022,Dry,6,6,315.0,27.53,84.64,,,,-5.844022975689474,-11.636193561453515,5.22
City of Cabuyao,Bigaa,2022,Dry,1,1,33.1,25.92,72.65,0.1058965508034453,0.12869073698529976,-0.035671035118866705,-6.658089838491857,-12.724622657203305,5.0
City of Cabuyao,Bigaa,2022,Dry,2,2,21.8,26.26,74.93,0.5262236206325624,0.39064313852534355,-0.4920765117552456,-6.712043055888602,-12.64289072894619,5.0
City of Cabuyao,Bigaa,2022,Dry,3,3,24.7,27.74,72.74,0.5177379146774572,0.3819772923425021,-0.5025003052117841,-6.8648101747346875,-12.643082343725855,5.0
City of Cabuyao,Bigaa,2022,Dry,4,4,59.5,27.63,74.3,0.500044384589512,0.4406912824601454,-0.4581246918257879,-6.591234681333015,-12.536101196050776,5.0
City of Cabuyao,Bigaa,2022,Dry,5,5,215.1,28.03,78.5,0.5646644401204711,0.43362745154401794,-0.512254274428797,-5.854854148885341,-12.02341557664343,5.0
City of Cabuyao,Bigaa,2022,Dry,6,6,265.8,27.65,81.8,,,,-5.876483217290346,-12.008014232623864,5.0
City of Cabuyao,Butong,2022,Dry,1,1,33.1,25.92,72.65,0.09552154255382707,0.10568935620082553,-0.0681327239446563,-6.577824185954687,-12.05993558382732,5.29
City of Cabuyao,Butong,2022,Dry,2,2,21.8,26.26,74.93,0.48685174857527236,0.3712792509509857,-0.4672799931577437,-6.539131520662153,-11.728309775601554,5.29
City of Cabuyao,Butong,2022,Dry,3,3,24.7,27.74,72.74,0.4670598558939483,0.3532010771505778,-0.4742510869444455,-6.784133209001937,-12.03546038931922,5.29
City of Cabuyao,Butong,2022,Dry,4,4,59.5,27.63,74.3,0.47483728261027136,0.4106099802716791,-0.44869579484271077,-6.65537081770313,-11.761928354101292,5.29
City of Cabuyao,Butong,2022,Dry,5,5,215.1,28.03,78.5,0.5051868660443002,0.38252914856041825,-0.4826761462048984,-5.943532018686092,-11.190828419324223,5.29
City of Cabuyao,Butong,2022,Dry,6,6,265.8,27.65,81.8,,,,-5.974800280708637,-11.404206830828496,5.29
City of Cabuyao,Gulod,2022,Dry,1,1,33.1,26.29,72.7,,,,-7.3476711086567805,-13.215258918866622,4.96
City of Cabuyao,Gulod,2022,Dry,2,2,21.8,26.62,75.0,0.5045907898698672,0.39653486634484075,-0.47238930665754086,-7.671517541582731,-13.11205178158398,4.96
City of Cabuyao,Gulod,2022,Dry,3,3,24.7,28.11,72.79,0.45923651575220903,0.3588533347028983,-0.4635882471842984,-7.987483110586728,-13.421572849756815,4.96
City of Cabuyao,Gulod,2022,Dry,4,4,59.5,27.98,74.36,0.4608224974714505,0.39327663468272755,-0.42961817157718374,-7.48807551194199,-13.025622354111318,4.96
City of Cabuyao,Gulod,2022,Dry,5,5,215.1,28.4,78.56,0.46190871162241104,0.3335238356399535,-0.4365946882489042,-6.9195909048028,-12.760038916327531,4.96
City of Cabuyao,Gulod,2022,Dry,6,6,265.8,28.03,81.84,,,,-7.250318485716809,-13.518626925661964,4.96
City of Cabuyao,Mamatid,2022,Dry,1,1,42.6,25.73,77.72,,,,-5.89526935265301,-11.052635493005972,4.69
City of Cabuyao,Mamatid,2022,Dry,2,2,41.4,26.3,78.64,0.38617029504011485,0.2750532118542659,-0.417019564801694,-5.8699066622782405,-10.939633633459781,4.69
City of Cabuyao,Mamatid,2022,Dry,3,3,63.6,27.86,75.79,0.3655989185476317,0.2605403152974873,-0.4115179311804939,-5.987473156744326,-11.029748234716184,4.69
City of Cabuyao,Mamatid,2022,Dry,4,4,122.2,27.63,77.75,0.3777416058563754,0.30915932893112485,-0.39515365807205033,-5.422398903766133,-10.617185838873601,4.69
City of Cabuyao,Mamatid,2022,Dry,5,5,238.6,28.26,80.09,0.41040198795912763,0.31409273734818177,-0.4286392577051741,-5.163314774158341,-10.631271213497422,4.69
City of Cabuyao,Mamatid,2022,Dry,6,6,315.0,27.59,84.65,,,,-4.920466117330725,-10.364407319694347,4.69
City of Cabuyao,Marinig,2022,Dry,1,1,33.1,25.92,72.65,,,,-6.737651263547094,-12.063993890491771,5.17
City of Cabuyao,Marinig,2022,Dry,2,2,21.8,26.26,74.93,0.463548227590865,0.34673451196523863,-0.4444370131143107,-6.9978356936020685,-12.0269405359282,5.17
City of Cabuyao,Marinig,2022,Dry,3,3,24.7,27.74,72.74,0.4367274486598693,0.3304885863627838,-0.4514812762383474,-7.233186350002894,-12.19462627031406,5.17
City of Cabuyao,Marinig,2022,Dry,4,4,59.5,27.63,74.3,0.4211927642479584,0.3533648939915166,-0.41084933575469335,-6.849345273419047,-11.78437540376099,5.17
City of Cabuyao,Marinig,2022,Dry,5,5,215.1,28.03,78.5,0.45182091173446703,0.32189763644398717,-0.437490238348863,-6.254720517820746,-11.268445815354731,5.17
City of Cabuyao,Marinig,2022,Dry,6,6,265.8,27.65,81.8,,,,-6.552009515501025,-12.092597092871452,5.17
City of Cabuyao,Niugan,2022,Dry,1,1,33.1,26.22,72.69,,,,-7.003475341977013,-13.139784399849844,5.0
City of Cabuyao,Niugan,2022,Dry,2,2,21.8,26.56,74.99,0.4708421941771114,0.31132559197888093,-0.4233294842694586,-7.1698161328516035,-13.04133872329751,5.0
City of Cabuyao,Niugan,2022,Dry,3,3,24.7,28.05,72.78,0.44740918974520727,0.3021757962506728,-0.4298059927016308,-7.748204874812575,-13.507344593481102,5.0
City of Cabuyao,Niugan,2022,Dry,4,4,59.5,27.93,74.35,0.3893197121783343,0.3088999471087101,-0.3706942231351599,-7.254276187052724,-12.80799371716672,5.0
City of Cabuyao,Niugan,2022,Dry,5,5,215.1,28.33,78.55,0.4414895178838725,0.30144159493665407,-0.4097203487202683,-6.750303611932768,-12.674790631665656,5.0
City of Cabuyao,Niugan,2022,Dry,6,6,265.8,27.96,81.83,,,,-6.883308463019109,-12.92358234217248,5.0
City of Cabuyao,Pulo,2022,Dry,1,1,42.6,24.98,77.6,,,,-6.46386765313995,-11.797481145064253,4.85
City of Cabuyao,Pulo,2022,Dry,2,2,41.4,25.54,78.53,0.31882878050780444,0.22007100184998016,-0.33167179906898425,-6.432888646660726,-11.764641514625652,4.85
City of Cabuyao,Pulo,2022,Dry,3,3,63.6,27.11,75.68,0.2994432025282795,0.24086463473250774,-0.32967982503555554,-6.607865205535276,-11.839208711379847,4.85
City of Cabuyao,Pulo,2022,Dry,4,4,122.2,26.88,77.67,0.3091296321013465,0.2649549862462635,-0.3112065207573763,-5.841470068841624,-11.392403500827283,4.85
City of Cabuyao,Pulo,2022,Dry,5,5,238.6,27.51,80.01,0.36897420887691734,0.29189515994408954,-0.36099685344367904,-5.674092708609672,-11.322647542321995,4.85
City of Cabuyao,Pulo,2022,Dry,6,6,315.0,26.86,84.55,,,,-5.334503407933751,-11.066401307834475,4.85
City of Cabuyao,Sala,2022,Dry,1,1,33.1,26.21,72.69,,,,-7.009461852554071,-12.674166379000578,4.8
City of Cabuyao,Sala,2022,Dry,2,2,21.8,26.55,74.99,0.42293413043070366,0.2757199182414779,-0.39609059468532953,-7.050941768412583,-12.608365488821939,4.8
City of Cabuyao,Sala,2022,Dry,3,3,24.7,28.04,72.78,0.4137991224138873,0.1122880030420717,-0.4049305963783132,-7.125042378595657,-12.759863166592575,4.8
City of Cabuyao,Sala,2022,Dry,4,4,59.5,27.93,74.34,0.3859440837912344,0.07403563845874744,-0.35433958854034764,-6.877129519119618,-12.537478420491249,4.8
City of Cabuyao,Sala,2022,Dry,5,5,215.1,28.32,78.55,0.46738018782487667,0.3512599970637462,-0.4219782286553093,-6.265384317513195,-12.209325967411774,4.8
City of Cabuyao,Sala,2022,Dry,6,6,265.8,27.95,81.83,,,,-6.114679365672,-12.048696451148516,4.8
City of Cabuyao,San Isidro,2022,Dry,1,1,42.6,25.68,77.71,,,,-6.4445651287174535,-12.161146588451388,5.0
City of Cabuyao,San Isidro,2022,Dry,2,2,41.4,26.24,78.63,0.5058687046267992,0.382596874426538,-0.47851265502138624,-6.562125988499456,-12.038194425713975,5.0
City of Cabuyao,San Isidro,2022,Dry,3,3,63.6,27.81,75.79,0.46460701853276404,0.33988321737630145,-0.4701846359171788,-6.747789723088561,-12.1196582892454,5.0
City of Cabuyao,San Isidro,2022,Dry,4,4,122.2,27.58,77.74,0.44321058127208585,0.36480329348987456,-0.4224567566793932,-6.004792299868089,-11.626064367740344,5.0
City of Cabuyao,San Isidro,2022,Dry,5,5,238.6,28.21,80.08,0.49646753737050014,0.36475946582677843,-0.47163305973501607,-5.785177416190331,-11.662084399950045,5.0
City of Cabuyao,San Isidro,2022,Dry,6,6,315.0,27.56,84.64,,,,-5.704422297327406,-11.834404694214438,5.0
City of Cabuyao,Baclaran,2022,Wet,1,7,299.2,27.4,86.6,,,,-6.327577565382667,-12.505821087129425,4.21
City of Cabuyao,Baclaran,2022,Wet,2,8,369.6,26.93,87.34,0.6057969780056564,0.475489843135373,-0.5168334833371919,-6.714230136173672,-12.170188914150987,4.21
City of Cabuyao,Baclaran,2022,Wet,3,9,274.8,27.0,86.04,,,,-6.376943888154903,-11.643899564441321,4.21
City of Cabuyao,Baclaran,2022,Wet,4,10,438.8,27.38,83.52,0.3755324695747896,0.34352017853592254,-0.34838860785293446,-6.061382892908832,-11.293286683680241,4.21
City of Cabuyao,Baclaran,2022,Wet,5,11,77.0,27.18,83.41,,,,-5.681877666187402,-11.116326339349454,4.21
City of Cabuyao,Baclaran,2022,Wet,6,12,120.2,26.11,81.56,0.5515658054953545,0.4241344864748062,-0.49665527203924936,-6.654780932670758,-11.99386939629963,4.21
City of Cabuyao,Banaybanay,2022,Wet,1,7,366.4,27.03,88.47,0.47863164963007776,0.34186338275564027,-0.4608520765436358,-5.868337710848476,-11.517047504800486,4.43
City of Cabuyao,Banaybanay,2022,Wet,2,8,439.8,26.55,89.01,0.43564719001559327,0.34211454962308624,-0.4035258281188406,-6.280677218273629,-11.824892588014341,4.43
City of Cabuyao,Banaybanay,2022,Wet,3,9,332.9,26.73,87.71,0.41385474465719807,0.40380594819216253,-0.3621427745519449,-5.920698868323284,-11.38887776078492,4.43
City of Cabuyao,Banaybanay,2022,Wet,4,10,459.5,26.78,87.26,0.5870442923158411,0.5944282214390115,-0.5054092632140967,-5.479507592148195,-11.031441283082629,4.43
City of Cabuyao,Banaybanay,2022,Wet,5,11,94.1,26.58,87.26,0.3052634747143379,0.2398085266090276,-0.25151408454379964,-5.2338855749281645,-10.951539520915913,4.43
City of Cabuyao,Banaybanay,2022,Wet,6,12,122.2,25.54,85.46,0.4554244600393731,0.32239608483911075,-0.4426856815981628,-6.458888501440419,-11.986634142011942,4.43
City of Cabuyao,Bigaa,2022,Wet,1,7,299.2,27.04,86.57,0.5465012483595433,0.39933700866598126,-0.5066675747468229,-5.85605456258981,-11.819658946251554,4.21
City of Cabuyao,Bigaa,2022,Wet,2,8,369.6,26.56,87.31,0.5380366311451877,0.39873694276212823,-0.4759844808036785,-6.383452459434411,-12.42748351737427,4.21
City of Cabuyao,Bigaa,2022,Wet,3,9,274.8,26.65,86.0,0.5832256758301838,0.4934718902846507,-0.5131455871688452,-6.067573456111001,-11.994462787996342,4.21
City of Cabuyao,Bigaa,2022,Wet,4,10,438.8,27.01,83.49,,,,-5.557564215080096,-11.446142443058907,4.21
City of Cabuyao,Bigaa,2022,Wet,5,11,77.0,26.83,83.37,0.2435698405058227,0.20030147104782778,-0.21017940663215198,-5.381190740146382,-11.413130107191476,4.21
City of Cabuyao,Bigaa,2022,Wet,6,12,120.2,25.75,81.53,0.5239363501762094,0.37133513202535157,-0.4869032159110925,-6.49744039006394,-12.50214917841929,4.21
City of Cabuyao,Butong,2022,Wet,1,7,299.2,27.04,86.57,0.5142977259283839,0.39019949778169466,-0.4863560099538725,-5.5556784247863025,-10.805110705950028,4.5
City of Cabuyao,Butong,2022,Wet,2,8,369.6,26.56,87.31,0.4364636573878917,0.32269092423249146,-0.4043703659144071,-6.9007293620397405,-12.211407691936731,4.5
City of Cabuyao,Butong,2022,Wet,3,9,274.8,26.65,86.0,0.4678937589230863,0.41283938876977316,-0.4411934158902692,-6.3069003723580535,-11.763101943170636,4.5
City of Cabuyao,Butong,2022,Wet,4,10,438.8,27.01,83.49,,,,-5.585225052282196,-11.069111028045352,4.5
City of Cabuyao,Butong,2022,Wet,5,11,77.0,26.83,83.37,0.27428093117972213,0.1748416219368607,-0.2153044474747269,-5.551885115359855,-11.198008001228137,4.5
City of Cabuyao,Butong,2022,Wet,6,12,120.2,25.75,81.53,0.4341778256911535,0.3071972780067719,-0.4375990461875186,-6.390392636011414,-11.904121816241204,4.5
City of Cabuyao,Gulod,2022,Wet,1,7,299.2,27.41,86.6,,,,-7.204992864794396,-13.42695762498378,4.18
City of Cabuyao,Gulod,2022,Wet,2,8,369.6,26.94,87.34,0.3590270472052647,0.33110898816602946,-0.31224766188257747,-7.726940938691676,-13.246846643500293,4.18
City of Cabuyao,Gulod,2022,Wet,3,9,274.8,27.01,86.04,,,,-7.135853085154707,-12.445519828761157,4.18
City of Cabuyao,Gulod,2022,Wet,4,10,438.8,27.4,83.52,0.42643816021775965,0.38364397268520783,-0.3907711730010309,-6.579973473777058,-12.270391761249629,4.18
City of Cabuyao,Gulod,2022,Wet,5,11,77.0,27.19,83.41,0.3272792284854643,0.2707652873518863,-0.27228189372250083,-6.302243706877826,-11.93919386031594,4.18
City of Cabuyao,Gulod,2022,Wet,6,12,120.2,26.12,81.56,0.5156967351461241,0.39757272076561556,-0.4659284677080723,-7.043736325301345,-12.833915356862194,4.18
City of Cabuyao,Mamatid,2022,Wet,1,7,366.4,27.1,88.48,0.40682235097360275,0.288227037169883,-0.4285033422052281,-4.800495827309828,-10.220407246160574,3.9
City of Cabuyao,Mamatid,2022,Wet,2,8,439.8,26.63,89.02,0.38853726301642527,0.31231707568543243,-0.3899519926804214,-5.3153221023025985,-10.563999294022286,3.9
City of Cabuyao,Mamatid,2022,Wet,3,9,332.9,26.8,87.72,,,,-4.872795106609152,-10.13945195925826,3.9
City of Cabuyao,Mamatid,2022,Wet,4,10,459.5,26.85,87.27,0.2925421581295835,0.24705652211049461,-0.34403837314022484,-4.8374301123925,-10.033110067756946,3.9
City of Cabuyao,Mamatid,2022,Wet,5,11,94.1,26.64,87.26,,,,-4.4873119453772965,-9.971209149011939,3.9
City of Cabuyao,Mamatid,2022,Wet,6,12,122.2,25.6,85.46,0.40154545141706477,0.2818906595016636,-0.4257764692343407,-5.802746813045476,-10.759827211711874,3.9
City of Cabuyao,Marinig,2022,Wet,1,7,299.2,27.04,86.57,0.49846191111140314,0.32885909938128216,-0.45732927237403215,-6.338517064790224,-11.838285668366584,4.38
City of Cabuyao,Marinig,2022,Wet,2,8,369.6,26.56,87.31,0.4906866361625591,0.35327756476907757,-0.43822625576703494,-6.969619197999639,-11.99005303879027,4.38
City of Cabuyao,Marinig,2022,Wet,3,9,274.8,26.65,86.0,0.5081126434318342,0.4415951842117087,-0.46875032125990734,-6.7447506184659565,-11.531293098589508,4.38
City of Cabuyao,Marinig,2022,Wet,4,10,438.8,27.01,83.49,0.2860934070723254,0.25089813356559404,-0.24975794378702557,-5.90947476124541,-10.927529263653602,4.38
City of Cabuyao,Marinig,2022,Wet,5,11,77.0,26.83,83.37,0.26885995271592283,0.22227268818347634,-0.25018712464207143,-5.835758545826965,-11.061104077027878,4.38
City of Cabuyao,Marinig,2022,Wet,6,12,120.2,25.75,81.53,0.46053374757422877,0.3514181326356179,-0.4328282374842265,-6.59890061199271,-12.128782651392871,4.38
City of Cabuyao,Niugan,2022,Wet,1,7,299.2,27.35,86.59,0.5249582286406584,0.35665497899920984,-0.4787653086704736,-6.727325045433122,-12.607799426129873,4.22
City of Cabuyao,Niugan,2022,Wet,2,8,369.6,26.87,87.33,0.4969905592694779,0.38481802506104673,-0.44456494701826865,-7.2347799573189215,-12.690618976352555,4.22
City of Cabuyao,Niugan,2022,Wet,3,9,274.8,26.95,86.03,0.401434966289691,0.3602938989965212,-0.3491225932212433,-6.77725857608137,-12.164871411744176,4.22
City of Cabuyao,Niugan,2022,Wet,4,10,438.8,27.32,83.52,0.4852204298616474,0.46704549361497943,-0.41697477377378006,-5.963898511749531,-11.561140957199793,4.22
City of Cabuyao,Niugan,2022,Wet,5,11,77.0,27.13,83.4,0.09831639529981963,0.08986728079772242,-0.07626572012280426,-5.662816693194818,-11.481306268471876,4.22
City of Cabuyao,Niugan,2022,Wet,6,12,120.2,26.05,81.55,0.5056113938087972,0.36337941195070467,-0.4635735610881021,-6.755463514861373,-12.430825321995382,4.22
City of Cabuyao,Pulo,2022,Wet,1,7,366.4,26.34,88.42,0.38711609861815927,0.11264251902810625,-0.3773207432172376,-5.380298432640485,-11.08286883943834,4.06
City of Cabuyao,Pulo,2022,Wet,2,8,439.8,25.88,88.97,0.3824298311450824,0.32280445012475667,-0.363975788584135,-5.713070432405476,-11.191400264977844,4.06
City of Cabuyao,Pulo,2022,Wet,3,9,332.9,26.05,87.63,0.5081635216226826,0.5049052889664449,-0.4217667121972355,-5.359582648743125,-10.786059310946499,4.06
City of Cabuyao,Pulo,2022,Wet,4,10,459.5,26.11,87.21,0.40698736648799205,0.4167763101726328,-0.3697969964851428,-5.080693101757574,-10.544048772661192,4.06
City of Cabuyao,Pulo,2022,Wet,5,11,94.1,25.9,87.19,0.3857139951803466,0.3022763837467539,-0.31360077925703744,-4.8132031647782,-10.465581055868068,4.06
City of Cabuyao,Pulo,2022,Wet,6,12,122.2,24.85,85.38,0.40054616173305696,0.2863545737325103,-0.39627656584521326,-6.142041388038987,-11.269227011779922,4.06
City of Cabuyao,Sala,2022,Wet,1,7,299.2,27.33,86.59,0.5000650581573122,0.17040091648274164,-0.45186780350507355,-6.023235947892975,-11.900101443625639,4.02
City of Cabuyao,Sala,2022,Wet,2,8,369.6,26.86,87.33,0.45494676485780255,0.33699999449435,-0.4000656059277716,-6.593953726749268,-12.280903759708563,4.02
City of Cabuyao,Sala,2022,Wet,3,9,274.8,26.94,86.03,0.4542569770360398,0.3067283853602446,-0.3975982338988219,-6.123820352481776,-11.774848872826462,4.02
City of Cabuyao,Sala,2022,Wet,4,10,438.8,27.31,83.51,0.3707556247711182,0.4076441367467244,-0.3389851033687591,-5.827011453209002,-11.516977949746677,4.02
City of Cabuyao,Sala,2022,Wet,5,11,77.0,27.13,83.4,0.19597407339856174,0.1841372839081709,-0.14715537012912802,-5.5241434774815525,-11.579067802580912,4.02
City of Cabuyao,Sala,2022,Wet,6,12,120.2,26.04,81.55,0.4866051151160873,0.5049004946794432,-0.4401774080485394,-6.728602199281294,-12.377702691069354,4.02
City of Cabuyao,San Isidro,2022,Wet,1,7,366.4,27.05,88.48,0.488637514832662,0.3608787880401183,-0.47953732178998265,-5.683446819783856,-11.648574158819956,4.21
City of Cabuyao,San Isidro,2022,Wet,2,8,439.8,26.58,89.01,0.49372716768002006,0.3907323378625205,-0.455452469541217,-6.223271241921743,-11.770006197626461,4.21
City of Cabuyao,San Isidro,2022,Wet,3,9,332.9,26.75,87.71,,,,-5.806561277516892,-11.30549868604411,4.21
City of Cabuyao,San Isidro,2022,Wet,4,10,459.5,26.81,87.26,0.5470709558772304,0.5055794129352019,-0.4895301179024676,-5.280243374703276,-10.877015621959252,4.21
City of Cabuyao,San Isidro,2022,Wet,5,11,94.1,26.6,87.26,0.37346510830882057,0.337319501645445,-0.2983825166756425,-5.179225016286262,-10.957516276779462,4.21
City of Cabuyao,San Isidro,2022,Wet,6,12,122.2,25.55,85.46,0.5099469790033184,0.37615365965016023,-0.48105653455899683,-6.290239608084623,-12.012720034717358,4.21
City of Cabuyao,Baclaran,2023,Dry,1,1,106.7,25.5,80.34,0.49093121447999694,0.3289907457153654,-0.4681604625770469,-6.7763160618024205,-12.594661556628655,4.59
City of Cabuyao,Baclaran,2023,Dry,2,2,72.6,26.29,74.72,,,,-6.615789031041193,-12.415463522572784,4.59
City of Cabuyao,Baclaran,2023,Dry,3,3,7.5,27.04,68.68,0.45942649513380246,0.35833153615029845,-0.450198667221047,-7.112550072118106,-12.380579817427707,4.59
City of Cabuyao,Baclaran,2023,Dry,4,4,130.6,28.1,75.07,0.47509983718456783,0.3932615346369167,-0.4549954041312829,-7.220828701809617,-12.451725028317112,4.59
City of Cabuyao,Baclaran,2023,Dry,5,5,118.9,28.91,76.85,0.4299455514157034,0.3817478418199766,-0.3995062980604975,-6.854794541047758,-12.194835174980733,4.59
City of Cabuyao,Baclaran,2023,Dry,6,6,222.7,28.25,80.86,0.489230011881791,0.3602926236181989,-0.4755372284671696,-6.2671850661986666,-11.75605134871569,4.59
City of Cabuyao,Banaybanay,2023,Dry,1,1,102.1,24.96,84.02,0.4821422194285633,0.31532274808380556,-0.46249176874794234,-6.7723462922384,-12.098149109602199,4.81
City of Cabuyao,Banaybanay,2023,Dry,2,2,62.5,25.72,78.48,,,,-6.764761879357417,-12.129695775091346,4.81
City of Cabuyao,Banaybanay,2023,Dry,3,3,20.4,26.6,72.54,0.3509579268155116,0.2564567653968067,-0.3705988245009249,-7.052658218321587,-12.461076980117603,4.81
City of Cabuyao,Banaybanay,2023,Dry,4,4,152.3,27.75,77.58,0.3855246409987375,0.2894586806029112,-0.3926877080477617,-6.8946935722399045,-12.479293071083655,4.81
City of Cabuyao,Banaybanay,2023,Dry,5,5,145.2,28.46,80.23,0.3375290962466629,0.3250545513924418,-0.3222017490685287,-6.777756743365005,-12.350836325060799,4.81
City of Cabuyao,Banaybanay,2023,Dry,6,6,249.6,27.76,84.31,0.4646904694742117,0.36514173271630507,-0.4467485857601723,-6.5366371456360834,-12.184067636494769,4.81
City of Cabuyao,Bigaa,2023,Dry,1,1,106.7,25.15,80.29,0.5738662695509147,0.39263093222808093,-0.5261825263399168,-6.662103746131182,-12.84073838311478,4.59
City of Cabuyao,Bigaa,2023,Dry,2,2,72.6,25.93,74.66,,,,-6.578088002224482,-12.606683457111027,4.59
City of Cabuyao,Bigaa,2023,Dry,3,3,7.5,26.7,68.63,0.4522066584066211,0.35380873180008565,-0.44386312588126525,-7.044801700412796,-12.856684995620123,4.59
City of Cabuyao,Bigaa,2023,Dry,4,4,130.6,27.74,75.01,0.4812573120765178,0.375782409392769,-0.46025338643019303,-6.7494734251783175,-12.808322965113138,4.59
City of Cabuyao,Bigaa,2023,Dry,5,5,118.9,28.55,76.79,0.42262147422410046,0.38001340727995997,-0.3861083682432991,-6.722463936368915,-12.957728624976852,4.59
City of Cabuyao,Bigaa,2023,Dry,6,6,222.7,27.89,80.82,0.5939427551328083,0.43677784299060046,-0.5459966154147234,-5.9136706372217995,-12.247457594687658,4.59
City of Cabuyao,Butong,2023,Dry,1,1,106.7,25.15,80.29,0.4265863837687394,0.2989520694849124,-0.43019592262978207,-6.70058038065106,-12.081574305299343,4.88
City of Cabuyao,Butong,2023,Dry,2,2,72.6,25.93,74.66,,,,-6.484764580001239,-12.008408705936484,4.88
City of Cabuyao,Butong,2023,Dry,3,3,7.5,26.7,68.63,0.4186388662371792,0.3331977632290691,-0.42400613116300645,-6.922097332765222,-12.14915523722067,4.88
City of Cabuyao,Butong,2023,Dry,4,4,130.6,27.74,75.01,0.44147763727546346,0.3548847743195594,-0.435217915636737,-6.735982016025748,-12.069063697140166,4.88
City of Cabuyao,Butong,2023,Dry,5,5,118.9,28.55,76.79,0.41218172655788965,0.3704671266654677,-0.39294143338705906,-6.615005703963701,-12.236251011915764,4.88
City of Cabuyao,Butong,2023,Dry,6,6,222.7,27.89,80.82,0.47335998167988436,0.3473602683201279,-0.48003715216207304,-6.208899997581463,-11.6932850581439,4.88
City of Cabuyao,Gulod,2023,Dry,1,1,106.7,25.52,80.34,0.5460794476367985,0.3809676071866238,-0.48402626055545084,-7.366438045780378,-13.024511293139014,4.55
City of Cabuyao,Gulod,2023,Dry,2,2,72.6,26.29,74.72,,,,-7.471817948040467,-12.95364707367827,4.55
City of Cabuyao,Gulod,2023,Dry,3,3,7.5,27.04,68.68,0.4603259205385226,0.3812887077786336,-0.4472710039760611,-7.777031332523494,-13.182220560223318,4.55
City of Cabuyao,Gulod,2023,Dry,4,4,130.6,28.1,75.08,0.4584263212753358,0.378567026019677,-0.43661847843659607,-7.600433125019425,-13.080748106591617,4.55
City of Cabuyao,Gulod,2023,Dry,5,5,118.9,28.92,76.85,0.40996366483361696,0.37260620705286807,-0.3748344985190503,-7.615982562880539,-13.158270595407945,4.55
City of Cabuyao,Gulod,2023,Dry,6,6,222.7,28.26,80.86,0.49772072258685035,0.35330048939694436,-0.4643660919156632,-7.553618047379225,-13.264591988903856,4.55
City of Cabuyao,Mamatid,2023,Dry,1,1,102.1,25.03,84.02,0.42343933114977583,0.280423679214407,-0.44852617950392165,-5.857683062164613,-10.918005735496674,4.28
City of Cabuyao,Mamatid,2023,Dry,2,2,62.5,25.79,78.49,,,,-5.652602460681258,-10.71582192283556,4.28
City of Cabuyao,Mamatid,2023,Dry,3,3,20.4,26.65,72.54,0.3190534625551758,0.24116310925261883,-0.36158995691293544,-6.028322234918142,-11.007472546141654,4.28
City of Cabuyao,Mamatid,2023,Dry,4,4,152.3,27.82,77.58,0.3468332245211754,0.271382350213323,-0.38098334019587937,-5.766054221327648,-10.965910011675327,4.28
City of Cabuyao,Mamatid,2023,Dry,5,5,145.2,28.54,80.24,0.3729411013042638,0.31306634389929794,-0.37742993231152844,-5.604842352575574,-10.898218250303714,4.28
City of Cabuyao,Mamatid,2023,Dry,6,6,249.6,27.83,84.31,0.4062819635322202,0.31485139769796766,-0.4297283770909325,-5.52963981270237,-10.745102848988603,4.28
City of Cabuyao,Marinig,2023,Dry,1,1,106.7,25.15,80.29,0.4477815414931073,0.29460501522513854,-0.4304498667992696,-6.962848556456523,-12.277221966364813,4.76
City of Cabuyao,Marinig,2023,Dry,2,2,72.6,25.93,74.66,,,,-6.792810347712203,-11.871074566434041,4.76
City of Cabuyao,Marinig,2023,Dry,3,3,7.5,26.7,68.63,0.41123040113287096,0.323249774170283,-0.413700920264604,-7.139250174781745,-12.11825225037963,4.76
City of Cabuyao,Marinig,2023,Dry,4,4,130.6,27.74,75.01,0.4051312962963559,0.31847677466436164,-0.40866137858474055,-7.099688950256925,-12.055870802930508,4.76
City of Cabuyao,Marinig,2023,Dry,5,5,118.9,28.55,76.79,0.4006542183477687,0.3488207474980179,-0.38172000280386514,-6.884278048691876,-11.963814488457645,4.76
City of Cabuyao,Marinig,2023,Dry,6,6,222.7,27.89,80.82,0.4758031937540291,0.32737075751209155,-0.46867707940812736,-6.6836246900700385,-11.883186132293991,4.76
City of Cabuyao,Niugan,2023,Dry,1,1,106.7,25.45,80.33,0.5023279219006542,0.3401202854628891,-0.4654109666524557,-7.130681364803111,-13.000997534164837,4.59
City of Cabuyao,Niugan,2023,Dry,2,2,72.6,26.23,74.71,,,,-6.756010037379669,-12.54403658276172,4.59
City of Cabuyao,Niugan,2023,Dry,3,3,7.5,27.0,68.66,0.3663658428521221,0.2644130969778378,-0.36797231457535434,-7.541721101113953,-13.442582986808349,4.59
City of Cabuyao,Niugan,2023,Dry,4,4,130.6,28.04,75.06,0.4311051418170888,0.3206596602518485,-0.4055431883200316,-7.402848844005902,-13.35553622777262,4.59
City of Cabuyao,Niugan,2023,Dry,5,5,118.9,28.85,76.84,0.4906204223838379,0.44744374354012756,-0.41352675497763325,-7.54539519778941,-13.462789435312292,4.59
City of Cabuyao,Niugan,2023,Dry,6,6,222.7,28.2,80.85,0.5153647643542045,0.36264982472000196,-0.4630531749219951,-7.197493714424004,-12.977593834958363,4.59
City of Cabuyao,Pulo,2023,Dry,1,1,102.1,24.28,83.93,0.4007138965651692,0.28312332686120706,-0.3937545193534308,-6.2997745772515135,-11.387204189916195,4.44
City of Cabuyao,Pulo,2023,Dry,2,2,62.5,25.05,78.39,,,,-6.119648132554864,-11.251926819485844,4.44
City of Cabuyao,Pulo,2023,Dry,3,3,20.4,25.93,72.44,0.29606186401142526,0.2450434471460997,-0.31352609142103416,-6.41585802405278,-11.497058379636597,4.44
City of Cabuyao,Pulo,2023,Dry,4,4,152.3,27.07,77.46,0.32273288477221723,0.2601777281094077,-0.33837668179055996,-6.259833674429384,-11.551451322275227,4.44
City of Cabuyao,Pulo,2023,Dry,5,5,145.2,27.77,80.15,0.3678312361058861,0.32650613916845,-0.35684867544285187,-6.242597779891434,-11.445127151590247,4.44
City of Cabuyao,Pulo,2023,Dry,6,6,249.6,27.08,84.24,0.4298459158041127,0.36177142732721534,-0.4191313157910038,-5.878989612346613,-11.29453194192841,4.44
City of Cabuyao,Sala,2023,Dry,1,1,106.7,25.45,80.33,0.4992365076568669,0.33102076976032535,-0.4499070993117646,-6.909830830625641,-12.473916123756633,4.39
City of Cabuyao,Sala,2023,Dry,2,2,72.6,26.22,74.7,,,,-6.744310496693824,-12.38287905566444,4.39
City of Cabuyao,Sala,2023,Dry,3,3,7.5,26.98,68.66,0.36469261745744536,0.25267387275376646,-0.3627721775060341,-7.0941457275976765,-12.628084983302115,4.39
City of Cabuyao,Sala,2023,Dry,4,4,130.6,28.03,75.06,0.4038510578849247,0.3057885046750353,-0.3831229462134165,-6.866602468361221,-12.564295710775303,4.39
City of Cabuyao,Sala,2023,Dry,5,5,118.9,28.85,76.84,0.38821649508478256,0.3592964020184632,-0.3249812384848848,-6.695071761681772,-12.342195636073713,4.39
City of Cabuyao,Sala,2023,Dry,6,6,222.7,28.18,80.85,0.49516998784698163,0.37505557741456724,-0.44703131159520676,-6.4875089405414315,-12.188845891262222,4.39
City of Cabuyao,San Isidro,2023,Dry,1,1,102.1,24.98,84.02,0.5332043795771967,0.35922572693762067,-0.5005120677705861,-6.430560892304651,-12.115331733748679,4.59
City of Cabuyao,San Isidro,2023,Dry,2,2,62.5,25.75,78.49,,,,-6.234233505890386,-11.886627535487232,4.59
City of Cabuyao,San Isidro,2023,Dry,3,3,20.4,26.63,72.54,0.48358941446780285,0.38359671118318533,-0.4619948373319672,-6.650193528152697,-12.062433964413277,4.59
City of Cabuyao,San Isidro,2023,Dry,4,4,152.3,27.77,77.58,0.4472228149513759,0.35293727424673627,-0.44349632718232984,-6.511966220184058,-12.02774371346102,4.59
City of Cabuyao,San Isidro,2023,Dry,5,5,145.2,28.47,80.23,0.4756838514217506,0.4261751662757984,-0.4423072955927893,-6.342450822533159,-12.052296607935045,4.59
City of Cabuyao,San Isidro,2023,Dry,6,6,249.6,27.78,84.31,0.5497319244337786,0.42787130456186057,-0.5029088501000297,-6.038268197179902,-12.02780992056533,4.59
