province,municipality,year,semester,season_type,yield_mt_ha,ecosystem,source_file,suspected_proxy
Laguna,Alaminos,2018,1,Dry,3.75584,ALL ECOSYSTEMS,2018 Semester 1 Average Yield of Palay in All Ecosystems in the Philippines by Municipality.xlsx,False
Laguna,Bay,2018,1,Dry,4.87822,ALL ECOSYSTEMS,2018 Semester 1 Average Yield of Palay in All Ecosystems in the Philippines by Municipality.xlsx,False
Laguna,Calauan,2018,1,Dry,4.66715,ALL ECOSYSTEMS,2018 Semester 1 Average Yield of Palay in All Ecosystems in the Philippines by Municipality.xlsx,False
Laguna,Cavinti,2018,1,Dry,3.36595,ALL ECOSYSTEMS,2018 Semester 1 Average Yield of Palay in All Ecosystems in the Philippines by Municipality.xlsx,False
Laguna,City of Biñan,2018,1,Dry,4.56303,ALL ECOSYSTEMS,2018 Semester 1 Average Yield of Palay in All Ecosystems in the Philippines by Municipality.xlsx,False
Laguna,City of Cabuyao,2018,1,Dry,4.62105,ALL ECOSYSTEMS,2018 Semester 1 Average Yield of Palay in All Ecosystems in the Philippines by Municipality.xlsx,True
Laguna,City of Calamba,2018,1,Dry,4.62105,ALL ECOSYSTEMS,2018 Semester 1 Average Yield of Palay in All Ecosystems in the Philippines by Municipality.xlsx,True
Laguna,City of San Pablo,2018,1,Dry,3.9914,ALL ECOSYSTEMS,2018 Semester 1 Average Yield of Palay in All Ecosystems in the Philippines by Municipality.xlsx,True
Laguna,City of Santa Rosa,2018,1,Dry,3.9914,ALL ECOSYSTEMS,2018 Semester 1 Average Yield of Palay in All Ecosystems in the Philippines by Municipality.xlsx,True
Laguna,Famy,2018,1,Dry,4.3845,ALL ECOSYSTEMS,2018 Semester 1 Average Yield of Palay in All Ecosystems in the Philippines by Municipality.xlsx,False
Laguna,Kalayaan,2018,1,Dry,3.91285,ALL ECOSYSTEMS,2018 Semester 1 Average Yield of Palay in All Ecosystems in the Philippines by Municipality.xlsx,False
Laguna,Liliw,2018,1,Dry,4.16664,ALL ECOSYSTEMS,2018 Semester 1 Average Yield of Palay in All Ecosystems in the Philippines by Municipality.xlsx,False
Laguna,Los Baños,2018,1,Dry,4.20141,ALL ECOSYSTEMS,2018 Semester 1 Average Yield of Palay in All Ecosystems in the Philippines by Municipality.xlsx,False
Laguna,Luisiana,2018,1,Dry,3.20839,ALL ECOSYSTEMS,2018 Semester 1 Average Yield of Palay in All Ecosystems in the Philippines by Municipality.xlsx,False
Laguna,Lumban,2018,1,Dry,4.60063,ALL ECOSYSTEMS,2018 Semester 1 Average Yield of Palay in All Ecosystems in the Philippines by Municipality.xlsx,False
Laguna,Mabitac,2018,1,Dry,4.90881,ALL ECOSYSTEMS,2018 Semester 1 Average Yield of Palay in All Ecosystems in the Philippines by Municipality.xlsx,False
Laguna,Magdalena,2018,1,Dry,4.08805,ALL ECOSYSTEMS,2018 Semester 1 Average Yield of Palay in All Ecosystems in the Philippines by Municipality.xlsx,False
Laguna,Majayjay,2018,1,Dry,4.0237,ALL ECOSYSTEMS,2018 Semester 1 Average Yield of Palay in All Ecosystems in the Philippines by Municipality.xlsx,False
Laguna,Nagcarlan,2018,1,Dry,4.34663,ALL ECOSYSTEMS,2018 Semester 1 Average Yield of Palay in All Ecosystems in the Philippines by Municipality.xlsx,False
Laguna,Paete,2018,1,Dry,3.19597,ALL ECOSYSTEMS,2018 Semester 1 Average Yield of Palay in All Ecosystems in the Philippines by Municipality.xlsx,False
Laguna,Pagsanjan,2018,1,Dry,4.90653,ALL ECOSYSTEMS,2018 Semester 1 Average Yield of Palay in All Ecosystems in the Philippines by Municipality.xlsx,False
Laguna,Pakil,2018,1,Dry,3.94488,ALL ECOSYSTEMS,2018 Semester 1 Average Yield of Palay in All Ecosystems in the Philippines by Municipality.xlsx,False
Laguna,Pangil,2018,1,Dry,4.02727,ALL ECOSYSTEMS,2018 Semester 1 Average Yield of Palay in All Ecosystems in the Philippines by Municipality.xlsx,False
Laguna,Pila,2018,1,Dry,5.28423,ALL ECOSYSTEMS,2018 Semester 1 Average Yield of Palay in All Ecosystems in the Philippines by Municipality.xlsx,False
Laguna,Rizal,2018,1,Dry,3.71529,ALL ECOSYSTEMS,2018 Semester 1 Average Yield of Palay in All Ecosystems in the Philippines by Municipality.xlsx,False
Laguna,Santa Cruz,2018,1,Dry,5.05911,ALL ECOSYSTEMS,2018 Semester 1 Average Yield of Palay in All Ecosystems in the Philippines by Municipality.xlsx,False
Laguna,Santa Maria,2018,1,Dry,5.11797,ALL ECOSYSTEMS,2018 Semester 1 Average Yield of Palay in All Ecosystems in the Philippines by Municipality.xlsx,False
Laguna,Siniloan,2018,1,Dry,5.00763,ALL ECOSYSTEMS,2018 Semester 1 Average Yield of Palay in All Ecosystems in the Philippines by Municipality.xlsx,False
Laguna,Victoria,2018,1,Dry,5.09922,ALL ECOSYSTEMS,2018 Semester 1 Average Yield of Palay in All Ecosystems in the Philippines by Municipality.xlsx,False
Laguna,Alaminos,2018,2,Wet,3.96832,ALL ECOSYSTEMS,2018 Semester 2 Average Yield of Palay in All Ecosystems in the Philippines by Municipality.xlsx,False
Laguna,Bay,2018,2,Wet,4.03836,ALL ECOSYSTEMS,2018 Semester 2 Average Yield of Palay in All Ecosystems in the Philippines by Municipality.xlsx,False
Laguna,Calauan,2018,2,Wet,4.04658,ALL ECOSYSTEMS,2018 Semester 2 Average Yield of Palay in All Ecosystems in the Philippines by Municipality.xlsx,False
Laguna,Cavinti,2018,2,Wet,3.95193,ALL ECOSYSTEMS,2018 Semester 2 Average Yield of Palay in All Ecosystems in the Philippines by Municipality.xlsx,False
Laguna,City of Biñan,2018,2,Wet,3.82552,ALL ECOSYSTEMS,2018 Semester 2 Average Yield of Palay in All Ecosystems in the Philippines by Municipality.xlsx,False
Laguna,City of Cabuyao,2018,2,Wet,3.86934,ALL ECOSYSTEMS,2018 Semester 2 Average Yield of Palay in All Ecosystems in the Philippines by Municipality.xlsx,False
Laguna,City of Calamba,2018,2,Wet,3.84386,ALL ECOSYSTEMS,2018 Semester 2 Average Yield of Palay in All Ecosystems in the Philippines by Municipality.xlsx,False
Laguna,City of San Pablo,2018,2,Wet,3.9399,ALL ECOSYSTEMS,2018 Semester 2 Average Yield of Palay in All Ecosystems in the Philippines by Municipality.xlsx,False
Laguna,City of Santa Rosa,2018,2,Wet,3.90999,ALL ECOSYSTEMS,2018 Semester 2 Average Yield of Palay in All Ecosystems in the Philippines by Municipality.xlsx,False
Laguna,Famy,2018,2,Wet,3.85891,ALL ECOSYSTEMS,2018 Semester 2 Average Yield of Palay in All Ecosystems in the Philippines by Municipality.xlsx,False
Laguna,Kalayaan,2018,2,Wet,3.89805,ALL ECOSYSTEMS,2018 Semester 2 Average Yield of Palay in All Ecosystems in the Philippines by Municipality.xlsx,False
Laguna,Liliw,2018,2,Wet,4.09509,ALL ECOSYSTEMS,2018 Semester 2 Average Yield of Palay in All Ecosystems in the Philippines by Municipality.xlsx,False
Laguna,Los Baños,2018,2,Wet,3.90191,ALL ECOSYSTEMS,2018 Semester 2 Average Yield of Palay in All Ecosystems in the Philippines by Municipality.xlsx,False
Laguna,Luisiana,2018,2,Wet,3.84091,ALL ECOSYSTEMS,2018 Semester 2 Average Yield of Palay in All Ecosystems in the Philippines by Municipality.xlsx,False
Laguna,Lumban,2018,2,Wet,3.74992,ALL ECOSYSTEMS,2018 Semester 2 Average Yield of Palay in All Ecosystems in the Philippines by Municipality.xlsx,False
Laguna,Mabitac,2018,2,Wet,3.80991,ALL ECOSYSTEMS,2018 Semester 2 Average Yield of Palay in All Ecosystems in the Philippines by Municipality.xlsx,False
Laguna,Magdalena,2018,2,Wet,4.09017,ALL ECOSYSTEMS,2018 Semester 2 Average Yield of Palay in All Ecosystems in the Philippines by Municipality.xlsx,False
Laguna,Majayjay,2018,2,Wet,4.01441,ALL ECOSYSTEMS,2018 Semester 2 Average Yield of Palay in All Ecosystems in the Philippines by Municipality.xlsx,False
Laguna,Nagcarlan,2018,2,Wet,4.02554,ALL ECOSYSTEMS,2018 Semester 2 Average Yield of Palay in All Ecosystems in the Philippines by Municipality.xlsx,False
Laguna,Paete,2018,2,Wet,3.9553,ALL ECOSYSTEMS,2018 Semester 2 Average Yield of Palay in All Ecosystems in the Philippines by Municipality.xlsx,False
Laguna,Pagsanjan,2018,2,Wet,3.75018,ALL ECOSYSTEMS,2018 Semester 2 Average Yield of Palay in All Ecosystems in the Philippines by Municipality.xlsx,False
Laguna,Pakil,2018,2,Wet,3.16682,ALL ECOSYSTEMS,2018 Semester 2 Average Yield of Palay in All Ecosystems in the Philippines by Municipality.xlsx,False
Laguna,Pangil,2018,2,Wet,3.83037,ALL ECOSYSTEMS,2018 Semester 2 Average Yield of Palay in All Ecosystems in the Philippines by Municipality.xlsx,False
Laguna,Pila,2018,2,Wet,4.00724,ALL ECOSYSTEMS,2018 Semester 2 Average Yield of Palay in All Ecosystems in the Philippines by Municipality.xlsx,False
Laguna,Rizal,2018,2,Wet,4.03508,ALL ECOSYSTEMS,2018 Semester 2 Average Yield of Palay in All Ecosystems in the Philippines by Municipality.xlsx,False
Laguna,Santa Cruz,2018,2,Wet,3.93378,ALL ECOSYSTEMS,2018 Semester 2 Average Yield of Palay in All Ecosystems in the Philippines by Municipality.xlsx,False
Laguna,Santa Maria,2018,2,Wet,3.9053,ALL ECOSYSTEMS,2018 Semester 2 Average Yield of Palay in All Ecosystems in the Philippines by Municipality.xlsx,False
Laguna,Siniloan,2018,2,Wet,3.82081,ALL ECOSYSTEMS,2018 Semester 2 Average Yield of Palay in All Ecosystems in the Philippines by Municipality.xlsx,False
Laguna,Victoria,2018,2,Wet,4.00981,ALL ECOSYSTEMS,2018 Semester 2 Average Yield of Palay in All Ecosystems in the Philippines by Municipality.xlsx,False
Laguna,Alaminos,2019,1,Dry,5.32157,ALL ECOSYSTEMS,2019 Semester 1 Average Yield of Palay in All Ecosystems in the Philippines by Municipality.xlsx,False
Laguna,Bay,2019,1,Dry,5.53773,ALL ECOSYSTEMS,2019 Semester 1 Average Yield of Palay in All Ecosystems in the Philippines by Municipality.xlsx,False
Laguna,Calauan,2019,1,Dry,5.49966,ALL ECOSYSTEMS,2019 Semester 1 Average Yield of Palay in All Ecosystems in the Philippines by Municipality.xlsx,False
Laguna,Cavinti,2019,1,Dry,4.82972,ALL ECOSYSTEMS,2019 Semester 1 Average Yield of Palay in All Ecosystems in the Philippines by Municipality.xlsx,False
Laguna,City of Biñan,2019,1,Dry,5.01075,ALL ECOSYSTEMS,2019 Semester 1 Average Yield of Palay in All Ecosystems in the Philippines by Municipality.xlsx,False
Laguna,City of Cabuyao,2019,1,Dry,5.20236,ALL ECOSYSTEMS,2019 Semester 1 Average Yield of Palay in All Ecosystems in the Philippines by Municipality.xlsx,False
Laguna,City of Calamba,2019,1,Dry,5.19324,ALL ECOSYSTEMS,2019 Semester 1 Average Yield of Palay in All Ecosystems in the Philippines by Municipality.xlsx,False
Laguna,City of San Pablo,2019,1,Dry,5.2382,ALL ECOSYSTEMS,2019 Semester 1 Average Yield of Palay in All Ecosystems in the Philippines by Municipality.xlsx,False
Laguna,City of Santa Rosa,2019,1,Dry,5.05812,ALL ECOSYSTEMS,2019 Semester 1 Average Yield of Palay in All Ecosystems in the Philippines by Municipality.xlsx,False
Laguna,Famy,2019,1,Dry,5.50137,ALL ECOSYSTEMS,2019 Semester 1 Average Yield of Palay in All Ecosystems in the Philippines by Municipality.xlsx,False
Laguna,Kalayaan,2019,1,Dry,5.17297,ALL ECOSYSTEMS,2019 Semester 1 Average Yield of Palay in All Ecosystems in the Philippines by Municipality.xlsx,False
Laguna,Liliw,2019,1,Dry,5.45782,ALL ECOSYSTEMS,2019 Semester 1 Average Yield of Palay in All Ecosystems in the Philippines by Municipality.xlsx,False
Laguna,Los Baños,2019,1,Dry,4.94872,ALL ECOSYSTEMS,2019 Semester 1 Average Yield of Palay in All Ecosystems in the Philippines by Municipality.xlsx,False
Laguna,Luisiana,2019,1,Dry,4.87274,ALL ECOSYSTEMS,2019 Semester 1 Average Yield of Palay in All Ecosystems in the Philippines by Municipality.xlsx,False
Laguna,Lumban,2019,1,Dry,5.44042,ALL ECOSYSTEMS,2019 Semester 1 Average Yield of Palay in All Ecosystems in the Philippines by Municipality.xlsx,False
Laguna,Mabitac,2019,1,Dry,5.48666,ALL ECOSYSTEMS,2019 Semester 1 Average Yield of Palay in All Ecosystems in the Philippines by Municipality.xlsx,False
Laguna,Magdalena,2019,1,Dry,5.3544,ALL ECOSYSTEMS,2019 Semester 1 Average Yield of Palay in All Ecosystems in the Philippines by Municipality.xlsx,False
Laguna,Majayjay,2019,1,Dry,5.18956,ALL ECOSYSTEMS,2019 Semester 1 Average Yield of Palay in All Ecosystems in the Philippines by Municipality.xlsx,False
Laguna,Nagcarlan,2019,1,Dry,5.22929,ALL ECOSYSTEMS,2019 Semester 1 Average Yield of Palay in All Ecosystems in the Philippines by Municipality.xlsx,False
Laguna,Paete,2019,1,Dry,5.26066,ALL ECOSYSTEMS,2019 Semester 1 Average Yield of Palay in All Ecosystems in the Philippines by Municipality.xlsx,False
Laguna,Pagsanjan,2019,1,Dry,5.46951,ALL ECOSYSTEMS,2019 Semester 1 Average Yield of Palay in All Ecosystems in the Philippines by Municipality.xlsx,False
Laguna,Pakil,2019,1,Dry,4.96559,ALL ECOSYSTEMS,2019 Semester 1 Average Yield of Palay in All Ecosystems in the Philippines by Municipality.xlsx,False
Laguna,Pangil,2019,1,Dry,5.30267,ALL ECOSYSTEMS,2019 Semester 1 Average Yield of Palay in All Ecosystems in the Philippines by Municipality.xlsx,False
Laguna,Pila,2019,1,Dry,5.57892,ALL ECOSYSTEMS,2019 Semester 1 Average Yield of Palay in All Ecosystems in the Philippines by Municipality.xlsx,False
Laguna,Rizal,2019,1,Dry,5.33963,ALL ECOSYSTEMS,2019 Semester 1 Average Yield of Palay in All Ecosystems in the Philippines by Municipality.xlsx,False
Laguna,Santa Cruz,2019,1,Dry,5.49557,ALL ECOSYSTEMS,2019 Semester 1 Average Yield of Palay in All Ecosystems in the Philippines by Municipality.xlsx,False
Laguna,Santa Maria,2019,1,Dry,5.59785,ALL ECOSYSTEMS,2019 Semester 1 Average Yield of Palay in All Ecosystems in the Philippines by Municipality.xlsx,False
Laguna,Siniloan,2019,1,Dry,5.48044,ALL ECOSYSTEMS,2019 Semester 1 Average Yield of Palay in All Ecosystems in the Philippines by Municipality.xlsx,False
Laguna,Victoria,2019,1,Dry,5.5251,ALL ECOSYSTEMS,2019 Semester 1 Average Yield of Palay in All Ecosystems in the Philippines by Municipality.xlsx,False
Laguna,Alaminos,2019,2,Wet,3.89553,ALL ECOSYSTEMS,2019 Semester 2 Average Yield of Palay in All Ecosystems in the Philippines by Municipality.xlsx,False
Laguna,Bay,2019,2,Wet,3.94882,ALL ECOSYSTEMS,2019 Semester 2 Average Yield of Palay in All Ecosystems in the Philippines by Municipality.xlsx,False
Laguna,Calauan,2019,2,Wet,3.97765,ALL ECOSYSTEMS,2019 Semester 2 Average Yield of Palay in All Ecosystems in the Philippines by Municipality.xlsx,False
Laguna,Cavinti,2019,2,Wet,3.28399,ALL ECOSYSTEMS,2019 Semester 2 Average Yield of Palay in All Ecosystems in the Philippines by Municipality.xlsx,False
Laguna,City of Biñan,2019,2,Wet,3.86146,ALL ECOSYSTEMS,2019 Semester 2 Average Yield of Palay in All Ecosystems in the Philippines by Municipality.xlsx,False
Laguna,City of Cabuyao,2019,2,Wet,3.84049,ALL ECOSYSTEMS,2019 Semester 2 Average Yield of Palay in All Ecosystems in the Philippines by Municipality.xlsx,False
Laguna,City of Calamba,2019,2,Wet,3.92698,ALL ECOSYSTEMS,2019 Semester 2 Average Yield of Palay in All Ecosystems in the Philippines by Municipality.xlsx,False
Laguna,City of San Pablo,2019,2,Wet,3.6876,ALL ECOSYSTEMS,2019 Semester 2 Average Yield of Palay in All Ecosystems in the Philippines by Municipality.xlsx,False
Laguna,City of Santa Rosa,2019,2,Wet,3.87281,ALL ECOSYSTEMS,2019 Semester 2 Average Yield of Palay in All Ecosystems in the Philippines by Municipality.xlsx,False
Laguna,Famy,2019,2,Wet,3.92523,ALL ECOSYSTEMS,2019 Semester 2 Average Yield of Palay in All Ecosystems in the Philippines by Municipality.xlsx,False
Laguna,Kalayaan,2019,2,Wet,3.63169,ALL ECOSYSTEMS,2019 Semester 2 Average Yield of Palay in All Ecosystems in the Philippines by Municipality.xlsx,False
Laguna,Liliw,2019,2,Wet,3.82739,ALL ECOSYSTEMS,2019 Semester 2 Average Yield of Palay in All Ecosystems in the Philippines by Municipality.xlsx,False
Laguna,Los Baños,2019,2,Wet,3.85534,ALL ECOSYSTEMS,2019 Semester 2 Average Yield of Palay in All Ecosystems in the Philippines by Municipality.xlsx,False
Laguna,Luisiana,2019,2,Wet,3.14246,ALL ECOSYSTEMS,2019 Semester 2 Average Yield of Palay in All Ecosystems in the Philippines by Municipality.xlsx,False
Laguna,Lumban,2019,2,Wet,3.81428,ALL ECOSYSTEMS,2019 Semester 2 Average Yield of Palay in All Ecosystems in the Philippines by Municipality.xlsx,False
Laguna,Mabitac,2019,2,Wet,3.97678,ALL ECOSYSTEMS,2019 Semester 2 Average Yield of Palay in All Ecosystems in the Philippines by Municipality.xlsx,False
Laguna,Magdalena,2019,2,Wet,3.90164,ALL ECOSYSTEMS,2019 Semester 2 Average Yield of Palay in All Ecosystems in the Philippines by Municipality.xlsx,False
Laguna,Majayjay,2019,2,Wet,3.69547,ALL ECOSYSTEMS,2019 Semester 2 Average Yield of Palay in All Ecosystems in the Philippines by Municipality.xlsx,False
Laguna,Nagcarlan,2019,2,Wet,3.74352,ALL ECOSYSTEMS,2019 Semester 2 Average Yield of Palay in All Ecosystems in the Philippines by Municipality.xlsx,False
Laguna,Paete,2019,2,Wet,3.88068,ALL ECOSYSTEMS,2019 Semester 2 Average Yield of Palay in All Ecosystems in the Philippines by Municipality.xlsx,False
Laguna,Pagsanjan,2019,2,Wet,3.75575,ALL ECOSYSTEMS,2019 Semester 2 Average Yield of Palay in All Ecosystems in the Philippines by Municipality.xlsx,False
Laguna,Pakil,2019,2,Wet,3.73828,ALL ECOSYSTEMS,2019 Semester 2 Average Yield of Palay in All Ecosystems in the Philippines by Municipality.xlsx,False
Laguna,Pangil,2019,2,Wet,3.90689,ALL ECOSYSTEMS,2019 Semester 2 Average Yield of Palay in All Ecosystems in the Philippines by Municipality.xlsx,False
Laguna,Pila,2019,2,Wet,3.8798,ALL ECOSYSTEMS,2019 Semester 2 Average Yield of Palay in All Ecosystems in the Philippines by Municipality.xlsx,False
Laguna,Santa Cruz,2019,2,Wet,3.88592,ALL ECOSYSTEMS,2019 Semester 2 Average Yield of Palay in All Ecosystems in the Philippines by Municipality.xlsx,False
Laguna,Santa Maria,2019,2,Wet,4.00648,ALL ECOSYSTEMS,2019 Semester 2 Average Yield of Palay in All Ecosystems in the Philippines by Municipality.xlsx,False
Laguna,Siniloan,2019,2,Wet,4.07637,ALL ECOSYSTEMS,2019 Semester 2 Average Yield of Palay in All Ecosystems in the Philippines by Municipality.xlsx,False
Laguna,Victoria,2019,2,Wet,3.9759,ALL ECOSYSTEMS,2019 Semester 2 Average Yield of Palay in All Ecosystems in the Philippines by Municipality.xlsx,False
Laguna,Alaminos,2020,1,Dry,4.48558,ALL ECOSYSTEMS,2020 Semester 1 Average Yield of Palay in All Ecosystems in the Philippines by Municipality.xlsx,False
Laguna,Bay,2020,1,Dry,4.95975,ALL ECOSYSTEMS,2020 Semester 1 Average Yield of Palay in All Ecosystems in the Philippines by Municipality.xlsx,False
Laguna,Calauan,2020,1,Dry,4.86492,ALL ECOSYSTEMS,2020 Semester 1 Average Yield of Palay in All Ecosystems in the Philippines by Municipality.xlsx,False
Laguna,Cavinti,2020,1,Dry,3.65106,ALL ECOSYSTEMS,2020 Semester 1 Average Yield of Palay in All Ecosystems in the Philippines by Municipality.xlsx,False
Laguna,City of Biñan,2020,1,Dry,4.3623,ALL ECOSYSTEMS,2020 Semester 1 Average Yield of Palay in All Ecosystems in the Philippines by Municipality.xlsx,False
Laguna,City of Cabuyao,2020,1,Dry,4.50455,ALL ECOSYSTEMS,2020 Semester 1 Average Yield of Palay in All Ecosystems in the Philippines by Municipality.xlsx,False
Laguna,City of Calamba,2020,1,Dry,4.62783,ALL ECOSYSTEMS,2020 Semester 1 Average Yield of Palay in All Ecosystems in the Philippines by Municipality.xlsx,False
Laguna,City of San Pablo,2020,1,Dry,4.59938,ALL ECOSYSTEMS,2020 Semester 1 Average Yield of Palay in All Ecosystems in the Philippines by Municipality.xlsx,False
Laguna,City of Santa Rosa,2020,1,Dry,4.3054,ALL ECOSYSTEMS,2020 Semester 1 Average Yield of Palay in All Ecosystems in the Philippines by Municipality.xlsx,False
Laguna,Famy,2020,1,Dry,4.8175,ALL ECOSYSTEMS,2020 Semester 1 Average Yield of Palay in All Ecosystems in the Philippines by Municipality.xlsx,True
Laguna,Kalayaan,2020,1,Dry,4.22005,ALL ECOSYSTEMS,2020 Semester 1 Average Yield of Palay in All Ecosystems in the Philippines by Municipality.xlsx,False
Laguna,Liliw,2020,1,Dry,4.8175,ALL ECOSYSTEMS,2020 Semester 1 Average Yield of Palay in All Ecosystems in the Philippines by Municipality.xlsx,True
Laguna,Los Baños,2020,1,Dry,3.95452,ALL ECOSYSTEMS,2020 Semester 1 Average Yield of Palay in All Ecosystems in the Philippines by Municipality.xlsx,False
Laguna,Luisiana,2020,1,Dry,3.52778,ALL ECOSYSTEMS,2020 Semester 1 Average Yield of Palay in All Ecosystems in the Philippines by Municipality.xlsx,False
Laguna,Lumban,2020,1,Dry,4.5899,ALL ECOSYSTEMS,2020 Semester 1 Average Yield of Palay in All Ecosystems in the Philippines by Municipality.xlsx,False
Laguna,Mabitac,2020,1,Dry,4.8744,ALL ECOSYSTEMS,2020 Semester 1 Average Yield of Palay in All Ecosystems in the Philippines by Municipality.xlsx,False
Laguna,Magdalena,2020,1,Dry,4.67525,ALL ECOSYSTEMS,2020 Semester 1 Average Yield of Palay in All Ecosystems in the Philippines by Municipality.xlsx,False
Laguna,Majayjay,2020,1,Dry,4.32437,ALL ECOSYSTEMS,2020 Semester 1 Average Yield of Palay in All Ecosystems in the Philippines by Municipality.xlsx,False
Laguna,Nagcarlan,2020,1,Dry,4.60887,ALL ECOSYSTEMS,2020 Semester 1 Average Yield of Palay in All Ecosystems in the Philippines by Municipality.xlsx,True
Laguna,Paete,2020,1,Dry,4.31489,ALL ECOSYSTEMS,2020 Semester 1 Average Yield of Palay in All Ecosystems in the Philippines by Municipality.xlsx,False
Laguna,Pagsanjan,2020,1,Dry,4.60887,ALL ECOSYSTEMS,2020 Semester 1 Average Yield of Palay in All Ecosystems in the Philippines by Municipality.xlsx,True
Laguna,Pakil,2020,1,Dry,4.43817,ALL ECOSYSTEMS,2020 Semester 1 Average Yield of Palay in All Ecosystems in the Philippines by Municipality.xlsx,False
Laguna,Pangil,2020,1,Dry,4.7037,ALL ECOSYSTEMS,2020 Semester 1 Average Yield of Palay in All Ecosystems in the Philippines by Municipality.xlsx,False
Laguna,Pila,2020,1,Dry,5.01665,ALL ECOSYSTEMS,2020 Semester 1 Average Yield of Palay in All Ecosystems in the Philippines by Municipality.xlsx,False
Laguna,Rizal,2020,1,Dry,4.39075,ALL ECOSYSTEMS,2020 Semester 1 Average Yield of Palay in All Ecosystems in the Philippines by Municipality.xlsx,False
Laguna,Santa Cruz,2020,1,Dry,4.85543,ALL ECOSYSTEMS,2020 Semester 1 Average Yield of Palay in All Ecosystems in the Philippines by Municipality.xlsx,False
Laguna,Santa Maria,2020,1,Dry,5.07355,ALL ECOSYSTEMS,2020 Semester 1 Average Yield of Palay in All Ecosystems in the Philippines by Municipality.xlsx,False
Laguna,Siniloan,2020,1,Dry,4.79853,ALL ECOSYSTEMS,2020 Semester 1 Average Yield of Palay in All Ecosystems in the Philippines by Municipality.xlsx,False
Laguna,Victoria,2020,1,Dry,5.03561,ALL ECOSYSTEMS,2020 Semester 1 Average Yield of Palay in All Ecosystems in the Philippines by Municipality.xlsx,False
Laguna,Alaminos,2020,2,Wet,4.40556,ALL ECOSYSTEMS,2020 Semester 2 Average Yield of Palay in All Ecosystems in the Philippines by Municipality.xlsx,False
Laguna,Bay,2020,2,Wet,4.42613,ALL ECOSYSTEMS,2020 Semester 2 Average Yield of Palay in All Ecosystems in the Philippines by Municipality.xlsx,False
Laguna,Calauan,2020,2,Wet,4.34298,ALL ECOSYSTEMS,2020 Semester 2 Average Yield of Palay in All Ecosystems in the Philippines by Municipality.xlsx,False
Laguna,Cavinti,2020,2,Wet,3.75327,ALL ECOSYSTEMS,2020 Semester 2 Average Yield of Palay in All Ecosystems in the Philippines by Municipality.xlsx,False
Laguna,City of Biñan,2020,2,Wet,3.89642,ALL ECOSYSTEMS,2020 Semester 2 Average Yield of Palay in All Ecosystems in the Philippines by Municipality.xlsx,False
Laguna,City of Cabuyao,2020,2,Wet,4.11742,ALL ECOSYSTEMS,2020 Semester 2 Average Yield of Palay in All Ecosystems in the Philippines by Municipality.xlsx,False
Laguna,City of Calamba,2020,2,Wet,4.18893,ALL ECOSYSTEMS,2020 Semester 2 Average Yield of Palay in All Ecosystems in the Philippines by Municipality.xlsx,False
Laguna,City of San Pablo,2020,2,Wet,4.06137,ALL ECOSYSTEMS,2020 Semester 2 Average Yield of Palay in All Ecosystems in the Philippines by Municipality.xlsx,False
Laguna,City of Santa Rosa,2020,2,Wet,4.02827,ALL ECOSYSTEMS,2020 Semester 2 Average Yield of Palay in All Ecosystems in the Philippines by Municipality.xlsx,False
Laguna,Famy,2020,2,Wet,4.39233,ALL ECOSYSTEMS,2020 Semester 2 Average Yield of Palay in All Ecosystems in the Philippines by Municipality.xlsx,False
Laguna,Kalayaan,2020,2,Wet,3.85789,ALL ECOSYSTEMS,2020 Semester 2 Average Yield of Palay in All Ecosystems in the Philippines by Municipality.xlsx,False
Laguna,Liliw,2020,2,Wet,4.28115,ALL ECOSYSTEMS,2020 Semester 2 Average Yield of Palay in All Ecosystems in the Philippines by Municipality.xlsx,False
Laguna,Los Baños,2020,2,Wet,4.20271,ALL ECOSYSTEMS,2020 Semester 2 Average Yield of Palay in All Ecosystems in the Philippines by Municipality.xlsx,False
Laguna,Luisiana,2020,2,Wet,3.426,ALL ECOSYSTEMS,2020 Semester 2 Average Yield of Palay in All Ecosystems in the Philippines by Municipality.xlsx,False
Laguna,Lumban,2020,2,Wet,4.21103,ALL ECOSYSTEMS,2020 Semester 2 Average Yield of Palay in All Ecosystems in the Philippines by Municipality.xlsx,False
Laguna,Mabitac,2020,2,Wet,4.33217,ALL ECOSYSTEMS,2020 Semester 2 Average Yield of Palay in All Ecosystems in the Philippines by Municipality.xlsx,False
Laguna,Magdalena,2020,2,Wet,4.35344,ALL ECOSYSTEMS,2020 Semester 2 Average Yield of Palay in All Ecosystems in the Philippines by Municipality.xlsx,False
Laguna,Majayjay,2020,2,Wet,4.31913,ALL ECOSYSTEMS,2020 Semester 2 Average Yield of Palay in All Ecosystems in the Philippines by Municipality.xlsx,False
Laguna,Nagcarlan,2020,2,Wet,4.26213,ALL ECOSYSTEMS,2020 Semester 2 Average Yield of Palay in All Ecosystems in the Philippines by Municipality.xlsx,False
Laguna,Paete,2020,2,Wet,3.98739,ALL ECOSYSTEMS,2020 Semester 2 Average Yield of Palay in All Ecosystems in the Philippines by Municipality.xlsx,False
Laguna,Pagsanjan,2020,2,Wet,4.30847,ALL ECOSYSTEMS,2020 Semester 2 Average Yield of Palay in All Ecosystems in the Philippines by Municipality.xlsx,False
Laguna,Pakil,2020,2,Wet,3.93633,ALL ECOSYSTEMS,2020 Semester 2 Average Yield of Palay in All Ecosystems in the Philippines by Municipality.xlsx,False
Laguna,Pangil,2020,2,Wet,4.18092,ALL ECOSYSTEMS,2020 Semester 2 Average Yield of Palay in All Ecosystems in the Philippines by Municipality.xlsx,False
Laguna,Pila,2020,2,Wet,4.41767,ALL ECOSYSTEMS,2020 Semester 2 Average Yield of Palay in All Ecosystems in the Philippines by Municipality.xlsx,False
Laguna,Santa Cruz,2020,2,Wet,4.31872,ALL ECOSYSTEMS,2020 Semester 2 Average Yield of Palay in All Ecosystems in the Philippines by Municipality.xlsx,False
Laguna,Santa Maria,2020,2,Wet,4.40944,ALL ECOSYSTEMS,2020 Semester 2 Average Yield of Palay in All Ecosystems in the Philippines by Municipality.xlsx,False
Laguna,Siniloan,2020,2,Wet,4.37876,ALL ECOSYSTEMS,2020 Semester 2 Average Yield of Palay in All Ecosystems in the Philippines by Municipality.xlsx,False
Laguna,Victoria,2020,2,Wet,4.42029,ALL ECOSYSTEMS,2020 Semester 2 Average Yield of Palay in All Ecosystems in the Philippines by Municipality.xlsx,False
Laguna,Alaminos,2021,1,Dry,4.8107,ALL ECOSYSTEMS,2021 Semester 1 Average Yield of Palay in All Ecosystems in the Philippines by Municipality.xlsx,False
Laguna,Bay,2021,1,Dry,4.97952,ALL ECOSYSTEMS,2021 Semester 1 Average Yield of Palay in All Ecosystems in the Philippines by Municipality.xlsx,False
Laguna,Calauan,2021,1,Dry,4.97402,ALL ECOSYSTEMS,2021 Semester 1 Average Yield of Palay in All Ecosystems in the Philippines by Municipality.xlsx,False
Laguna,Cavinti,2021,1,Dry,4.06041,ALL ECOSYSTEMS,2021 Semester 1 Average Yield of Palay in All Ecosystems in the Philippines by Municipality.xlsx,False
Laguna,City of Biñan,2021,1,Dry,4.49752,ALL ECOSYSTEMS,2021 Semester 1 Average Yield of Palay in All Ecosystems in the Philippines by Municipality.xlsx,False
Laguna,City of Cabuyao,2021,1,Dry,4.81305,ALL ECOSYSTEMS,2021 Semester 1 Average Yield of Palay in All Ecosystems in the Philippines by Municipality.xlsx,False
Laguna,City of Calamba,2021,1,Dry,4.85753,ALL ECOSYSTEMS,2021 Semester 1 Average Yield of Palay in All Ecosystems in the Philippines by Municipality.xlsx,False
Laguna,City of San Pablo,2021,1,Dry,4.7899,ALL ECOSYSTEMS,2021 Semester 1 Average Yield of Palay in All Ecosystems in the Philippines by Municipality.xlsx,False
Laguna,City of Santa Rosa,2021,1,Dry,4.63257,ALL ECOSYSTEMS,2021 Semester 1 Average Yield of Palay in All Ecosystems in the Philippines by Municipality.xlsx,False
Laguna,Famy,2021,1,Dry,4.97491,ALL ECOSYSTEMS,2021 Semester 1 Average Yield of Palay in All Ecosystems in the Philippines by Municipality.xlsx,False
Laguna,Kalayaan,2021,1,Dry,4.24961,ALL ECOSYSTEMS,2021 Semester 1 Average Yield of Palay in All Ecosystems in the Philippines by Municipality.xlsx,False
Laguna,Liliw,2021,1,Dry,4.85263,ALL ECOSYSTEMS,2021 Semester 1 Average Yield of Palay in All Ecosystems in the Philippines by Municipality.xlsx,False
Laguna,Los Baños,2021,1,Dry,4.44788,ALL ECOSYSTEMS,2021 Semester 1 Average Yield of Palay in All Ecosystems in the Philippines by Municipality.xlsx,False
Laguna,Luisiana,2021,1,Dry,3.92225,ALL ECOSYSTEMS,2021 Semester 1 Average Yield of Palay in All Ecosystems in the Philippines by Municipality.xlsx,False
Laguna,Lumban,2021,1,Dry,4.97619,ALL ECOSYSTEMS,2021 Semester 1 Average Yield of Palay in All Ecosystems in the Philippines by Municipality.xlsx,False
Laguna,Mabitac,2021,1,Dry,5.02629,ALL ECOSYSTEMS,2021 Semester 1 Average Yield of Palay in All Ecosystems in the Philippines by Municipality.xlsx,False
Laguna,Magdalena,2021,1,Dry,4.83783,ALL ECOSYSTEMS,2021 Semester 1 Average Yield of Palay in All Ecosystems in the Philippines by Municipality.xlsx,False
Laguna,Majayjay,2021,1,Dry,4.48717,ALL ECOSYSTEMS,2021 Semester 1 Average Yield of Palay in All Ecosystems in the Philippines by Municipality.xlsx,False
Laguna,Nagcarlan,2021,1,Dry,4.607,ALL ECOSYSTEMS,2021 Semester 1 Average Yield of Palay in All Ecosystems in the Philippines by Municipality.xlsx,False
Laguna,Paete,2021,1,Dry,4.54844,ALL ECOSYSTEMS,2021 Semester 1 Average Yield of Palay in All Ecosystems in the Philippines by Municipality.xlsx,False
Laguna,Pagsanjan,2021,1,Dry,5.09942,ALL ECOSYSTEMS,2021 Semester 1 Average Yield of Palay in All Ecosystems in the Philippines by Municipality.xlsx,False
Laguna,Pakil,2021,1,Dry,4.47897,ALL ECOSYSTEMS,2021 Semester 1 Average Yield of Palay in All Ecosystems in the Philippines by Municipality.xlsx,False
Laguna,Pangil,2021,1,Dry,4.90738,ALL ECOSYSTEMS,2021 Semester 1 Average Yield of Palay in All Ecosystems in the Philippines by Municipality.xlsx,False
Laguna,Pila,2021,1,Dry,5.16442,ALL ECOSYSTEMS,2021 Semester 1 Average Yield of Palay in All Ecosystems in the Philippines by Municipality.xlsx,False
Laguna,Rizal,2021,1,Dry,4.77632,ALL ECOSYSTEMS,2021 Semester 1 Average Yield of Palay in All Ecosystems in the Philippines by Municipality.xlsx,False
Laguna,Santa Cruz,2021,1,Dry,5.04536,ALL ECOSYSTEMS,2021 Semester 1 Average Yield of Palay in All Ecosystems in the Philippines by Municipality.xlsx,False
Laguna,Santa Maria,2021,1,Dry,5.0708,ALL ECOSYSTEMS,2021 Semester 1 Average Yield of Palay in All Ecosystems in the Philippines by Municipality.xlsx,False
Laguna,Siniloan,2021,1,Dry,4.99914,ALL ECOSYSTEMS,2021 Semester 1 Average Yield of Palay in All Ecosystems in the Philippines by Municipality.xlsx,False
Laguna,Victoria,2021,1,Dry,5.07151,ALL ECOSYSTEMS,2021 Semester 1 Average Yield of Palay in All Ecosystems in the Philippines by Municipality.xlsx,False
Laguna,Alaminos,2021,2,Wet,4.23185,ALL ECOSYSTEMS,2021 Semester 2 Average Yield of Palay in All Ecosystems in the Philippines by Municipality.xlsx,False
Laguna,Bay,2021,2,Wet,4.25719,ALL ECOSYSTEMS,2021 Semester 2 Average Yield of Palay in All Ecosystems in the Philippines by Municipality.xlsx,False
Laguna,Calauan,2021,2,Wet,4.17649,ALL ECOSYSTEMS,2021 Semester 2 Average Yield of Palay in All Ecosystems in the Philippines by Municipality.xlsx,False
Laguna,Cavinti,2021,2,Wet,3.4107,ALL ECOSYSTEMS,2021 Semester 2 Average Yield of Palay in All Ecosystems in the Philippines by Municipality.xlsx,False
Laguna,City of Biñan,2021,2,Wet,4.18499,ALL ECOSYSTEMS,2021 Semester 2 Average Yield of Palay in All Ecosystems in the Philippines by Municipality.xlsx,False
Laguna,City of Cabuyao,2021,2,Wet,4.10594,ALL ECOSYSTEMS,2021 Semester 2 Average Yield of Palay in All Ecosystems in the Philippines by Municipality.xlsx,False
Laguna,City of Calamba,2021,2,Wet,4.11526,ALL ECOSYSTEMS,2021 Semester 2 Average Yield of Palay in All Ecosystems in the Philippines by Municipality.xlsx,False
Laguna,City of San Pablo,2021,2,Wet,4.15909,ALL ECOSYSTEMS,2021 Semester 2 Average Yield of Palay in All Ecosystems in the Philippines by Municipality.xlsx,False
Laguna,City of Santa Rosa,2021,2,Wet,4.05038,ALL ECOSYSTEMS,2021 Semester 2 Average Yield of Palay in All Ecosystems in the Philippines by Municipality.xlsx,False
Laguna,Famy,2021,2,Wet,4.22728,ALL ECOSYSTEMS,2021 Semester 2 Average Yield of Palay in All Ecosystems in the Philippines by Municipality.xlsx,False
Laguna,Kalayaan,2021,2,Wet,3.68819,ALL ECOSYSTEMS,2021 Semester 2 Average Yield of Palay in All Ecosystems in the Philippines by Municipality.xlsx,False
Laguna,Liliw,2021,2,Wet,4.2099,ALL ECOSYSTEMS,2021 Semester 2 Average Yield of Palay in All Ecosystems in the Philippines by Municipality.xlsx,False
Laguna,Los Baños,2021,2,Wet,3.90832,ALL ECOSYSTEMS,2021 Semester 2 Average Yield of Palay in All Ecosystems in the Philippines by Municipality.xlsx,False
Laguna,Luisiana,2021,2,Wet,3.45654,ALL ECOSYSTEMS,2021 Semester 2 Average Yield of Palay in All Ecosystems in the Philippines by Municipality.xlsx,False
Laguna,Lumban,2021,2,Wet,4.01236,ALL ECOSYSTEMS,2021 Semester 2 Average Yield of Palay in All Ecosystems in the Philippines by Municipality.xlsx,False
Laguna,Mabitac,2021,2,Wet,4.28605,ALL ECOSYSTEMS,2021 Semester 2 Average Yield of Palay in All Ecosystems in the Philippines by Municipality.xlsx,False
Laguna,Magdalena,2021,2,Wet,4.17846,ALL ECOSYSTEMS,2021 Semester 2 Average Yield of Palay in All Ecosystems in the Philippines by Municipality.xlsx,False
Laguna,Majayjay,2021,2,Wet,3.96875,ALL ECOSYSTEMS,2021 Semester 2 Average Yield of Palay in All Ecosystems in the Philippines by Municipality.xlsx,False
Laguna,Nagcarlan,2021,2,Wet,4.08259,ALL ECOSYSTEMS,2021 Semester 2 Average Yield of Palay in All Ecosystems in the Philippines by Municipality.xlsx,False
Laguna,Paete,2021,2,Wet,3.92037,ALL ECOSYSTEMS,2021 Semester 2 Average Yield of Palay in All Ecosystems in the Philippines by Municipality.xlsx,False
Laguna,Pagsanjan,2021,2,Wet,4.18775,ALL ECOSYSTEMS,2021 Semester 2 Average Yield of Palay in All Ecosystems in the Philippines by Municipality.xlsx,False
Laguna,Pakil,2021,2,Wet,3.89819,ALL ECOSYSTEMS,2021 Semester 2 Average Yield of Palay in All Ecosystems in the Philippines by Municipality.xlsx,False
Laguna,Pangil,2021,2,Wet,4.11419,ALL ECOSYSTEMS,2021 Semester 2 Average Yield of Palay in All Ecosystems in the Philippines by Municipality.xlsx,False
Laguna,Pila,2021,2,Wet,4.29597,ALL ECOSYSTEMS,2021 Semester 2 Average Yield of Palay in All Ecosystems in the Philippines by Municipality.xlsx,False
Laguna,Rizal,2021,2,Wet,3.86949,ALL ECOSYSTEMS,2021 Semester 2 Average Yield of Palay in All Ecosystems in the Philippines by Municipality.xlsx,False
Laguna,Santa Cruz,2021,2,Wet,4.19307,ALL ECOSYSTEMS,2021 Semester 2 Average Yield of Palay in All Ecosystems in the Philippines by Municipality.xlsx,False
Laguna,Santa Maria,2021,2,Wet,4.28161,ALL ECOSYSTEMS,2021 Semester 2 Average Yield of Palay in All Ecosystems in the Philippines by Municipality.xlsx,False
Laguna,Siniloan,2021,2,Wet,4.17553,ALL ECOSYSTEMS,2021 Semester 2 Average Yield of Palay in All Ecosystems in the Philippines by Municipality.xlsx,False
Laguna,Victoria,2021,2,Wet,4.27387,ALL ECOSYSTEMS,2021 Semester 2 Average Yield of Palay in All Ecosystems in the Philippines by Municipality.xlsx,False
Laguna,Alaminos,2022,1,Dry,3.9716,ALL ECOSYSTEMS,2022 Semester 1 Average Yield of Palay in All Ecosystems in the Philippines by Municipality.xlsx,False
Laguna,Bay,2022,1,Dry,4.1319,ALL ECOSYSTEMS,2022 Semester 1 Average Yield of Palay in All Ecosystems in the Philippines by Municipality.xlsx,False
Laguna,Calauan,2022,1,Dry,4.10158,ALL ECOSYSTEMS,2022 Semester 1 Average Yield of Palay in All Ecosystems in the Philippines by Municipality.xlsx,False
Laguna,Cavinti,2022,1,Dry,3.60153,ALL ECOSYSTEMS,2022 Semester 1 Average Yield of Palay in All Ecosystems in the Philippines by Municipality.xlsx,False
Laguna,City of Biñan,2022,1,Dry,3.95875,ALL ECOSYSTEMS,2022 Semester 1 Average Yield of Palay in All Ecosystems in the Philippines by Municipality.xlsx,False
Laguna,City of Cabuyao,2022,1,Dry,4.12662,ALL ECOSYSTEMS,2022 Semester 1 Average Yield of Palay in All Ecosystems in the Philippines by Municipality.xlsx,False
Laguna,City of Calamba,2022,1,Dry,4.09846,ALL ECOSYSTEMS,2022 Semester 1 Average Yield of Palay in All Ecosystems in the Philippines by Municipality.xlsx,False
Laguna,City of San Pablo,2022,1,Dry,4.06375,ALL ECOSYSTEMS,2022 Semester 1 Average Yield of Palay in All Ecosystems in the Philippines by Municipality.xlsx,False
Laguna,City of Santa Rosa,2022,1,Dry,4.02354,ALL ECOSYSTEMS,2022 Semester 1 Average Yield of Palay in All Ecosystems in the Philippines by Municipality.xlsx,False
Laguna,Famy,2022,1,Dry,4.16537,ALL ECOSYSTEMS,2022 Semester 1 Average Yield of Palay in All Ecosystems in the Philippines by Municipality.xlsx,False
Laguna,Kalayaan,2022,1,Dry,3.88487,ALL ECOSYSTEMS,2022 Semester 1 Average Yield of Palay in All Ecosystems in the Philippines by Municipality.xlsx,False
Laguna,Liliw,2022,1,Dry,4.08838,ALL ECOSYSTEMS,2022 Semester 1 Average Yield of Palay in All Ecosystems in the Philippines by Municipality.xlsx,False
Laguna,Los Baños,2022,1,Dry,3.81162,ALL ECOSYSTEMS,2022 Semester 1 Average Yield of Palay in All Ecosystems in the Philippines by Municipality.xlsx,False
Laguna,Luisiana,2022,1,Dry,3.62075,ALL ECOSYSTEMS,2022 Semester 1 Average Yield of Palay in All Ecosystems in the Philippines by Municipality.xlsx,False
Laguna,Lumban,2022,1,Dry,4.18621,ALL ECOSYSTEMS,2022 Semester 1 Average Yield of Palay in All Ecosystems in the Philippines by Municipality.xlsx,False
Laguna,Mabitac,2022,1,Dry,4.29277,ALL ECOSYSTEMS,2022 Semester 1 Average Yield of Palay in All Ecosystems in the Philippines by Municipality.xlsx,False
Laguna,Magdalena,2022,1,Dry,4.01809,ALL ECOSYSTEMS,2022 Semester 1 Average Yield of Palay in All Ecosystems in the Philippines by Municipality.xlsx,False
Laguna,Majayjay,2022,1,Dry,3.93938,ALL ECOSYSTEMS,2022 Semester 1 Average Yield of Palay in All Ecosystems in the Philippines by Municipality.xlsx,False
Laguna,Nagcarlan,2022,1,Dry,3.97447,ALL ECOSYSTEMS,2022 Semester 1 Average Yield of Palay in All Ecosystems in the Philippines by Municipality.xlsx,False
Laguna,Paete,2022,1,Dry,4.14127,ALL ECOSYSTEMS,2022 Semester 1 Average Yield of Palay in All Ecosystems in the Philippines by Municipality.xlsx,False
Laguna,Pagsanjan,2022,1,Dry,4.15239,ALL ECOSYSTEMS,2022 Semester 1 Average Yield of Palay in All Ecosystems in the Philippines by Municipality.xlsx,False
Laguna,Pakil,2022,1,Dry,4.15471,ALL ECOSYSTEMS,2022 Semester 1 Average Yield of Palay in All Ecosystems in the Philippines by Municipality.xlsx,False
Laguna,Pangil,2022,1,Dry,4.20666,ALL ECOSYSTEMS,2022 Semester 1 Average Yield of Palay in All Ecosystems in the Philippines by Municipality.xlsx,False
Laguna,Pila,2022,1,Dry,4.24228,ALL ECOSYSTEMS,2022 Semester 1 Average Yield of Palay in All Ecosystems in the Philippines by Municipality.xlsx,False
Laguna,Rizal,2022,1,Dry,3.82617,ALL ECOSYSTEMS,2022 Semester 1 Average Yield of Palay in All Ecosystems in the Philippines by Municipality.xlsx,False
Laguna,Santa Cruz,2022,1,Dry,4.22865,ALL ECOSYSTEMS,2022 Semester 1 Average Yield of Palay in All Ecosystems in the Philippines by Municipality.xlsx,False
Laguna,Santa Maria,2022,1,Dry,4.30307,ALL ECOSYSTEMS,2022 Semester 1 Average Yield of Palay in All Ecosystems in the Philippines by Municipality.xlsx,False
Laguna,Siniloan,2022,1,Dry,4.22327,ALL ECOSYSTEMS,2022 Semester 1 Average Yield of Palay in All Ecosystems in the Philippines by Municipality.xlsx,False
Laguna,Victoria,2022,1,Dry,4.25457,ALL ECOSYSTEMS,2022 Semester 1 Average Yield of Palay in All Ecosystems in the Philippines by Municipality.xlsx,False
Laguna,Alaminos,2022,2,Wet,2.992,ALL ECOSYSTEMS,2022 Semester 2 Average Yield of Palay in All Ecosystems in the Philippines by Municipality.xlsx,False
Laguna,Bay,2022,2,Wet,4.134,ALL ECOSYSTEMS,2022 Semester 2 Average Yield of Palay in All Ecosystems in the Philippines by Municipality.xlsx,False
Laguna,Calauan,2022,2,Wet,3.929,ALL ECOSYSTEMS,2022 Semester 2 Average Yield of Palay in All Ecosystems in the Philippines by Municipality.xlsx,False
Laguna,Cavinti,2022,2,Wet,3.204,ALL ECOSYSTEMS,2022 Semester 2 Average Yield of Palay in All Ecosystems in the Philippines by Municipality.xlsx,False
Laguna,City of Biñan,2022,2,Wet,3.419,ALL ECOSYSTEMS,2022 Semester 2 Average Yield of Palay in All Ecosystems in the Philippines by Municipality.xlsx,False
Laguna,City of Cabuyao,2022,2,Wet,3.677,ALL ECOSYSTEMS,2022 Semester 2 Average Yield of Palay in All Ecosystems in the Philippines by Municipality.xlsx,False
Laguna,City of Calamba,2022,2,Wet,3.767,ALL ECOSYSTEMS,2022 Semester 2 Average Yield of Palay in All Ecosystems in the Philippines by Municipality.xlsx,False
Laguna,City of San Pablo,2022,2,Wet,3.798,ALL ECOSYSTEMS,2022 Semester 2 Average Yield of Palay in All Ecosystems in the Philippines by Municipality.xlsx,False
Laguna,City of Santa Rosa,2022,2,Wet,3.481,ALL ECOSYSTEMS,2022 Semester 2 Average Yield of Palay in All Ecosystems in the Philippines by Municipality.xlsx,False
Laguna,Famy,2022,2,Wet,4.115,ALL ECOSYSTEMS,2022 Semester 2 Average Yield of Palay in All Ecosystems in the Philippines by Municipality.xlsx,False
Laguna,Kalayaan,2022,2,Wet,3.19,ALL ECOSYSTEMS,2022 Semester 2 Average Yield of Palay in All Ecosystems in the Philippines by Municipality.xlsx,False
Laguna,Liliw,2022,2,Wet,4.019,ALL ECOSYSTEMS,2022 Semester 2 Average Yield of Palay in All Ecosystems in the Philippines by Municipality.xlsx,False
Laguna,Los Baños,2022,2,Wet,3.553,ALL ECOSYSTEMS,2022 Semester 2 Average Yield of Palay in All Ecosystems in the Philippines by Municipality.xlsx,False
Laguna,Luisiana,2022,2,Wet,2.935,ALL ECOSYSTEMS,2022 Semester 2 Average Yield of Palay in All Ecosystems in the Philippines by Municipality.xlsx,False
Laguna,Lumban,2022,2,Wet,3.835,ALL ECOSYSTEMS,2022 Semester 2 Average Yield of Palay in All Ecosystems in the Philippines by Municipality.xlsx,False
Laguna,Mabitac,2022,2,Wet,4.163,ALL ECOSYSTEMS,2022 Semester 2 Average Yield of Palay in All Ecosystems in the Philippines by Municipality.xlsx,False
Laguna,Magdalena,2022,2,Wet,3.922,ALL ECOSYSTEMS,2022 Semester 2 Average Yield of Palay in All Ecosystems in the Philippines by Municipality.xlsx,False
Laguna,Majayjay,2022,2,Wet,3.4,ALL ECOSYSTEMS,2022 Semester 2 Average Yield of Palay in All Ecosystems in the Philippines by Municipality.xlsx,False
Laguna,Nagcarlan,2022,2,Wet,3.825,ALL ECOSYSTEMS,2022 Semester 2 Average Yield of Palay in All Ecosystems in the Philippines by Municipality.xlsx,False
Laguna,Paete,2022,2,Wet,2.969,ALL ECOSYSTEMS,2022 Semester 2 Average Yield of Palay in All Ecosystems in the Philippines by Municipality.xlsx,False
Laguna,Pagsanjan,2022,2,Wet,3.875,ALL ECOSYSTEMS,2022 Semester 2 Average Yield of Palay in All Ecosystems in the Philippines by Municipality.xlsx,False
Laguna,Pakil,2022,2,Wet,3.258,ALL ECOSYSTEMS,2022 Semester 2 Average Yield of Palay in All Ecosystems in the Philippines by Municipality.xlsx,False
Laguna,Pangil,2022,2,Wet,3.878,ALL ECOSYSTEMS,2022 Semester 2 Average Yield of Palay in All Ecosystems in the Philippines by Municipality.xlsx,False
Laguna,Pila,2022,2,Wet,4.143,ALL ECOSYSTEMS,2022 Semester 2 Average Yield of Palay in All Ecosystems in the Philippines by Municipality.xlsx,False
Laguna,Rizal,2022,2,Wet,3.443,ALL ECOSYSTEMS,2022 Semester 2 Average Yield of Palay in All Ecosystems in the Philippines by Municipality.xlsx,False
Laguna,Santa Cruz,2022,2,Wet,4.079,ALL ECOSYSTEMS,2022 Semester 2 Average Yield of Palay in All Ecosystems in the Philippines by Municipality.xlsx,False
Laguna,Santa Maria,2022,2,Wet,4.314,ALL ECOSYSTEMS,2022 Semester 2 Average Yield of Palay in All Ecosystems in the Philippines by Municipality.xlsx,False
Laguna,Siniloan,2022,2,Wet,4.177,ALL ECOSYSTEMS,2022 Semester 2 Average Yield of Palay in All Ecosystems in the Philippines by Municipality.xlsx,False
Laguna,Victoria,2022,2,Wet,4.221,ALL ECOSYSTEMS,2022 Semester 2 Average Yield of Palay in All Ecosystems in the Philippines by Municipality.xlsx,False
Laguna,Alaminos,2023,1,Dry,3.30586,ALL ECOSYSTEMS,2023 Semester 1 Average Yield of Palay in All Ecosystems in the Philippines by Municipality.xlsx,False
Laguna,Bay,2023,1,Dry,4.38725,ALL ECOSYSTEMS,2023 Semester 1 Average Yield of Palay in All Ecosystems in the Philippines by Municipality.xlsx,False
Laguna,Calauan,2023,1,Dry,4.21921,ALL ECOSYSTEMS,2023 Semester 1 Average Yield of Palay in All Ecosystems in the Philippines by Municipality.xlsx,False
Laguna,Cavinti,2023,1,Dry,3.45246,ALL ECOSYSTEMS,2023 Semester 1 Average Yield of Palay in All Ecosystems in the Philippines by Municipality.xlsx,False
Laguna,City of Biñan,2023,1,Dry,3.73267,ALL ECOSYSTEMS,2023 Semester 1 Average Yield of Palay in All Ecosystems in the Philippines by Municipality.xlsx,False
Laguna,City of Cabuyao,2023,1,Dry,3.7071,ALL ECOSYSTEMS,2023 Semester 1 Average Yield of Palay in All Ecosystems in the Philippines by Municipality.xlsx,False
Laguna,City of Calamba,2023,1,Dry,3.96282,ALL ECOSYSTEMS,2023 Semester 1 Average Yield of Palay in All Ecosystems in the Philippines by Municipality.xlsx,False
Laguna,City of San Pablo,2023,1,Dry,4.08502,ALL ECOSYSTEMS,2023 Semester 1 Average Yield of Palay in All Ecosystems in the Philippines by Municipality.xlsx,False
Laguna,City of Santa Rosa,2023,1,Dry,3.48937,ALL ECOSYSTEMS,2023 Semester 1 Average Yield of Palay in All Ecosystems in the Philippines by Municipality.xlsx,False
Laguna,Famy,2023,1,Dry,4.67355,ALL ECOSYSTEMS,2023 Semester 1 Average Yield of Palay in All Ecosystems in the Philippines by Municipality.xlsx,False
Laguna,Kalayaan,2023,1,Dry,3.60609,ALL ECOSYSTEMS,2023 Semester 1 Average Yield of Palay in All Ecosystems in the Philippines by Municipality.xlsx,False
Laguna,Liliw,2023,1,Dry,4.40579,ALL ECOSYSTEMS,2023 Semester 1 Average Yield of Palay in All Ecosystems in the Philippines by Municipality.xlsx,False
Laguna,Los Baños,2023,1,Dry,3.29041,ALL ECOSYSTEMS,2023 Semester 1 Average Yield of Palay in All Ecosystems in the Philippines by Municipality.xlsx,False
Laguna,Luisiana,2023,1,Dry,3.45801,ALL ECOSYSTEMS,2023 Semester 1 Average Yield of Palay in All Ecosystems in the Philippines by Municipality.xlsx,False
Laguna,Lumban,2023,1,Dry,4.54249,ALL ECOSYSTEMS,2023 Semester 1 Average Yield of Palay in All Ecosystems in the Philippines by Municipality.xlsx,False
Laguna,Mabitac,2023,1,Dry,4.68182,ALL ECOSYSTEMS,2023 Semester 1 Average Yield of Palay in All Ecosystems in the Philippines by Municipality.xlsx,False
Laguna,Magdalena,2023,1,Dry,4.0381,ALL ECOSYSTEMS,2023 Semester 1 Average Yield of Palay in All Ecosystems in the Philippines by Municipality.xlsx,False
Laguna,Majayjay,2023,1,Dry,3.62896,ALL ECOSYSTEMS,2023 Semester 1 Average Yield of Palay in All Ecosystems in the Philippines by Municipality.xlsx,False
Laguna,Nagcarlan,2023,1,Dry,4.127,ALL ECOSYSTEMS,2023 Semester 1 Average Yield of Palay in All Ecosystems in the Philippines by Municipality.xlsx,False
Laguna,Paete,2023,1,Dry,3.8408,ALL ECOSYSTEMS,2023 Semester 1 Average Yield of Palay in All Ecosystems in the Philippines by Municipality.xlsx,False
Laguna,Pagsanjan,2023,1,Dry,4.31482,ALL ECOSYSTEMS,2023 Semester 1 Average Yield of Palay in All Ecosystems in the Philippines by Municipality.xlsx,False
Laguna,Pakil,2023,1,Dry,3.78898,ALL ECOSYSTEMS,2023 Semester 1 Average Yield of Palay in All Ecosystems in the Philippines by Municipality.xlsx,False
Laguna,Pangil,2023,1,Dry,4.44021,ALL ECOSYSTEMS,2023 Semester 1 Average Yield of Palay in All Ecosystems in the Philippines by Municipality.xlsx,False
Laguna,Pila,2023,1,Dry,4.97992,ALL ECOSYSTEMS,2023 Semester 1 Average Yield of Palay in All Ecosystems in the Philippines by Municipality.xlsx,False
Laguna,Rizal,2023,1,Dry,3.47669,ALL ECOSYSTEMS,2023 Semester 1 Average Yield of Palay in All Ecosystems in the Philippines by Municipality.xlsx,False
Laguna,Santa Cruz,2023,1,Dry,4.64176,ALL ECOSYSTEMS,2023 Semester 1 Average Yield of Palay in All Ecosystems in the Philippines by Municipality.xlsx,False
Laguna,Santa Maria,2023,1,Dry,4.8354,ALL ECOSYSTEMS,2023 Semester 1 Average Yield of Palay in All Ecosystems in the Philippines by Municipality.xlsx,False
Laguna,Siniloan,2023,1,Dry,4.62166,ALL ECOSYSTEMS,2023 Semester 1 Average Yield of Palay in All Ecosystems in the Philippines by Municipality.xlsx,False
Laguna,Victoria,2023,1,Dry,4.92641,ALL ECOSYSTEMS,2023 Semester 1 Average Yield of Palay in All Ecosystems in the Philippines by Municipality.xlsx,False
Laguna,Alaminos,2023,2,Wet,3.97615,ALL ECOSYSTEMS,2023 Semester 2 Average Yield of Palay in All Ecosystems in the Philippines by Municipality.xlsx,False
Laguna,Bay,2023,2,Wet,4.53374,ALL ECOSYSTEMS,2023 Semester 2 Average Yield of Palay in All Ecosystems in the Philippines by Municipality.xlsx,False
Laguna,Calauan,2023,2,Wet,4.44397,ALL ECOSYSTEMS,2023 Semester 2 Average Yield of Palay in All Ecosystems in the Philippines by Municipality.xlsx,False
Laguna,Cavinti,2023,2,Wet,3.96869,ALL ECOSYSTEMS,2023 Semester 2 Average Yield of Palay in All Ecosystems in the Philippines by Municipality.xlsx,False
Laguna,City of Biñan,2023,2,Wet,3.81274,ALL ECOSYSTEMS,2023 Semester 2 Average Yield of Palay in All Ecosystems in the Philippines by Municipality.xlsx,False
Laguna,City of Cabuyao,2023,2,Wet,4.26304,ALL ECOSYSTEMS,2023 Semester 2 Average Yield of Palay in All Ecosystems in the Philippines by Municipality.xlsx,False
Laguna,City of Calamba,2023,2,Wet,4.22147,ALL ECOSYSTEMS,2023 Semester 2 Average Yield of Palay in All Ecosystems in the Philippines by Municipality.xlsx,False
Laguna,City of San Pablo,2023,2,Wet,4.37983,ALL ECOSYSTEMS,2023 Semester 2 Average Yield of Palay in All Ecosystems in the Philippines by Municipality.xlsx,False
Laguna,City of Santa Rosa,2023,2,Wet,3.94328,ALL ECOSYSTEMS,2023 Semester 2 Average Yield of Palay in All Ecosystems in the Philippines by Municipality.xlsx,False
Laguna,Famy,2023,2,Wet,4.61695,ALL ECOSYSTEMS,2023 Semester 2 Average Yield of Palay in All Ecosystems in the Philippines by Municipality.xlsx,False
Laguna,Kalayaan,2023,2,Wet,3.94292,ALL ECOSYSTEMS,2023 Semester 2 Average Yield of Palay in All Ecosystems in the Philippines by Municipality.xlsx,False
Laguna,Liliw,2023,2,Wet,4.55209,ALL ECOSYSTEMS,2023 Semester 2 Average Yield of Palay in All Ecosystems in the Philippines by Municipality.xlsx,False
Laguna,Los Baños,2023,2,Wet,4.14172,ALL ECOSYSTEMS,2023 Semester 2 Average Yield of Palay in All Ecosystems in the Philippines by Municipality.xlsx,False
Laguna,Luisiana,2023,2,Wet,3.94904,ALL ECOSYSTEMS,2023 Semester 2 Average Yield of Palay in All Ecosystems in the Philippines by Municipality.xlsx,False
Laguna,Lumban,2023,2,Wet,4.20237,ALL ECOSYSTEMS,2023 Semester 2 Average Yield of Palay in All Ecosystems in the Philippines by Municipality.xlsx,False
Laguna,Mabitac,2023,2,Wet,4.50353,ALL ECOSYSTEMS,2023 Semester 2 Average Yield of Palay in All Ecosystems in the Philippines by Municipality.xlsx,False
Laguna,Magdalena,2023,2,Wet,4.39502,ALL ECOSYSTEMS,2023 Semester 2 Average Yield of Palay in All Ecosystems in the Philippines by Municipality.xlsx,False
Laguna,Majayjay,2023,2,Wet,4.13583,ALL ECOSYSTEMS,2023 Semester 2 Average Yield of Palay in All Ecosystems in the Philippines by Municipality.xlsx,False
Laguna,Nagcarlan,2023,2,Wet,4.27001,ALL ECOSYSTEMS,2023 Semester 2 Average Yield of Palay in All Ecosystems in the Philippines by Municipality.xlsx,False
Laguna,Paete,2023,2,Wet,4.43316,ALL ECOSYSTEMS,2023 Semester 2 Average Yield of Palay in All Ecosystems in the Philippines by Municipality.xlsx,False
Laguna,Pagsanjan,2023,2,Wet,4.24173,ALL ECOSYSTEMS,2023 Semester 2 Average Yield of Palay in All Ecosystems in the Philippines by Municipality.xlsx,False
Laguna,Pakil,2023,2,Wet,4.12618,ALL ECOSYSTEMS,2023 Semester 2 Average Yield of Palay in All Ecosystems in the Philippines by Municipality.xlsx,False
Laguna,Pangil,2023,2,Wet,4.38983,ALL ECOSYSTEMS,2023 Semester 2 Average Yield of Palay in All Ecosystems in the Philippines by Municipality.xlsx,False
Laguna,Pila,2023,2,Wet,4.47445,ALL ECOSYSTEMS,2023 Semester 2 Average Yield of Palay in All Ecosystems in the Philippines by Municipality.xlsx,False
Laguna,Rizal,2023,2,Wet,4.13811,ALL ECOSYSTEMS,2023 Semester 2 Average Yield of Palay in All Ecosystems in the Philippines by Municipality.xlsx,False
Laguna,Santa Cruz,2023,2,Wet,4.43486,ALL ECOSYSTEMS,2023 Semester 2 Average Yield of Palay in All Ecosystems in the Philippines by Municipality.xlsx,False
Laguna,Santa Maria,2023,2,Wet,4.70435,ALL ECOSYSTEMS,2023 Semester 2 Average Yield of Palay in All Ecosystems in the Philippines by Municipality.xlsx,False
Laguna,Siniloan,2023,2,Wet,4.48586,ALL ECOSYSTEMS,2023 Semester 2 Average Yield of Palay in All Ecosystems in the Philippines by Municipality.xlsx,False
Laguna,Victoria,2023,2,Wet,4.52947,ALL ECOSYSTEMS,2023 Semester 2 Average Yield of Palay in All Ecosystems in the Philippines by Municipality.xlsx,False
Laguna,Alaminos,2024,1,Dry,5.83836,ALL ECOSYSTEMS,2024 Semester 1 Average Yield of Palay in All Ecosystems in the Philippines by Municipality.xlsx,False
Laguna,Bay,2024,1,Dry,4.69411,ALL ECOSYSTEMS,2024 Semester 1 Average Yield of Palay in All Ecosystems in the Philippines by Municipality.xlsx,False
Laguna,Calauan,2024,1,Dry,4.71609,ALL ECOSYSTEMS,2024 Semester 1 Average Yield of Palay in All Ecosystems in the Philippines by Municipality.xlsx,False
Laguna,Cavinti,2024,1,Dry,4.41964,ALL ECOSYSTEMS,2024 Semester 1 Average Yield of Palay in All Ecosystems in the Philippines by Municipality.xlsx,False
Laguna,City of Biñan,2024,1,Dry,5.60253,ALL ECOSYSTEMS,2024 Semester 1 Average Yield of Palay in All Ecosystems in the Philippines by Municipality.xlsx,False
Laguna,City of Cabuyao,2024,1,Dry,5.68066,ALL ECOSYSTEMS,2024 Semester 1 Average Yield of Palay in All Ecosystems in the Philippines by Municipality.xlsx,False
Laguna,City of Calamba,2024,1,Dry,5.0325,ALL ECOSYSTEMS,2024 Semester 1 Average Yield of Palay in All Ecosystems in the Philippines by Municipality.xlsx,False
Laguna,City of San Pablo,2024,1,Dry,4.61359,ALL ECOSYSTEMS,2024 Semester 1 Average Yield of Palay in All Ecosystems in the Philippines by Municipality.xlsx,False
Laguna,City of Santa Rosa,2024,1,Dry,5.46691,ALL ECOSYSTEMS,2024 Semester 1 Average Yield of Palay in All Ecosystems in the Philippines by Municipality.xlsx,False
Laguna,Famy,2024,1,Dry,4.45242,ALL ECOSYSTEMS,2024 Semester 1 Average Yield of Palay in All Ecosystems in the Philippines by Municipality.xlsx,False
Laguna,Kalayaan,2024,1,Dry,3.95875,ALL ECOSYSTEMS,2024 Semester 1 Average Yield of Palay in All Ecosystems in the Philippines by Municipality.xlsx,False
Laguna,Liliw,2024,1,Dry,5.12769,ALL ECOSYSTEMS,2024 Semester 1 Average Yield of Palay in All Ecosystems in the Philippines by Municipality.xlsx,False
Laguna,Los Baños,2024,1,Dry,5.31347,ALL ECOSYSTEMS,2024 Semester 1 Average Yield of Palay in All Ecosystems in the Philippines by Municipality.xlsx,False
Laguna,Luisiana,2024,1,Dry,4.39423,ALL ECOSYSTEMS,2024 Semester 1 Average Yield of Palay in All Ecosystems in the Philippines by Municipality.xlsx,False
Laguna,Lumban,2024,1,Dry,4.04333,ALL ECOSYSTEMS,2024 Semester 1 Average Yield of Palay in All Ecosystems in the Philippines by Municipality.xlsx,False
Laguna,Mabitac,2024,1,Dry,4.35098,ALL ECOSYSTEMS,2024 Semester 1 Average Yield of Palay in All Ecosystems in the Philippines by Municipality.xlsx,False
Laguna,Magdalena,2024,1,Dry,5.41164,ALL ECOSYSTEMS,2024 Semester 1 Average Yield of Palay in All Ecosystems in the Philippines by Municipality.xlsx,False
Laguna,Majayjay,2024,1,Dry,4.09981,ALL ECOSYSTEMS,2024 Semester 1 Average Yield of Palay in All Ecosystems in the Philippines by Municipality.xlsx,False
Laguna,Nagcarlan,2024,1,Dry,4.58833,ALL ECOSYSTEMS,2024 Semester 1 Average Yield of Palay in All Ecosystems in the Philippines by Municipality.xlsx,False
Laguna,Paete,2024,1,Dry,4.04066,ALL ECOSYSTEMS,2024 Semester 1 Average Yield of Palay in All Ecosystems in the Philippines by Municipality.xlsx,False
Laguna,Pagsanjan,2024,1,Dry,4.04962,ALL ECOSYSTEMS,2024 Semester 1 Average Yield of Palay in All Ecosystems in the Philippines by Municipality.xlsx,False
Laguna,Pakil,2024,1,Dry,4.48538,ALL ECOSYSTEMS,2024 Semester 1 Average Yield of Palay in All Ecosystems in the Philippines by Municipality.xlsx,False
Laguna,Pangil,2024,1,Dry,3.93958,ALL ECOSYSTEMS,2024 Semester 1 Average Yield of Palay in All Ecosystems in the Philippines by Municipality.xlsx,False
Laguna,Pila,2024,1,Dry,4.41717,ALL ECOSYSTEMS,2024 Semester 1 Average Yield of Palay in All Ecosystems in the Philippines by Municipality.xlsx,False
Laguna,Rizal,2024,1,Dry,3.94947,ALL ECOSYSTEMS,2024 Semester 1 Average Yield of Palay in All Ecosystems in the Philippines by Municipality.xlsx,False
Laguna,Santa Cruz,2024,1,Dry,4.75671,ALL ECOSYSTEMS,2024 Semester 1 Average Yield of Palay in All Ecosystems in the Philippines by Municipality.xlsx,False
Laguna,Santa Maria,2024,1,Dry,4.67847,ALL ECOSYSTEMS,2024 Semester 1 Average Yield of Palay in All Ecosystems in the Philippines by Municipality.xlsx,False
Laguna,Siniloan,2024,1,Dry,3.96338,ALL ECOSYSTEMS,2024 Semester 1 Average Yield of Palay in All Ecosystems in the Philippines by Municipality.xlsx,False
Laguna,Victoria,2024,1,Dry,4.58324,ALL ECOSYSTEMS,2024 Semester 1 Average Yield of Palay in All Ecosystems in the Philippines by Municipality.xlsx,False
Laguna,Alaminos,2024,2,Wet,3.524,ALL ECOSYSTEMS,2024 Semester 2 Average Yield of Palay in All Ecosystems in the Philippines by Municipality.xlsx,False
Laguna,Bay,2024,2,Wet,3.919,ALL ECOSYSTEMS,2024 Semester 2 Average Yield of Palay in All Ecosystems in the Philippines by Municipality.xlsx,False
Laguna,Calauan,2024,2,Wet,3.852,ALL ECOSYSTEMS,2024 Semester 2 Average Yield of Palay in All Ecosystems in the Philippines by Municipality.xlsx,False
Laguna,Cavinti,2024,2,Wet,3.319,ALL ECOSYSTEMS,2024 Semester 2 Average Yield of Palay in All Ecosystems in the Philippines by Municipality.xlsx,False
Laguna,City of Biñan,2024,2,Wet,3.61,ALL ECOSYSTEMS,2024 Semester 2 Average Yield of Palay in All Ecosystems in the Philippines by Municipality.xlsx,False
Laguna,City of Cabuyao,2024,2,Wet,3.736,ALL ECOSYSTEMS,2024 Semester 2 Average Yield of Palay in All Ecosystems in the Philippines by Municipality.xlsx,False
Laguna,City of Calamba,2024,2,Wet,3.77,ALL ECOSYSTEMS,2024 Semester 2 Average Yield of Palay in All Ecosystems in the Philippines by Municipality.xlsx,False
Laguna,City of San Pablo,2024,2,Wet,3.754,ALL ECOSYSTEMS,2024 Semester 2 Average Yield of Palay in All Ecosystems in the Philippines by Municipality.xlsx,False
Laguna,City of Santa Rosa,2024,2,Wet,3.599,ALL ECOSYSTEMS,2024 Semester 2 Average Yield of Palay in All Ecosystems in the Philippines by Municipality.xlsx,False
Laguna,Famy,2024,2,Wet,4.037,ALL ECOSYSTEMS,2024 Semester 2 Average Yield of Palay in All Ecosystems in the Philippines by Municipality.xlsx,False
Laguna,Kalayaan,2024,2,Wet,3.372,ALL ECOSYSTEMS,2024 Semester 2 Average Yield of Palay in All Ecosystems in the Philippines by Municipality.xlsx,False
Laguna,Liliw,2024,2,Wet,3.931,ALL ECOSYSTEMS,2024 Semester 2 Average Yield of Palay in All Ecosystems in the Philippines by Municipality.xlsx,False
Laguna,Los Baños,2024,2,Wet,3.609,ALL ECOSYSTEMS,2024 Semester 2 Average Yield of Palay in All Ecosystems in the Philippines by Municipality.xlsx,False
Laguna,Luisiana,2024,2,Wet,3.197,ALL ECOSYSTEMS,2024 Semester 2 Average Yield of Palay in All Ecosystems in the Philippines by Municipality.xlsx,False
Laguna,Lumban,2024,2,Wet,3.62,ALL ECOSYSTEMS,2024 Semester 2 Average Yield of Palay in All Ecosystems in the Philippines by Municipality.xlsx,False
Laguna,Mabitac,2024,2,Wet,3.926,ALL ECOSYSTEMS,2024 Semester 2 Average Yield of Palay in All Ecosystems in the Philippines by Municipality.xlsx,False
Laguna,Magdalena,2024,2,Wet,3.897,ALL ECOSYSTEMS,2024 Semester 2 Average Yield of Palay in All Ecosystems in the Philippines by Municipality.xlsx,False
Laguna,Majayjay,2024,2,Wet,3.458,ALL ECOSYSTEMS,2024 Semester 2 Average Yield of Palay in All Ecosystems in the Philippines by Municipality.xlsx,False
Laguna,Nagcarlan,2024,2,Wet,3.671,ALL ECOSYSTEMS,2024 Semester 2 Average Yield of Palay in All Ecosystems in the Philippines by Municipality.xlsx,False
Laguna,Paete,2024,2,Wet,3.119,ALL ECOSYSTEMS,2024 Semester 2 Average Yield of Palay in All Ecosystems in the Philippines by Municipality.xlsx,False
Laguna,Pagsanjan,2024,2,Wet,3.837,ALL ECOSYSTEMS,2024 Semester 2 Average Yield of Palay in All Ecosystems in the Philippines by Municipality.xlsx,False
Laguna,Pakil,2024,2,Wet,3.302,ALL ECOSYSTEMS,2024 Semester 2 Average Yield of Palay in All Ecosystems in the Philippines by Municipality.xlsx,False
Laguna,Pangil,2024,2,Wet,3.769,ALL ECOSYSTEMS,2024 Semester 2 Average Yield of Palay in All Ecosystems in the Philippines by Municipality.xlsx,False
Laguna,Pila,2024,2,Wet,3.873,ALL ECOSYSTEMS,2024 Semester 2 Average Yield of Palay in All Ecosystems in the Philippines by Municipality.xlsx,False
Laguna,Rizal,2024,2,Wet,3.43,ALL ECOSYSTEMS,2024 Semester 2 Average Yield of Palay in All Ecosystems in the Philippines by Municipality.xlsx,False
Laguna,Santa Cruz,2024,2,Wet,3.793,ALL ECOSYSTEMS,2024 Semester 2 Average Yield of Palay in All Ecosystems in the Philippines by Municipality.xlsx,False
Laguna,Santa Maria,2024,2,Wet,4.044,ALL ECOSYSTEMS,2024 Semester 2 Average Yield of Palay in All Ecosystems in the Philippines by Municipality.xlsx,False
Laguna,Siniloan,2024,2,Wet,3.895,ALL ECOSYSTEMS,2024 Semester 2 Average Yield of Palay in All Ecosystems in the Philippines by Municipality.xlsx,False
Laguna,Victoria,2024,2,Wet,3.869,ALL ECOSYSTEMS,2024 Semester 2 Average Yield of Palay in All Ecosystems in the Philippines by Municipality.xlsx,False
Laguna,Alaminos,2025,1,Dry,3.61671,ALL ECOSYSTEMS,2025 Semester 1 Average Yield of Palay in All Ecosystems in the Philippines by Municipality.xlsx,False
Laguna,Bay,2025,1,Dry,4.94538,ALL ECOSYSTEMS,2025 Semester 1 Average Yield of Palay in All Ecosystems in the Philippines by Municipality.xlsx,False
Laguna,Calauan,2025,1,Dry,4.78313,ALL ECOSYSTEMS,2025 Semester 1 Average Yield of Palay in All Ecosystems in the Philippines by Municipality.xlsx,False
Laguna,Cavinti,2025,1,Dry,3.66486,ALL ECOSYSTEMS,2025 Semester 1 Average Yield of Palay in All Ecosystems in the Philippines by Municipality.xlsx,False
Laguna,City of Biñan,2025,1,Dry,4.08119,ALL ECOSYSTEMS,2025 Semester 1 Average Yield of Palay in All Ecosystems in the Philippines by Municipality.xlsx,False
Laguna,City of Cabuyao,2025,1,Dry,3.89592,ALL ECOSYSTEMS,2025 Semester 1 Average Yield of Palay in All Ecosystems in the Philippines by Municipality.xlsx,False
Laguna,City of Calamba,2025,1,Dry,4.37207,ALL ECOSYSTEMS,2025 Semester 1 Average Yield of Palay in All Ecosystems in the Philippines by Municipality.xlsx,False
Laguna,City of San Pablo,2025,1,Dry,3.94521,ALL ECOSYSTEMS,2025 Semester 1 Average Yield of Palay in All Ecosystems in the Philippines by Municipality.xlsx,False
Laguna,City of Santa Rosa,2025,1,Dry,4.27719,ALL ECOSYSTEMS,2025 Semester 1 Average Yield of Palay in All Ecosystems in the Philippines by Municipality.xlsx,False
Laguna,Famy,2025,1,Dry,4.58424,ALL ECOSYSTEMS,2025 Semester 1 Average Yield of Palay in All Ecosystems in the Philippines by Municipality.xlsx,False
Laguna,Kalayaan,2025,1,Dry,3.91862,ALL ECOSYSTEMS,2025 Semester 1 Average Yield of Palay in All Ecosystems in the Philippines by Municipality.xlsx,False
Laguna,Liliw,2025,1,Dry,4.12058,ALL ECOSYSTEMS,2025 Semester 1 Average Yield of Palay in All Ecosystems in the Philippines by Municipality.xlsx,False
Laguna,Los Baños,2025,1,Dry,3.58221,ALL ECOSYSTEMS,2025 Semester 1 Average Yield of Palay in All Ecosystems in the Philippines by Municipality.xlsx,False
Laguna,Luisiana,2025,1,Dry,3.67634,ALL ECOSYSTEMS,2025 Semester 1 Average Yield of Palay in All Ecosystems in the Philippines by Municipality.xlsx,False
Laguna,Lumban,2025,1,Dry,4.50725,ALL ECOSYSTEMS,2025 Semester 1 Average Yield of Palay in All Ecosystems in the Philippines by Municipality.xlsx,False
Laguna,Mabitac,2025,1,Dry,4.8319,ALL ECOSYSTEMS,2025 Semester 1 Average Yield of Palay in All Ecosystems in the Philippines by Municipality.xlsx,False
Laguna,Magdalena,2025,1,Dry,3.93489,ALL ECOSYSTEMS,2025 Semester 1 Average Yield of Palay in All Ecosystems in the Philippines by Municipality.xlsx,False
Laguna,Majayjay,2025,1,Dry,3.52245,ALL ECOSYSTEMS,2025 Semester 1 Average Yield of Palay in All Ecosystems in the Philippines by Municipality.xlsx,False
Laguna,Nagcarlan,2025,1,Dry,4.22053,ALL ECOSYSTEMS,2025 Semester 1 Average Yield of Palay in All Ecosystems in the Philippines by Municipality.xlsx,False
Laguna,Paete,2025,1,Dry,4.24877,ALL ECOSYSTEMS,2025 Semester 1 Average Yield of Palay in All Ecosystems in the Philippines by Municipality.xlsx,False
Laguna,Pagsanjan,2025,1,Dry,4.22853,ALL ECOSYSTEMS,2025 Semester 1 Average Yield of Palay in All Ecosystems in the Philippines by Municipality.xlsx,False
Laguna,Pakil,2025,1,Dry,4.21115,ALL ECOSYSTEMS,2025 Semester 1 Average Yield of Palay in All Ecosystems in the Philippines by Municipality.xlsx,False
Laguna,Pangil,2025,1,Dry,4.73353,ALL ECOSYSTEMS,2025 Semester 1 Average Yield of Palay in All Ecosystems in the Philippines by Municipality.xlsx,False
Laguna,Pila,2025,1,Dry,4.73137,ALL ECOSYSTEMS,2025 Semester 1 Average Yield of Palay in All Ecosystems in the Philippines by Municipality.xlsx,False
Laguna,Rizal,2025,1,Dry,3.82234,ALL ECOSYSTEMS,2025 Semester 1 Average Yield of Palay in All Ecosystems in the Philippines by Municipality.xlsx,False
Laguna,Santa Cruz,2025,1,Dry,4.66992,ALL ECOSYSTEMS,2025 Semester 1 Average Yield of Palay in All Ecosystems in the Philippines by Municipality.xlsx,False
Laguna,Santa Maria,2025,1,Dry,4.97154,ALL ECOSYSTEMS,2025 Semester 1 Average Yield of Palay in All Ecosystems in the Philippines by Municipality.xlsx,False
Laguna,Siniloan,2025,1,Dry,4.70677,ALL ECOSYSTEMS,2025 Semester 1 Average Yield of Palay in All Ecosystems in the Philippines by Municipality.xlsx,False
Laguna,Victoria,2025,1,Dry,5.19894,ALL ECOSYSTEMS,2025 Semester 1 Average Yield of Palay in All Ecosystems in the Philippines by Municipality.xlsx,False
Laguna,Alaminos,2025,2,Wet,3.63895,ALL ECOSYSTEMS,2025 Semester 2 Average Yield of Palay in All Ecosystems in the Philippines by Municipality (1).xlsx,False
Laguna,Bay,2025,2,Wet,3.91901,ALL ECOSYSTEMS,2025 Semester 2 Average Yield of Palay in All Ecosystems in the Philippines by Municipality (1).xlsx,False
Laguna,Calauan,2025,2,Wet,3.86538,ALL ECOSYSTEMS,2025 Semester 2 Average Yield of Palay in All Ecosystems in the Philippines by Municipality (1).xlsx,False
Laguna,Cavinti,2025,2,Wet,3.38834,ALL ECOSYSTEMS,2025 Semester 2 Average Yield of Palay in All Ecosystems in the Philippines by Municipality (1).xlsx,False
Laguna,City of Biñan,2025,2,Wet,3.88066,ALL ECOSYSTEMS,2025 Semester 2 Average Yield of Palay in All Ecosystems in the Philippines by Municipality (1).xlsx,False
Laguna,City of Cabuyao,2025,2,Wet,3.82416,ALL ECOSYSTEMS,2025 Semester 2 Average Yield of Palay in All Ecosystems in the Philippines by Municipality (1).xlsx,False
Laguna,City of Calamba,2025,2,Wet,3.82067,ALL ECOSYSTEMS,2025 Semester 2 Average Yield of Palay in All Ecosystems in the Philippines by Municipality (1).xlsx,False
Laguna,City of San Pablo,2025,2,Wet,4.01528,ALL ECOSYSTEMS,2025 Semester 2 Average Yield of Palay in All Ecosystems in the Philippines by Municipality (1).xlsx,False
Laguna,City of Santa Rosa,2025,2,Wet,3.72801,ALL ECOSYSTEMS,2025 Semester 2 Average Yield of Palay in All Ecosystems in the Philippines by Municipality (1).xlsx,False
Laguna,Famy,2025,2,Wet,3.95376,ALL ECOSYSTEMS,2025 Semester 2 Average Yield of Palay in All Ecosystems in the Philippines by Municipality (1).xlsx,False
Laguna,Kalayaan,2025,2,Wet,3.28499,ALL ECOSYSTEMS,2025 Semester 2 Average Yield of Palay in All Ecosystems in the Philippines by Municipality (1).xlsx,False
Laguna,Liliw,2025,2,Wet,3.89298,ALL ECOSYSTEMS,2025 Semester 2 Average Yield of Palay in All Ecosystems in the Philippines by Municipality (1).xlsx,False
Laguna,Los Baños,2025,2,Wet,3.67264,ALL ECOSYSTEMS,2025 Semester 2 Average Yield of Palay in All Ecosystems in the Philippines by Municipality (1).xlsx,False
Laguna,Luisiana,2025,2,Wet,3.21777,ALL ECOSYSTEMS,2025 Semester 2 Average Yield of Palay in All Ecosystems in the Philippines by Municipality (1).xlsx,False
Laguna,Lumban,2025,2,Wet,3.95641,ALL ECOSYSTEMS,2025 Semester 2 Average Yield of Palay in All Ecosystems in the Philippines by Municipality (1).xlsx,False
Laguna,Mabitac,2025,2,Wet,3.91815,ALL ECOSYSTEMS,2025 Semester 2 Average Yield of Palay in All Ecosystems in the Philippines by Municipality (1).xlsx,False
Laguna,Magdalena,2025,2,Wet,3.84366,ALL ECOSYSTEMS,2025 Semester 2 Average Yield of Palay in All Ecosystems in the Philippines by Municipality (1).xlsx,False
Laguna,Majayjay,2025,2,Wet,3.57955,ALL ECOSYSTEMS,2025 Semester 2 Average Yield of Palay in All Ecosystems in the Philippines by Municipality (1).xlsx,False
Laguna,Nagcarlan,2025,2,Wet,3.87086,ALL ECOSYSTEMS,2025 Semester 2 Average Yield of Palay in All Ecosystems in the Philippines by Municipality (1).xlsx,False
Laguna,Paete,2025,2,Wet,3.40083,ALL ECOSYSTEMS,2025 Semester 2 Average Yield of Palay in All Ecosystems in the Philippines by Municipality (1).xlsx,False
Laguna,Pagsanjan,2025,2,Wet,3.90434,ALL ECOSYSTEMS,2025 Semester 2 Average Yield of Palay in All Ecosystems in the Philippines by Municipality (1).xlsx,False
Laguna,Pakil,2025,2,Wet,3.64456,ALL ECOSYSTEMS,2025 Semester 2 Average Yield of Palay in All Ecosystems in the Philippines by Municipality (1).xlsx,False
Laguna,Pangil,2025,2,Wet,3.88248,ALL ECOSYSTEMS,2025 Semester 2 Average Yield of Palay in All Ecosystems in the Philippines by Municipality (1).xlsx,False
Laguna,Pila,2025,2,Wet,3.96492,ALL ECOSYSTEMS,2025 Semester 2 Average Yield of Palay in All Ecosystems in the Philippines by Municipality (1).xlsx,False
Laguna,Rizal,2025,2,Wet,3.43065,ALL ECOSYSTEMS,2025 Semester 2 Average Yield of Palay in All Ecosystems in the Philippines by Municipality (1).xlsx,False
Laguna,Santa Cruz,2025,2,Wet,3.9001,ALL ECOSYSTEMS,2025 Semester 2 Average Yield of Palay in All Ecosystems in the Philippines by Municipality (1).xlsx,False
Laguna,Santa Maria,2025,2,Wet,3.99055,ALL ECOSYSTEMS,2025 Semester 2 Average Yield of Palay in All Ecosystems in the Philippines by Municipality (1).xlsx,False
Laguna,Siniloan,2025,2,Wet,3.99278,ALL ECOSYSTEMS,2025 Semester 2 Average Yield of Palay in All Ecosystems in the Philippines by Municipality (1).xlsx,False
Laguna,Victoria,2025,2,Wet,3.97158,ALL ECOSYSTEMS,2025 Semester 2 Average Yield of Palay in All Ecosystems in the Philippines by Municipality (1).xlsx,False
