municipality,barangay,year,season,rain_m1,rain_m2,rain_m3,rain_m4,rain_m5,rain_m6,temp_m1,temp_m2,temp_m3,temp_m4,temp_m5,temp_m6,humid_m1,humid_m2,humid_m3,humid_m4,humid_m5,humid_m6,ndvi_m1,ndvi_m2,ndvi_m3,ndvi_m4,ndvi_m5,ndvi_m6,evi_m1,evi_m2,evi_m3,evi_m4,evi_m5,evi_m6,ndwi_m1,ndwi_m2,ndwi_m3,ndwi_m4,ndwi_m5,ndwi_m6,vv_m1,vv_m2,vv_m3,vv_m4,vv_m5,vv_m6,vh_m1,vh_m2,vh_m3,vh_m4,vh_m5,vh_m6,ndvi_present,s1_present,yield_mt_ha
City of Calamba,Banadero,2020,Dry,76.4,70.7,17.7,50.5,219.4,292.9,25.45,24.97,27.27,28.51,29.03,27.96,83.09,78.8,75.57,74.47,80.76,85.67,0.511844211905023,0.37708242603444625,0.487328329535524,0.43446002934342326,0.5388201295493998,0.5358294252668507,0.33665792509086145,0.28151980942736066,0.33985707098282736,0.3319298269243839,0.4140442938733765,0.43095452161326847,-0.4771998110775038,-0.3130967640096233,-0.4726386543055283,-0.4239076888565434,-0.4841834322080683,-0.503472418228343,-6.303685273990607,-6.723664764206535,-6.888684569954008,-7.115285292304285,-6.458084048807566,-6.6379518726375535,-13.982694304578336,-14.584194373693686,-14.549948560829044,-14.496488205655117,-13.689609928901074,-14.10231181905566,6,6,5.03
City of Calamba,Banadero,2020,Wet,342.6,357.5,272.7,709.8,496.3,350.9,27.4,27.05,27.34,26.39,26.27,25.95,88.12,88.97,88.32,92.02,87.48,89.0,0.5359005864723945,0.4194672394352142,0.4404067753288648,0.5470790008724251,,0.5774682371437598,0.4632680709898194,0.4496156764353682,0.5070915737603844,0.3807598588167565,,0.40840678607984,-0.48522977542204104,-0.4638304713675204,-0.39360846287168166,-0.48890239784755607,,-0.527826161139533,-6.6073150741355935,-6.188434041392931,-7.196667803544146,-4.79308066924597,-5.8403510778628736,-6.013184699373294,-12.415060254930035,-13.749093108888726,-13.054476271038618,-12.445717343788763,-13.341458858923861,-13.512573800533884,5,6,1.89
City of Calamba,Banadero,2021,Dry,136.9,96.0,89.7,22.5,129.6,255.8,24.93,25.04,26.43,27.6,28.87,27.93,84.97,84.31,83.52,75.12,78.58,84.32,0.401016987783625,0.5146980965835597,,0.38259160575271084,0.42130033093453584,0.5363214763210101,0.34515559154831776,0.3705323231775211,,0.39900088775290254,0.33072648412817746,0.6110212767825407,-0.34714833331691897,-0.4828631025680432,,-0.3816020385532744,-0.42737754607215345,-0.4621081336894456,-6.283559094132204,-5.472981350775256,-6.457589491114407,-6.498468720985772,-6.802039746935704,-6.016331609646373,-13.96200893929405,-13.195324923819014,-14.021676907830102,-13.99213606553299,-14.187030775470802,-13.473232733923359,5,6,5.28
City of Calamba,Banadero,2022,Dry,32.0,74.5,71.3,172.9,214.6,300.6,25.44,26.07,27.58,27.36,28.13,27.44,78.83,79.63,77.19,79.03,80.16,85.26,,0.512815715751784,0.505464552910735,0.4367351110425438,0.5784749734218234,,,0.40038100728668014,0.3700089950963798,0.3780036544451654,0.4583180804343225,,,-0.47990995392495805,-0.48705629760112246,-0.4033780292282365,-0.5186346151104716,,-7.083297520663957,-7.29392534183613,-7.45195766473242,-6.556887443396256,-6.494953143519165,-5.993473043872648,-12.82797616184968,-13.057915721014584,-13.313427850806992,-12.273159025727127,-12.385994944945056,-11.997738292459696,4,6,5.28
City of Calamba,Banadero,2022,Wet,386.3,424.0,324.2,477.9,138.6,127.2,27.03,26.52,26.78,26.75,26.6,25.49,88.86,89.62,88.08,87.55,87.06,85.5,,0.6253885285600683,0.6870901682772319,,,0.5415162708585549,,0.5379701223635773,0.4590103577535887,,,0.4106990158839892,,-0.5363300611604719,-0.6218202443650136,,,-0.49504473181552805,-5.667293134684614,-6.507679676728196,-6.103137828311311,-6.080850340098002,-5.708986438814908,-7.136258999466622,-11.584777117944807,-12.295127103384646,-11.834890101400774,-11.732478160921294,-11.556121215891595,-12.619467024780015,3,6,4.15
City of Calamba,Banadero,2023,Dry,135.1,51.4,12.8,166.4,176.3,289.8,24.91,25.6,26.44,27.68,28.27,27.62,84.41,79.22,73.18,77.56,82.05,85.93,0.5667245219798123,0.41088910859364725,0.4411173553795712,0.5265027227385859,0.5210253622207438,0.5798633812234752,0.41350961041706313,0.41686086490368224,0.35808126117828154,0.4370686846437856,0.47739679327574625,0.5034509334394336,-0.5184241336480141,-0.3371931112602227,-0.431428269434525,-0.48943149351085274,-0.46130395587080614,-0.5212438137376643,-7.300407459556398,-7.12683956338815,-7.439395574434884,-7.226546181944605,-7.15289696696578,-6.768727738708418,-12.708831556487139,-12.866267572930171,-12.995670351498218,-12.841388172792545,-12.833164377892183,-12.630413766495503,6,6,5.27
City of Calamba,Banadero,2023,Wet,305.0,132.8,334.5,151.4,110.5,60.9,27.55,27.99,27.17,27.06,26.81,26.53,86.32,83.19,89.35,86.95,84.44,83.86,,0.38812784188431887,0.5971191946115816,0.4117832512157531,,0.6011666698230445,,0.45687776486052906,0.4397389662199977,0.40486019779068433,,0.46394529952389796,,-0.361043656666651,-0.5392083563504869,-0.38223736766777106,,-0.5345686485020232,-6.0906557537243735,-6.601540699924498,-6.230536995012112,-5.787048160801813,-6.080226611460382,-6.003328104080779,-11.949480915745673,-12.46302312751502,-12.129992246760247,-11.711237195896405,-11.889612610991092,-11.960856539851703,4,6,4.61
City of Calamba,Banadero,2024,Dry,10.7,6.2,38.0,17.3,249.3,380.1,25.81,26.53,27.2,29.7,29.77,27.91,77.14,74.81,74.67,69.55,75.44,88.0,0.4532419247769338,0.504777402864904,0.45340320569006826,0.4195617119387399,,0.42010288374601773,0.3410787096593616,0.3457477128844639,0.32025009766665113,0.3084917126683858,,0.4274791122837045,-0.43706084809504275,-0.49411091036351396,-0.44383472435598714,-0.45002356130525356,,-0.38639850637762385,-7.017682459668915,-7.197828092191387,-7.332176458109571,-7.569081125161206,-7.546252499494508,-6.940139539521965,-12.42137391495131,-12.81975912050812,-12.830155597053748,-13.352238002470402,-13.070686072723433,-12.61858669756836,5,6,5.08
City of Calamba,Banadero,2024,Wet,450.3,274.3,338.2,358.6,59.8,228.8,26.95,27.52,27.29,26.96,27.53,25.93,89.78,87.91,87.55,87.95,81.93,87.48,0.5503501832820055,0.3997075034781945,0.7083859079102032,0.609218010680245,0.47538413607576596,0.4838191455677629,0.5871937307246616,0.4791810729216007,0.46295544632915353,0.47891907967248976,0.35922078324803164,0.4227964653186474,-0.47205134754937694,-0.35028227912478627,-0.6242057351533477,-0.5530934449832433,-0.47203229556162807,-0.42890439771362143,-5.501401498862718,-6.168109445678314,-6.528968800658821,-6.686054043539337,-7.15090865479744,-5.927545654193215,-13.013595305854476,-12.095097093708787,-12.40859000565653,-12.273563522424062,-12.799871895250618,-11.631609339732236,6,6,2.36
City of Calamba,Banlic,2020,Dry,61.3,49.3,14.4,28.9,239.6,263.1,25.56,25.22,27.46,28.6,29.14,28.1,83.13,78.15,75.72,74.6,80.44,84.84,0.6181942878133354,0.5114700428875428,0.46956151291551873,0.4094485435026633,0.5028639129754651,0.42608819773165535,0.3849032067116803,0.41625984691615636,0.3356659928622998,0.32479176798667575,0.3866268232579411,0.2989257757205061,-0.5485659829909134,-0.48124658389105657,-0.4793999879764867,-0.4225628929254352,-0.46838136140278935,-0.40486074085575724,-6.95164564098374,-7.577509739333382,-7.265400134382848,-7.337773595645564,-6.543556938285344,-6.9139035644171525,-14.750255460920108,-14.695182773421568,-14.11061716285119,-14.553631729599243,-13.407689194013892,-15.100836759064595,6,6,6.08
City of Calamba,Banlic,2020,Wet,333.0,313.8,235.6,550.6,428.7,368.9,27.51,27.11,27.43,26.55,26.35,26.01,87.03,88.14,87.78,90.92,87.71,89.17,0.5222068166967381,0.3801824917732658,0.5152602633345151,0.440391146358038,,0.4748651560195566,0.3754973001100736,0.3504955693553227,0.49676870021060915,0.29648406322770277,,0.28759905247559114,-0.4482590079455324,-0.4325815318625863,-0.4473733649118566,-0.43543399325266896,,-0.4494084045518429,-7.43476711813534,-7.275813768312584,-7.629305837839514,-4.985771065875416,-6.00369848242302,-6.494980286550559,-14.25322146784277,-14.321887119796951,-12.620102078707477,-11.992378954991834,-13.924463104084387,-14.684775322778869,5,6,4.74
City of Calamba,Banlic,2021,Dry,113.8,76.6,76.3,16.6,106.8,261.1,24.97,25.07,26.57,27.87,29.01,28.04,85.5,84.67,83.52,74.46,78.12,83.4,0.39901722407617124,0.6269598267562606,,0.41698897920138794,0.3981354380474932,0.36146811830596737,0.3191641536180205,0.4298583006045143,,0.41716645036507854,0.31946130391909044,0.38752668745919383,-0.3493147797718822,-0.5664255647149146,,-0.3923927022110018,-0.4207388521880167,-0.2828134796360844,-6.947070745669308,-6.453820987545734,-7.025265851025569,-6.659022338130747,-7.1691203263712655,-6.70923908068567,-15.039365646902361,-13.745252163724778,-14.165622054335117,-13.75004464425452,-14.383804597520875,-14.566611124487583,5,6,5.43
City of Calamba,Banlic,2021,Wet,314.7,248.9,395.8,234.5,64.6,97.0,27.45,27.32,26.94,26.72,27.12,25.74,86.57,86.91,89.48,88.0,83.9,81.32,0.42813336271790287,0.3472696426421848,0.6198480609016572,0.4497470946450019,0.5718410346196608,0.49758742716967025,0.49343547278589744,0.36843258528344647,0.4412397115768511,0.40380032582973796,0.4264638099944993,0.30370956356516254,-0.3721061326050379,-0.2759033165983297,-0.5517186390333899,-0.4366119661513685,-0.5228754893531289,-0.46322972214128544,-6.008818632114376,-7.770406418527987,-7.146308391511168,-7.189639367260151,-5.687957547843054,-7.5033603445984625,-14.448904594016515,-13.758010639377265,-14.340908994942817,-13.1140322680425,-13.574908460737513,-14.127185701918945,6,6,4.9
City of Calamba,Banlic,2022,Dry,42.6,41.4,63.6,122.2,238.6,315.0,25.74,26.32,27.88,27.64,28.28,27.62,77.72,78.64,75.79,77.75,80.1,84.65,,0.5527333287769778,0.4447623494146952,0.5110671010593206,0.4967224994257484,,,0.41599877343157693,0.31686053163185995,0.41492748633016807,0.35491612221963964,,,-0.5062728707827242,-0.45594431003404606,-0.4641922362907854,-0.46503834442579634,,-7.514916600696098,-7.446516378959686,-7.732814417869478,-6.670984347521431,-6.585536494470112,-6.747633153842113,-13.822397373909808,-13.14031542632422,-13.261563609734244,-12.062539831143495,-12.321055465624633,-13.158400469554095,4,6,5.43
City of Calamba,Banlic,2022,Wet,366.4,439.8,332.9,459.5,94.1,122.2,27.12,26.64,26.81,26.87,26.66,25.62,88.48,89.02,87.72,87.27,87.26,85.46,0.4730685932499375,0.528143945471362,,0.2989496027429899,,0.4625234116546813,0.3040423712414153,0.42306706481614825,,0.292512792845567,,0.3054243255482847,-0.4884563623829293,-0.4797919943241891,,-0.24438676287730532,,-0.4257324660248185,-6.702940498081299,-7.420492184801467,-6.692922632837147,-6.11953548648298,-6.268169200163468,-7.311199939272803,-12.65504782234888,-12.806059478362611,-11.949642204473507,-11.51276178459337,-12.201182369784174,-13.576845318428306,4,6,4.56
City of Calamba,Banlic,2023,Dry,102.1,62.5,20.4,152.3,145.2,249.6,25.05,25.8,26.67,27.83,28.54,27.85,84.02,78.49,72.55,77.59,80.24,84.31,0.5149265322837416,0.4103329301014275,0.41387537154224724,0.46329682736485334,0.4916503733464285,0.4869956693414673,0.31792963821111875,0.4041679033195362,0.3236972542149908,0.37423664003724305,0.4273105679423888,0.3819036025799153,-0.4774149607908837,-0.3355800174176694,-0.41721789577766266,-0.4511474298842776,-0.4519790884371122,-0.45166167269438273,-7.629815117128782,-7.073101185964222,-7.746738428325165,-7.632185727699481,-7.338760928757401,-7.076176453716216,-13.40173223167649,-12.84650092887799,-13.07171432551319,-13.023846812431955,-12.787950366476432,-12.926711871650458,6,6,5.2
City of Calamba,Banlic,2023,Wet,302.7,76.7,279.8,133.9,85.4,51.6,27.74,28.32,27.43,27.28,27.15,26.83,85.03,80.14,87.4,85.95,82.52,82.34,0.40860821321549834,0.3454139551814006,0.5944558447141743,0.42758770629071574,,0.5060281435691154,0.2914114955590724,0.4441213608160318,0.407915525145516,0.37557090142752414,,0.41841957985715733,-0.4550148649185753,-0.27937643956330915,-0.5488353370628012,-0.4062634764708695,,-0.4573536708994887,-6.375483922996232,-7.000500548978064,-6.701408299076505,-5.941457087428009,-6.436278303509157,-6.363880171651885,-12.429576498595615,-12.681067379284341,-11.924389375499846,-11.237586231413243,-11.879019210156484,-12.404862717635135,5,6,5.03
City of Calamba,Banlic,2024,Dry,8.3,14.0,30.1,31.7,246.1,320.8,26.03,26.57,27.2,29.49,29.64,28.14,76.24,75.13,75.36,71.9,76.52,86.68,-0.07060489431023598,0.5262406034911007,0.4057797626169204,0.419320601656811,,0.39239444484278324,-0.10854518041014671,0.3709200783054261,0.2933195750338654,0.3193601451374522,,0.4062363275853223,0.059177091345191,-0.5120408967897855,-0.4182249032448876,-0.4462549661605227,,-0.3636319172954869,-6.871344239083777,-7.183316116585193,-7.427025379880484,-7.4058269844880735,-7.392607380332416,-6.8521703816643305,-12.318926246484207,-12.305430420381688,-12.347207643265188,-12.748174256407168,-12.580426597560797,-12.493961849411276,5,6,5.43
City of Calamba,Banlic,2024,Wet,431.0,253.6,309.2,294.0,81.3,204.4,27.15,27.65,27.43,27.16,27.6,26.05,88.63,86.85,86.81,86.83,82.28,87.32,0.44954266634775664,0.25496523578961694,0.5323746487105996,0.49503466047617645,0.44894026824985567,0.4332137405424881,0.44245906971025983,0.4160720686117809,0.3763792180228968,0.37921613949304966,0.33165302244056244,0.3384182274430716,-0.38262308305382997,-0.22294200261433916,-0.49663698305156234,-0.4800620037741957,-0.4395266041043065,-0.42597430451094015,-5.514345991016974,-6.700568760875953,-6.718643305035941,-6.2676389097502865,-6.873589886433462,-6.115570927403729,-13.15502597188839,-11.775313650774004,-11.807420740690105,-11.254563452201563,-12.107133537308613,-11.80116466621988,6,6,4.64
City of Calamba,Banlic,2025,Dry,68.0,136.1,70.3,26.8,131.2,329.7,25.65,25.92,27.1,29.56,28.93,27.38,83.81,82.1,78.09,71.34,77.73,87.29,0.4551010880407347,0.4911824815267313,0.5037589384173563,0.4109426290860808,0.47116845579299726,,0.3414912201057339,0.4589676515690922,0.39074191182429946,0.33977992132003076,0.3974749730769385,,-0.44715849407188274,-0.4282520613520471,-0.48105574988466093,-0.4194835974361509,-0.44426840992680366,,-6.197963154675116,-6.912933574014533,-6.652478551666305,-6.784395401938461,-6.711605207541749,-5.068342444795503,-11.926507278855153,-12.156100542499688,-11.895831373109308,-14.569580801816631,-11.980583234732574,-13.612228077313063,5,6,5.53
City of Calamba,Banlic,2025,Wet,345.6,320.6,342.4,244.9,208.9,53.2,27.25,27.05,26.42,26.77,26.71,26.32,85.69,85.54,90.03,88.8,87.3,83.13,,0.4227219897408129,0.5103550133122444,,0.49524572739327255,,,0.3917572617430356,0.40695809894799856,,0.34540071390861893,,,-0.39010371163676916,-0.4619897860236801,,-0.46692946017769354,,-5.526908729733843,-6.139972048285332,-4.741680446289276,-6.057331755141828,-4.800281192038408,,-13.388244335360348,-11.681463947956939,-12.494511995991259,-11.40137623787834,-12.661400511872381,,3,5,3.19
City of Calamba,Barangay 7,2020,Dry,76.4,70.7,17.7,50.5,219.4,292.9,25.48,25.0,27.29,28.53,29.06,27.97,83.1,78.8,75.57,74.47,80.76,85.67,0.48368208360632897,0.6698135387512942,0.5623790128905933,0.5022671320978711,0.5032753288241614,0.4854801170669246,0.2934009832742644,0.562073979166246,0.4260583572897316,0.4196248792116191,0.39248330511163404,0.34943674134404173,-0.45948490215090976,-0.5655083516913076,-0.5302776527241805,-0.46634343304288584,-0.4692693546643332,-0.45952308249477813,-5.651050101760553,-6.3186456423047765,-7.0132913153890435,-6.571205057296786,-6.007689491834339,-5.854437144526259,-13.776479461892151,-13.96266726525582,-13.67360780852706,-13.845586479702323,-12.93805985459903,-13.956343081482855,6,6,5.4
City of Calamba,Barangay 7,2020,Wet,342.6,357.5,272.7,709.8,496.3,350.9,27.42,27.08,27.36,26.41,26.3,25.99,88.12,88.97,88.32,92.03,87.48,89.0,0.48394985019786974,,0.5374868201791863,0.491160541317019,,0.7111200059322934,0.3997995514403527,,0.5862011338273684,0.32861102661851305,,0.522904782252092,-0.44424994995332606,,-0.4607425332227586,-0.47264036562764217,,-0.6041080856793805,-6.706469076791735,-6.275337415233384,-6.985447712547887,-4.165485245246015,-5.476806634243024,-5.397451649826298,-12.377639002163123,-13.186346482986371,-11.847909106793091,-11.416226207828416,-12.277969099113792,-12.877057936295344,4,6,4.82
City of Calamba,Barangay 7,2021,Dry,136.9,96.0,89.7,22.5,129.6,255.8,24.95,25.06,26.46,27.62,28.9,27.95,84.97,84.31,83.53,75.12,78.59,84.32,,0.5495450669428106,,,0.48698078751736634,,,0.37579363771647495,,,0.40421573516492265,,,-0.5208582850542787,,,-0.4695732319970805,,-5.807518646607554,-5.378277765866012,-6.310682433005061,-6.006861911249481,-6.062235609150969,-5.586327430957907,-13.674008394795427,-13.050083705199052,-13.681209680212904,-13.315760150380083,-13.489881407207164,-13.058087278648772,2,6,5.38
City of Calamba,Barangay 7,2021,Wet,356.0,291.8,439.3,255.2,85.4,104.0,27.24,27.21,26.81,26.66,26.97,25.53,88.16,88.0,90.49,87.9,84.05,82.13,,0.2507648102087633,0.5623048546651878,0.49311043496785395,0.059276364743709564,0.47764953772217467,,0.24167335527283815,0.4138039540700382,0.38822962903764624,0.1102520078420639,0.3275164005871888,,-0.20828521860497332,-0.5312264854509966,-0.48688211753672306,-0.06271238625049591,-0.4839400512173072,-5.336163943211306,-7.437291973550707,-6.38526389830616,-6.807495047909503,-5.138180699920285,-7.183858113857072,-13.217195702270716,-12.462087520602108,-13.36535347613688,-11.601287720679634,-12.235967053493992,-12.843622344804778,5,6,5.19
City of Calamba,Barangay 7,2022,Dry,32.0,74.5,71.3,172.9,214.6,300.6,25.46,26.09,27.61,27.38,28.15,27.48,78.84,79.64,77.2,79.04,80.17,85.26,,0.5383102983998307,0.5580397451924136,0.4449573389884135,0.5333299224741768,,,0.3988634561112203,0.4242606624382849,0.36909613374706507,0.39939233350408665,,,-0.5061791897825921,-0.5308488409223319,-0.43134674282682484,-0.49368919102384423,,-7.11922026911175,-7.122243172161174,-7.9896663701180755,-6.606475783800567,-6.712360286834757,-6.65342540596343,-12.806442845188243,-12.42174895075311,-12.631958757029917,-11.469235709321023,-11.745320926097218,-12.701484656364446,4,6,5.38
City of Calamba,Barangay 7,2022,Wet,386.3,424.0,324.2,477.9,138.6,127.2,27.05,26.55,26.82,26.76,26.62,25.52,88.86,89.63,88.09,87.55,87.07,85.51,,-0.27518752217292786,,,,0.43761753449855945,,-0.45361974835395813,,,,0.28965426205267486,,0.24114567041397095,,,,-0.4250227918522848,-5.92546623349416,-7.3721754749075386,-6.537132302020097,-5.990089275956481,-5.2861760472318355,-6.826780454354624,-11.633298040810097,-12.068847643504824,-11.429106738530438,-11.391756095135246,-10.843627621552114,-12.859545794915443,2,6,4.42
City of Calamba,Barangay 7,2023,Dry,135.1,51.4,12.8,166.4,176.3,289.8,24.94,25.65,26.46,27.7,28.29,27.65,84.42,79.23,73.18,77.56,82.05,85.93,0.3900322766468101,,0.34035627569394417,0.48454793086651116,0.5212699046874811,0.44732063159730545,0.26090838251870657,,0.2619716322526463,0.40736805804720183,0.44798947698776564,0.3551608880984189,-0.42334397510894234,,-0.34472181102333255,-0.46649505136455277,-0.47170431703262294,-0.4214036630530077,-6.838507312045897,-6.927927674732807,-7.622371143791422,-7.2222868656684724,-6.742534841650501,-6.7025234758181425,-12.386580500842365,-12.113878315650934,-12.439465884228973,-12.361627691352652,-12.009365359280691,-12.053058087928932,5,6,3.21
City of Calamba,Barangay 7,2023,Wet,305.0,132.8,334.5,151.4,110.5,60.9,27.58,28.01,27.2,27.09,26.83,26.56,86.32,83.2,89.36,86.95,84.44,83.86,,,0.5415757223495692,0.38429883631314626,,0.42584377568205156,,,0.399795757026188,0.33998242760606545,,0.3223527849075105,,,-0.5234577201900678,-0.36405196417709446,,-0.4324499435118724,-6.33027772568094,-7.044039782619491,-6.5200638589610165,-5.801653951692674,-5.8618688102615994,-6.4223419979367335,-12.21824097543688,-12.203781758014113,-11.622536511717334,-11.160518012110924,-11.011261866965766,-12.140080144783907,3,6,4.17
City of Calamba,Barangay 7,2024,Dry,10.7,6.2,38.0,17.3,249.3,380.1,25.84,26.56,27.23,29.72,29.8,27.95,77.15,74.81,74.68,69.56,75.44,88.0,0.45567585410460815,0.5788130455300995,0.5119377441106022,0.49224449369020984,,0.40982190250735934,0.358108724398434,0.43116021204546634,0.42679441028705223,0.3643021881397009,,0.47016698890125597,-0.4493102071659022,-0.5510451833999399,-0.4784833054951416,-0.4930731589976276,,-0.35984395275410924,-6.971105967837927,-6.845338121500158,-7.415274408053273,-7.138063029762029,-6.522266432986364,-6.391276086462371,-12.419484086248845,-12.32091795459446,-12.152492330718436,-12.461806602346739,-11.923574055508054,-12.150440430714642,5,6,6.37
City of Calamba,Barangay 7,2024,Wet,450.3,274.3,338.2,358.6,59.8,228.8,26.97,27.55,27.33,26.97,27.56,25.96,89.78,87.92,87.55,87.95,81.93,87.49,0.5841271485152999,,,0.5215532928156673,0.05050147759417693,0.22244248787562054,0.6173006021662762,,,0.42986151532695716,0.07377972174435854,0.21438921704178768,-0.47819196079906656,,,-0.5036068542391804,-0.04108014206091563,-0.16686803847551346,-5.96017355853732,-6.669015901821466,-6.766167783983314,-6.087637394253776,-6.7239609142185905,-6.204941734394938,-13.131583792604653,-11.60805041216095,-11.720824761213622,-10.988469570302776,-11.716869609075086,-12.194772770554387,4,6,4.79
City of Calamba,Barangay 7,2025,Dry,74.4,140.3,115.1,42.4,152.9,335.3,25.64,25.86,27.13,29.63,28.96,27.31,83.62,82.26,77.91,71.16,77.63,87.87,0.6150062101336713,0.5561786399794225,0.5711228567136506,0.49403712171068487,0.5358801546048949,,0.514545056718988,0.5814293252945946,1.2838164393575564,0.4559558143614306,0.5256606670226579,,-0.5309765493146145,-0.4874091430747207,-0.5338788650355752,-0.4767951591002365,-0.4877370930610803,,-6.055308771766869,-6.9768595994663585,-6.713611283123725,-6.807195278164833,-6.489738781458289,-6.171144256135743,-11.86142164796934,-11.989168542600636,-11.920336790487802,-14.3287794837268,-11.681627235858308,-13.768708009268044,5,6,5.49
City of Calamba,Barangay 7,2025,Wet,345.1,314.3,359.5,278.2,239.0,75.5,27.04,26.73,26.2,26.52,26.44,25.87,87.37,88.28,91.49,89.95,88.69,86.36,,0.5442497515900725,0.5586748537696924,,0.5168512637568038,,,0.464829205825537,0.09975263987227832,,0.3602365449397273,,,-0.5061611119173657,-0.5081009607209908,,-0.485198495702765,,-5.674776889926966,-6.5949186708744705,-5.176859725548116,-6.1213313233818,-5.476960817278003,,-12.945021047940173,-12.016792676741893,-12.163649284885421,-11.438521246140807,-12.714151990398394,,3,5,3.21
City of Calamba,Bucal,2020,Dry,76.4,70.7,17.7,50.5,219.4,292.9,25.48,24.99,27.28,28.53,29.06,27.97,83.09,78.8,75.57,74.47,80.76,85.67,0.601866747345579,0.567451891830138,0.5507980759427867,0.49060808239038384,0.5182626924457601,0.5964440627654866,0.4089346095231071,0.4479046980144495,0.41305452632490425,0.4072585107668662,0.54299408432363,0.4587498232695735,-0.5548486188088129,-0.516373822922241,-0.530370752953109,-0.46943128090348446,-0.4706763923246764,-0.5474548178134249,-6.68458040572578,-7.1301375899225246,-7.275874178457387,-7.408079215163943,-6.563693791438271,-7.005416039878902,-12.930829318965749,-13.327455812644342,-13.291241453929,-13.481583571943471,-12.556136298919704,-13.238382217263892,6,6,5.68
City of Calamba,Bucal,2020,Wet,342.6,357.5,272.7,709.8,496.3,350.9,27.41,27.08,27.36,26.41,26.29,25.99,88.12,88.97,88.32,92.03,87.48,89.0,0.5424770938533228,0.5640497990639214,0.5182678164188878,0.5144210457492556,0.29055524628633006,0.5237958359476168,0.5515354807527267,0.4691276658946369,0.5368316521613317,0.34144196130455595,0.29454056433508097,0.4124494403167617,-0.4793510923189026,-0.5226077783355685,-0.45315357419916724,-0.47863735353586007,-0.2133078225180977,-0.5013696088107231,-5.969207944865324,-6.787416845967021,-6.041102064373836,-5.383830120533943,-6.560905257121859,-6.589083577973044,-12.184388404251427,-12.74927946288286,-12.078090566529648,-11.654412289162858,-12.873568574985173,-12.832145910486357,6,6,5.06
City of Calamba,Bucal,2021,Dry,136.9,96.0,89.7,22.5,129.6,255.8,24.95,25.05,26.44,27.62,28.9,27.95,84.97,84.31,83.52,75.12,78.59,84.32,,0.5728005047956948,0.1751871109008789,-0.08061777111142872,0.50968878693735,0.16773617267608643,,0.4115091466308613,0.4038071483373642,1.2590527474880218,0.41887345495442707,0.3542388677597046,,-0.5331472546299653,-0.16068217903375626,0.11043798886239528,-0.48858964904588226,-0.1651807427406311,-6.7103884171834105,-6.204388442179175,-6.899664364232862,-6.780993210924372,-7.2288374826753135,-6.735784358144182,-13.025929301870788,-12.492354849566848,-13.331912885925469,-13.243368195454078,-13.622071515962652,-13.110722973416006,5,6,6.31
City of Calamba,Bucal,2021,Wet,356.0,291.8,439.3,255.2,85.4,104.0,27.23,27.2,26.8,26.65,26.97,25.52,88.16,88.0,90.49,87.9,84.05,82.13,-0.07423479855060577,0.4590038479335849,0.5875201353399566,0.5786870687908079,0.03710070742294191,0.5722816728058296,0.3113473057746887,0.6824946214434925,0.44815711920710255,0.4607113431632615,0.1360936650633812,0.4113783499935044,0.11376979947090149,-0.38063571428526266,-0.5454890686142884,-0.544137806967766,-0.028816977236419915,-0.5477744994693964,-5.83220222286079,-6.358755424986382,-6.72388491025303,-6.430586752038025,-5.871943564264409,-6.374724478207323,-12.38090723739063,-12.635188045000247,-13.055496345389098,-12.570408679949802,-12.276921098291494,-12.513952697211524,6,6,4.56
City of Calamba,Bucal,2022,Dry,32.0,74.5,71.3,172.9,214.6,300.6,25.45,26.08,27.6,27.37,28.14,27.47,78.84,79.64,77.19,79.04,80.16,85.26,0.35091002217747946,0.5217316705665527,0.5429245913812454,0.4795258797254999,0.5596058151670437,,0.288899192078547,0.45807140533433943,0.42410314073932043,0.4337180605401624,0.44310255793658027,,-0.3261050575158813,-0.470484618409726,-0.5227373511749779,-0.44834428651827574,-0.5215485375710306,,-6.632251686578892,-6.259558568922281,-6.757692655834104,-5.933472457405777,-6.004702244718496,-5.602596839535523,-12.962510133827054,-12.492961631908203,-12.985271489710822,-12.279511952043107,-12.448084982302852,-11.999868639147229,5,6,5.64
City of Calamba,Bucal,2022,Wet,386.3,424.0,324.2,477.9,138.6,127.2,27.05,26.54,26.82,26.76,26.62,25.5,88.86,89.62,88.09,87.55,87.07,85.51,0.23564342651516199,0.5817828209329684,0.5661656975349763,0.32672706824176173,,0.5573356978094367,0.3580389339942485,0.5433913665169253,0.5005198569930551,0.32069977996300675,,0.3938527879572293,-0.23325303345918655,-0.52632626306222,-0.5056742411551194,-0.2827515957915053,,-0.5214665064106008,-5.522768533629634,-6.183069537176128,-5.831461540273932,-5.522097344579851,-5.165646671649014,-6.530707594602369,-11.876127541872025,-12.413659321728167,-12.151215668235965,-11.78472929690987,-11.471029496805203,-12.556999878211995,5,6,3.16
City of Calamba,Bucal,2023,Dry,135.1,51.4,12.8,166.4,176.3,289.8,24.93,25.64,26.46,27.7,28.29,27.64,84.42,79.22,73.18,77.56,82.05,85.93,0.24188676811556553,,0.30546679877570726,0.512568848325441,0.5413664788066797,0.5170894247145071,0.2065216405198295,,0.24329665874921444,0.41586174374279755,0.47376983484083174,0.4865814681530291,-0.24128779795397298,,-0.3230654193837524,-0.49317429742483543,-0.4969316045454324,-0.46388808017194266,-6.61711406116177,-6.419038191332709,-6.935787932359755,-6.700098566678895,-6.462265090336807,-6.237876293014291,-12.702369303083904,-12.734185198623026,-13.051999646401564,-12.953672140763892,-12.790821322883037,-12.58753390308386,5,6,5.31
City of Calamba,Bucal,2023,Wet,305.0,132.8,334.5,151.4,110.5,60.9,27.57,28.0,27.2,27.09,26.83,26.55,86.32,83.2,89.36,86.95,84.44,83.86,,0.43389967961177967,0.5951289127275302,0.22391811073047013,0.254278227921546,0.5107903701509777,,0.5349595941359385,0.470573209815181,0.26154277794029146,0.2767640007293131,0.36374563756116957,,-0.36863521010460254,-0.5554872449786267,-0.20259795063291944,-0.1971827474840748,-0.48904160895406745,-5.6184936666369,-6.025733592691607,-5.766029797557711,-5.3632937188679755,-5.865253162653466,-5.661896114393549,-12.02613798746844,-12.312003938938156,-12.085191891707208,-11.628748436804681,-11.883975090070377,-11.968866508642053,5,6,4.92
City of Calamba,Bucal,2024,Dry,10.7,6.2,38.0,17.3,249.3,380.1,25.84,26.55,27.22,29.72,29.79,27.94,77.14,74.81,74.67,69.55,75.44,88.0,0.5449885874863112,0.5383745083162642,0.46132379070736373,0.4625169876894888,,0.5508533789055975,0.4296383736596806,0.4167928143489621,0.3720009223600272,0.3357192726204697,,0.7831116150789375,-0.5194394797700385,-0.5278816804623107,-0.44350927194055517,-0.47146601516865355,,-0.4570678984987196,-6.372598383412203,-6.471297791265475,-6.747470646267897,-6.87831065450968,-6.7431767912603275,-5.980646467072265,-12.473383630147614,-12.619956774990996,-12.526008883179403,-13.10006988417377,-12.798304707276717,-12.115987918927924,5,6,4.98
City of Calamba,Bucal,2024,Wet,450.3,274.3,338.2,358.6,59.8,228.8,26.96,27.55,27.31,26.97,27.56,25.96,89.78,87.92,87.55,87.95,81.93,87.48,0.5781099168965109,0.4893284632411498,,0.5848652464491183,0.6376205750204849,,0.5523134565517114,0.5771924524673021,,0.44858665037756795,0.5198269490448926,,-0.5112010766733884,-0.4287394782303768,,-0.5465123069435196,-0.5692677728154444,,-6.0508488461448,-5.430528918179867,-5.950933328041261,-5.913409121091998,-6.4505669792919695,-5.417166877854534,-12.389776491703309,-11.577895858154438,-12.306286181343696,-11.980134563060222,-12.540215702872725,-11.596309120021253,4,6,4.36
City of Calamba,Bucal,2025,Dry,74.4,140.3,115.1,42.4,152.9,335.3,25.63,25.84,27.13,29.62,28.95,27.3,83.62,82.26,77.91,71.16,77.63,87.87,0.5362092348729022,0.550989390470546,0.5479689985823639,0.5037642709103395,,,0.3891581263826294,0.43660245204553644,0.4143933496724842,0.4063064194832426,,,-0.520475635470085,-0.5047873058414236,-0.5221650743862629,-0.4897387659736262,,,-5.789019991373018,-6.314686537221051,-6.309281992449382,-7.588472481790185,-6.479290139298532,-5.882657990069,-11.957114172173982,-12.396984027290053,-12.407462579694887,-14.050569826250367,-12.527823594949895,-12.30928505418305,4,6,5.21
City of Calamba,Halang,2020,Dry,76.4,70.7,17.7,50.5,219.4,292.9,25.47,24.99,27.28,28.52,29.05,27.96,83.09,78.8,75.57,74.47,80.76,85.67,0.48703857822612573,0.44638804618863603,0.4484705123149546,0.42224450806479996,0.4309930528648375,0.47151707350660077,0.3120403053068292,0.37349795166753097,0.3261888855546689,0.3411174360520968,0.3345302060691493,0.346086164138256,-0.47238202972636223,-0.4257439231865863,-0.45247827509913413,-0.41564293399395635,-0.41170252278568864,-0.44991949518078056,-5.594071688981102,-6.20307753548558,-6.046882125286239,-5.9272233749943135,-5.539655615182969,-5.8094001760439555,-12.344762206489483,-12.741083426384362,-12.458137302463284,-12.637465074610027,-12.10989484756178,-12.521619924788466,6,6,4.26
City of Calamba,Halang,2020,Wet,342.6,357.5,272.7,709.8,496.3,350.9,27.41,27.07,27.35,26.4,26.28,25.98,88.12,88.97,88.32,92.03,87.48,89.0,0.4363735717589448,0.571109295766739,0.5235356078448298,0.45074097225010246,0.42131235344069345,0.3837349590645254,0.39710271356079135,0.49836142925020016,0.5518330400042676,0.30937758685773753,0.43369949715478084,0.2539514627343706,-0.4093180547800731,-0.5238173205859323,-0.44355465664782323,-0.4393160137947548,-0.34294340653078903,-0.4128022251957267,-5.621570690497723,-5.652513245934321,-5.321970980023703,-4.206428635011487,-5.436223707209291,-5.724054383093093,-10.736517754861172,-11.958711399631975,-10.538107593543474,-10.939676435087334,-12.291870423023399,-12.515561466838973,6,6,3.81
City of Calamba,Halang,2021,Dry,136.9,96.0,89.7,22.5,129.6,255.8,24.94,25.05,26.44,27.61,28.9,27.95,84.97,84.31,83.52,75.12,78.58,84.32,,0.4588295228410701,-0.0021376317677398522,,0.4662094219233064,,,0.30960513810814394,-0.005328597563008465,,0.3824494942391377,,,-0.4531163785861253,0.01574311877290408,,-0.44846144226624735,,-5.584588852939429,-5.254428806728243,-5.721012590175772,-5.671067752510789,-5.892781072132523,-5.4149472834876375,-12.600198928753974,-12.179583956242586,-12.650628940353972,-12.249474385980573,-12.527236571177157,-12.238472906829902,3,6,5.39
City of Calamba,Halang,2021,Wet,356.0,291.8,439.3,255.2,85.4,104.0,27.23,27.2,26.79,26.64,26.96,25.51,88.16,88.0,90.49,87.9,84.05,82.13,,0.35913370499166397,0.4867491755808311,0.4960948173364457,0.18951317560659453,0.4552938231751103,,0.4502525708432925,0.345495896870614,0.3717334196079932,0.13696148378707995,0.30461003687775595,,-0.27420913112365597,-0.47332789923697466,-0.48496861268150615,-0.21023538632950345,-0.46581117150145684,-4.766981711866506,-5.905448885668015,-5.632015368023076,-5.865716740156358,-4.691555152258639,-6.066810125857302,-11.810542780525154,-11.047567394796257,-12.157302650636424,-10.708231034280725,-11.628663987141643,-11.337746538133777,5,6,3.58
City of Calamba,Halang,2022,Dry,32.0,74.5,71.3,172.9,214.6,300.6,25.45,26.08,27.6,27.37,28.14,27.47,78.84,79.64,77.19,79.04,80.16,85.26,,0.7549606115575513,0.4959402646384809,0.43363588288991745,0.46755686048536876,,,0.6668209809590787,0.379348821290016,0.3742910222260461,0.34902969058927064,,,-0.6442412213805844,-0.48646045414761185,-0.41554423206371854,-0.4528241766097929,,-6.129579301402293,-5.798115747790012,-6.304111455113646,-5.390686029805037,-5.496456459636609,-5.606156912853966,-11.433576767365759,-10.993532617445732,-11.045952748146009,-10.332722853869239,-10.66714022335018,-11.149759679858674,4,6,5.39
City of Calamba,Halang,2022,Wet,386.3,424.0,324.2,477.9,138.6,127.2,27.04,26.53,26.8,26.76,26.61,25.5,88.86,89.62,88.09,87.55,87.06,85.5,0.31104375050950145,0.30735060561826266,0.48862549550406725,0.19163179397583008,,0.4598447215919637,0.28445653147285893,0.27134871814885875,0.40412248812078255,0.18658338487148285,,0.3176182343315473,-0.2817251277599661,-0.3262226183129392,-0.4540609071918148,-0.16562072932720184,,-0.4443628082414991,-5.169106097622998,-5.9442597056474495,-5.493812279204927,-5.076265808664344,-4.939674974346771,-6.271360174471752,-10.47320729892251,-10.976100467854911,-10.466451025249762,-10.239188175639054,-10.352801629152394,-11.20112179509868,5,6,1.73
City of Calamba,Halang,2023,Dry,135.1,51.4,12.8,166.4,176.3,289.8,24.92,25.63,26.45,27.7,28.29,27.64,84.42,79.22,73.18,77.56,82.05,85.93,0.2223854195954783,,0.2702284914758335,0.4593579424110472,0.4688241814440387,0.449617913965676,0.16205663211812646,,0.22103714286271534,0.38042825056654717,0.3921301935506824,0.3850485588664292,-0.26540172393660894,,-0.3079316606802645,-0.45069102251731563,-0.4430260355270665,-0.42057373983630203,-6.241937282873622,-6.034658740616292,-6.219414087720399,-6.137690929103349,-5.942388603838016,-5.880530831860692,-11.071568958898519,-10.943738332907946,-10.928218369571637,-10.983869663781253,-10.71194139554997,-10.895686786608062,5,6,3.46
City of Calamba,Halang,2023,Wet,305.0,132.8,334.5,151.4,110.5,60.9,27.56,27.99,27.19,27.08,26.82,26.55,86.32,83.2,89.36,86.95,84.44,83.86,,0.36934088788665376,0.5012020975768449,0.33978352483391033,,0.456539800806116,,0.4670315505028134,0.35267633432741335,0.2588339406989692,,0.32630366741073413,,-0.32021082618569086,-0.49026361502856697,-0.3273438597141647,,-0.44760532900305583,-5.333310206717161,-5.790620151555382,-5.407126694930893,-4.923572201797584,-5.488931250825316,-5.558721358032274,-10.53756033457609,-10.746569219097106,-10.308726506363465,-10.097955555793698,-10.5214146747331,-10.821934051299147,4,6,1.03
City of Calamba,Halang,2024,Dry,10.7,6.2,38.0,17.3,249.3,380.1,25.83,26.54,27.21,29.71,29.78,27.93,77.14,74.81,74.67,69.55,75.44,88.0,0.4667126111190054,0.5078120388447234,0.435306148341301,0.4257035064332055,,0.7191053920087229,0.3494812718870426,0.37101677931761234,0.33633146020129734,0.3113861753176562,,0.7877662112167226,-0.45728860671483523,-0.5038826017535238,-0.42763528573054344,-0.4405366392011045,,-0.5985325258132543,-5.882365938583361,-6.0730208224709905,-6.184107213149704,-6.1659232230348975,-6.1819838568671885,-5.747425993643405,-10.844788076948932,-10.884693912727386,-10.71009222664489,-11.135993612702158,-10.990087658916858,-10.564474445553078,5,6,4.81
City of Calamba,Halang,2024,Wet,450.3,274.3,338.2,358.6,59.8,228.8,26.96,27.55,27.3,26.97,27.55,25.94,89.78,87.91,87.55,87.95,81.93,87.48,,0.27226602911772263,-0.01466914862394333,0.46680382203327114,0.23096134204862884,,,0.300652212631897,-0.07720929831266403,0.3421405010698873,0.10657839489716063,,,-0.265379002262515,0.02536465195007622,-0.46133381677332835,-0.20534758944995699,,-5.154470758559677,-5.357091425019481,-5.632039442717424,-5.930869687746818,-6.115146123463739,-5.38672512316073,-11.766814032728066,-10.20600616853625,-10.594383577371616,-10.67925476265713,-10.973276979468684,-10.479920986757469,4,6,4.57
City of Calamba,Halang,2025,Dry,74.4,140.3,115.1,42.4,152.9,335.3,25.62,25.83,27.13,29.61,28.94,27.29,83.62,82.26,77.91,71.16,77.63,87.87,0.43846081231074596,0.4862322688134498,0.48893193499932097,0.43174001486410796,,,0.38452618804870503,0.3927368248693043,0.38758026963156744,0.36966900207353265,,,-0.44408603079931896,-0.456707899495988,-0.4801640080263978,-0.43442641291616374,,,-5.358558953273127,-5.744024708413413,-5.877816595286253,-6.0603505314674,-5.911400380564998,-5.222082383473552,-10.611541423623734,-10.821828607414682,-10.660831342206944,-12.97594767427191,-10.839150975694686,-12.36445005512275,4,6,5.5
City of Calamba,Lecheria,2020,Dry,76.4,70.7,17.7,50.5,219.4,292.9,25.5,25.01,27.3,28.53,29.08,28.0,83.1,78.8,75.57,74.47,80.77,85.67,0.5672996493438422,0.5759736430282152,0.5282869540003533,0.4961023972589448,0.5103616314305908,0.5387219152018969,0.371227811618258,0.4972525062737094,0.3934936252004669,0.40695508843033873,0.39636047254081647,0.40474114639660624,-0.5066440568565027,-0.5027504360670275,-0.49537172202583624,-0.454420575028861,-0.44707543151730406,-0.4739009575035164,-7.252313842109824,-7.783066861994292,-7.811272302891381,-7.912357402593087,-6.870485988587279,-7.183745338864585,-14.493556235092294,-14.839776287508927,-14.520379934352103,-14.608319209567039,-13.465593163523957,-14.569374464125405,6,6,4.96
City of Calamba,Lecheria,2020,Wet,342.6,357.5,272.7,709.8,496.3,350.9,27.42,27.09,27.37,26.42,26.31,26.0,88.13,88.97,88.32,92.03,87.48,89.0,0.5548157973918656,0.5272433650319346,0.5215051827613101,0.5323344116446977,0.43096239844622886,0.4509558516646081,0.4837616798415723,0.491656312245425,0.5481559813291514,0.3719624315386864,0.4284798006660173,0.327594364583654,-0.48421924076923833,-0.47647407596930924,-0.43947642807096643,-0.48156516313541936,-0.3272648637907374,-0.4360187266502697,-7.2883575664367255,-7.388343454581582,-7.136299520822403,-5.403140524313413,-6.865425142421457,-7.270928957785023,-13.366741548089433,-13.902973080049604,-12.796041553384429,-12.366541788376605,-14.196205217539344,-14.895935927693857,6,6,3.78
City of Calamba,Lecheria,2021,Dry,136.9,96.0,89.7,22.5,129.6,255.8,24.95,25.07,26.47,27.65,28.92,27.96,84.97,84.32,83.53,75.12,78.59,84.32,0.16343581570046287,0.5757429891280456,0.0920359343290329,0.3605190796025713,0.5130661606784348,,0.13128253657902988,0.40150932991152544,0.22982320934534073,0.39091699441399325,0.4256756093207757,,-0.14209250999348505,-0.5043180499189017,-0.09593754634261131,-0.2721640799886659,-0.4662014771916648,,-7.168224735809352,-6.962879874517235,-7.766749300757174,-7.438993870822484,-7.6324852770677145,-6.912605555418671,-15.078690097525326,-14.06541413056123,-14.718962477116348,-14.380383367145528,-14.541104545922236,-13.930149702516792,5,6,5.09
City of Calamba,Lecheria,2021,Wet,356.0,291.8,439.3,255.2,85.4,104.0,27.26,27.22,26.81,26.67,26.98,25.54,88.16,88.01,90.49,87.9,84.05,82.13,,0.39197966413225366,0.6154271644484147,0.5534389912408001,0.35839860616115876,0.5788597737065505,,0.3812070682046728,0.46145583958177866,0.40371525114647555,0.25985466784574124,0.42975182167562825,,-0.33441702490196107,-0.5391186571110448,-0.5046107924022517,-0.36509639559395224,-0.5264470077968575,-6.566065318048794,-7.652326736890091,-7.3588191624818435,-6.999085391862855,-6.361250779013992,-7.463963141944327,-14.104668721300738,-13.672793285344037,-14.018139027940498,-12.929404705319213,-13.238264745121601,-13.797524648834846,5,6,2.07
City of Calamba,Lecheria,2022,Dry,32.0,74.5,71.3,172.9,214.6,300.6,25.47,26.1,27.61,27.4,28.16,27.49,78.84,79.64,77.2,79.04,80.17,85.27,,0.6062035869323069,0.5938546334806775,0.5445862665635518,0.5913499127734627,,,0.4899952716804108,0.46954537881588976,0.48283869172989097,0.46770172314839303,,,-0.5151768785269913,-0.5289327288228919,-0.4776856129605606,-0.5167266913093431,,-7.66834120351792,-7.464755074140134,-7.9477839743296395,-6.949854252006741,-7.0807044774859875,-6.853312938632816,-14.004458957113975,-13.37960975654879,-13.56554427275801,-12.701498735340401,-12.835188775998098,-13.343403754496768,4,6,5.09
City of Calamba,Lecheria,2022,Wet,386.3,424.0,324.2,477.9,138.6,127.2,27.07,26.55,26.83,26.78,26.63,25.54,88.86,89.63,88.09,87.55,87.07,85.51,0.5377018820191733,0.4469481595429461,0.4986902830794095,,,0.5093219595084926,0.5361460564564916,0.4241926495799145,0.43688638102092775,,,0.3635630863674552,-0.462560260310129,-0.40370511434491885,-0.445132698051446,,,-0.45279301377506337,-6.638525511966991,-7.514861749526611,-7.098599660445142,-6.2971377068833965,-5.9109811378396895,-7.502280497334101,-13.067897706196765,-13.304322511022942,-12.757484898049983,-12.293645238213173,-11.95871049450029,-13.555247651812378,4,6,4.05
City of Calamba,Lecheria,2023,Dry,135.1,51.4,12.8,166.4,176.3,289.8,24.95,25.66,26.49,27.72,28.31,27.67,84.42,79.23,73.18,77.57,82.05,85.93,0.544889224735909,,0.4111176867816215,0.5332526951669331,0.538405686281591,0.5458589587335765,0.4056410503975559,,0.3449481914615461,0.4562073282467908,0.4719431837663639,0.47263009614972623,-0.4952808894901775,,-0.3902668125436814,-0.48706613585084013,-0.4691366486291475,-0.46448769583551197,-7.676737725287083,-7.700042980231761,-8.079180805606523,-7.894908984007962,-7.601280258072243,-7.621871821651325,-13.794702613967093,-13.542550516837274,-13.642264199705892,-13.62386799542619,-13.320556112187887,-13.756467733966506,5,6,4.77
City of Calamba,Lecheria,2023,Wet,305.0,132.8,334.5,151.4,110.5,60.9,27.58,28.03,27.22,27.1,26.84,26.57,86.32,83.2,89.36,86.95,84.44,83.86,,0.24327005951149425,0.5937238833278652,0.39210886728405653,4.083517059269874e-05,0.562509897991854,,0.48342437656904536,0.4583836921667435,0.3523355596782716,0.00013636641152617096,0.42924030460786355,,-0.11045043505460242,-0.5295692755335942,-0.35561603470777886,0.09506567153665754,-0.49770164164757213,-7.047544774116192,-7.589998104693387,-7.003236514535737,-6.484237171016009,-6.7868008285546235,-6.943567569413862,-13.114022180175436,-13.394529630656582,-12.767971364874564,-12.297574219065956,-12.510874750774704,-13.128271537719446,5,6,3.7
City of Calamba,Lecheria,2024,Dry,10.7,6.2,38.0,17.3,249.3,380.1,25.85,26.57,27.24,29.73,29.8,27.95,77.15,74.82,74.68,69.56,75.44,88.0,0.6061782108745255,0.5931947585421218,0.5112177041146558,0.5002549351014949,,0.6414971500391646,0.49140757050375306,0.43675191432332017,0.40941477666349213,0.4038167944580749,,0.6780827533170306,-0.5381072517275091,-0.5416921431931109,-0.46663248125371776,-0.4842785962990981,,-0.5308665505062325,-7.244961377626284,-7.750172810557963,-7.95566915242899,-7.980988426330611,-7.743918815252386,-7.484272919423561,-13.276678347623525,-13.437413386451832,-13.266632879178937,-13.803169612614818,-13.588128421987095,-13.46974669829748,5,6,5.28
City of Calamba,Lecheria,2024,Wet,450.3,274.3,338.2,358.6,59.8,228.8,27.0,27.56,27.33,27.0,27.57,25.97,89.78,87.92,87.56,87.96,81.93,87.49,0.5456352640282022,0.23876681423993126,0.015727472212165597,0.5470616459850686,0.4146030805486039,0.19972107975959105,0.565502753989263,0.25670245042716955,0.04752290174365044,0.45823094384332086,0.3081590187418871,0.19018795630054278,-0.43376978876238514,-0.23110241917133026,0.00231288131326437,-0.49627186379031896,-0.40266916854894386,-0.15024634414649765,-6.806958382713745,-7.16755882561227,-7.251710313700246,-7.158909936780305,-7.4028892549201855,-6.940790735114549,-13.836737750205522,-12.647199501579191,-13.052749347131636,-13.084377010429652,-13.277612841393351,-12.99488568386196,6,6,3.76
City of Calamba,Lecheria,2025,Dry,74.4,140.3,115.1,42.4,152.9,335.3,25.65,25.87,27.14,29.64,28.97,27.31,83.63,82.26,77.91,71.17,77.63,87.87,0.5731045388918348,0.5725991444861444,0.5786496816013892,0.5106742008177421,0.4550135592907347,,0.46866803310656163,0.5160759746906516,0.4596257422650446,0.45523392493876874,0.4616065402612247,,-0.5106502543450552,-0.4978263090036677,-0.5230365132653533,-0.47810265476185415,-0.41153480578948753,,-6.993809159685179,-7.619861990256187,-7.55495744065355,-8.148423763365178,-7.486179059024602,-7.209953463710746,-13.20838945299047,-13.415451262136408,-13.329140101994048,-15.025634764034839,-13.1935981404736,-14.249569172797761,5,6,5.77
City of Calamba,Lecheria,2025,Wet,345.1,314.3,359.5,278.2,239.0,75.5,27.07,26.74,26.21,26.53,26.45,25.88,87.37,88.28,91.49,89.95,88.69,86.36,,0.5739044988600125,0.5899881552135516,,0.5532620772656405,,,0.516702619869213,0.4824574595690688,,0.42130480064798836,,,-0.4950763398484046,-0.5025201986092894,,-0.4855566701083631,,-6.749743358864571,-7.215564858698657,-6.471172403363443,-7.067850712566476,-6.970051793693964,,-14.17087256196724,-13.113284292881591,-13.036973364387405,-12.826871031036767,-14.096619089114355,,3,5,4.3
City of Calamba,Lingga,2020,Dry,76.4,70.7,17.7,50.5,219.4,292.9,25.5,25.01,27.3,28.53,29.08,28.0,83.1,78.8,75.57,74.47,80.77,85.67,0.4627084741269504,0.5363783812727319,0.6469170415714032,0.5514054058415013,0.5185721861955405,0.5794114933742669,0.279728966176373,0.41752148751895124,0.499039026889417,0.47155586667889327,0.38918455473909513,0.43187975751082086,-0.42294245430456395,-0.4624726644780549,-0.5732299900218574,-0.4906333788588506,-0.45744233476609947,-0.5156613948714752,-7.614436880766711,-8.070236262144197,-8.156082620814843,-8.28162345707458,-7.086219105331521,-7.380660868239372,-15.627413652669475,-15.468337078113276,-14.871088896761199,-14.695737253420448,-13.563463330080838,-14.221800199313185,6,6,4.93
City of Calamba,Lingga,2020,Wet,342.6,357.5,272.7,709.8,496.3,350.9,27.42,27.09,27.37,26.42,26.31,26.0,88.13,88.97,88.32,92.03,87.48,89.0,0.4667067705829201,0.4696440865206045,0.531743261964764,0.5722149457563626,,0.2850314657833573,0.44373069975951995,0.41728518663266256,0.5112303321856139,0.3805708626151679,,0.19185431488223295,-0.41217107054428215,-0.43789779713945176,-0.4433730039210554,-0.4981365585802047,,-0.3224117096633385,-7.396403495646179,-7.345888186729272,-7.022428585829695,-5.952350806615288,-8.297306973236141,-9.182123370295722,-14.721744708825963,-14.17301779687995,-13.304965889616835,-12.680488268330647,-16.786236579469133,-16.724639959665822,5,6,4.56
City of Calamba,Lingga,2021,Dry,136.9,96.0,89.7,22.5,129.6,255.8,24.95,25.07,26.47,27.65,28.92,27.96,84.97,84.32,83.53,75.12,78.59,84.32,,0.4350909279429501,,,0.5563069516957231,0.47512845108763135,,0.2790897264624475,,,0.48123023577179863,0.4712588041304397,,-0.3761796132795074,,,-0.5071638033131118,-0.4017558443906288,-8.59917960191781,-8.874905686708397,-8.142918561599318,-8.451470828824462,-8.401235018848169,-6.780767408226905,-17.24945898045505,-16.416671712957573,-15.85243731960003,-14.940643736419473,-14.857786184417451,-13.81436230568342,3,6,5.49
City of Calamba,Lingga,2021,Wet,356.0,291.8,439.3,255.2,85.4,104.0,27.26,27.22,26.81,26.67,26.98,25.54,88.16,88.01,90.49,87.9,84.05,82.13,0.21835280228647053,,0.5923834705242113,0.5550241452057972,0.2917759312182817,0.42832044549553266,0.4648477186143784,,0.4121028329988655,0.42155078514829747,0.20655395328952303,0.28901121410067454,-0.22385182527118713,,-0.49981523561823965,-0.48924970820431174,-0.319263568403174,-0.41530163010662424,-7.815417567659292,-7.906409458467266,-8.075240475970848,-6.986919958959228,-6.7406624490299185,-7.876604801769637,-15.880654176005361,-15.24092299591495,-15.175188653925037,-14.23608890335435,-13.563448196692082,-15.40352848631429,5,6,4.17
City of Calamba,Lingga,2022,Dry,32.0,74.5,71.3,172.9,214.6,300.6,25.47,26.1,27.61,27.4,28.16,27.49,78.84,79.64,77.2,79.04,80.17,85.27,,0.5338090381142354,0.6427054590862021,0.5007342283666917,0.5398769637500971,,,0.3729075103332699,0.5213475084866199,0.44917991720107,0.39685819680948575,,,-0.4663320670301619,-0.5711608012822431,-0.4571688279717798,-0.48750894210707735,,-7.902153409004909,-7.492874942825722,-8.167503049227058,-7.062590627692811,-6.515321131435532,-7.486020758058294,-15.91197618581189,-14.731782456426238,-14.461593376376275,-13.334728293743192,-13.31502156464761,-15.379423250057018,4,6,5.49
City of Calamba,Lingga,2022,Wet,386.3,424.0,324.2,477.9,138.6,127.2,27.07,26.55,26.83,26.78,26.63,25.54,88.86,89.63,88.09,87.55,87.07,85.51,0.36176238822707457,,,,,0.43245895378290844,0.3945970066541503,,,,,0.2991992683646436,-0.3086384103156974,,,,,-0.3765246150779662,-6.707153120095641,-7.305158564968291,-7.048844284027183,-6.023303532980316,-6.712147674412967,-7.559000928032889,-14.244953304906428,-13.95418868161581,-13.308121108245407,-13.207761236704116,-13.669613255196044,-14.681324475433025,2,6,4.19
City of Calamba,Lingga,2023,Dry,135.1,51.4,12.8,166.4,176.3,289.8,24.95,25.66,26.49,27.72,28.31,27.67,84.42,79.23,73.18,77.57,82.05,85.93,0.46429220498365803,,0.38437840311341304,0.5821156682425288,0.5340490986956219,0.4738037695885175,0.34619126741961564,,0.33739427409768297,0.5006598092944273,0.4680429907680761,0.37262959342606417,-0.4388542415890237,,-0.3744435465934235,-0.5222998121116177,-0.477799917123764,-0.4401179026813324,-7.8275780771352546,-7.986017526732101,-8.105229653862217,-8.656151613138945,-7.196673896917492,-7.108581712787801,-15.472443315786002,-15.659895100537875,-14.934707707865188,-14.813045790326019,-13.729822483288308,-13.92905647693195,5,6,5.11
City of Calamba,Lingga,2023,Wet,305.0,132.8,334.5,151.4,110.5,60.9,27.58,28.03,27.22,27.1,26.84,26.57,86.32,83.2,89.36,86.95,84.44,83.86,,0.36386508545920027,0.6308983548895813,0.37135719838322406,0.013199795357650146,0.48548987940541455,,0.6003856681387822,0.4522522404106538,0.36866750455618663,0.014466383552644404,0.3858033797405093,,-0.26446012958314724,-0.5518460020067221,-0.3388763102522577,0.06859395978972316,-0.4477719163373619,-7.666401261365159,-7.528304710573514,-7.11977416208971,-6.359519427048021,-6.233113381284844,-7.474767064213946,-15.36477063896595,-14.665036667946453,-13.494673699282695,-12.930758171524145,-13.130072048219374,-14.666991071403311,5,6,4.51
City of Calamba,Lingga,2024,Dry,10.7,6.2,38.0,17.3,249.3,380.1,25.85,26.57,27.24,29.73,29.8,27.95,77.15,74.82,74.68,69.56,75.44,88.0,0.4762313919642608,0.6067863210117632,0.5813070663815418,0.4899647202070207,,0.6407276320751921,0.38346656112965866,0.4422568934629641,0.4718250203879834,0.40342893753650094,,0.6295782591421916,-0.44350942195375126,-0.5461298669914434,-0.5071653075042893,-0.48965538131374287,,-0.5261178671849996,-7.387789582857446,-7.657558000308038,-8.056040442230898,-7.380000193874549,-7.1279267645574915,-7.094202096089619,-14.880370137796124,-14.31704887476083,-14.114197730735919,-14.225132805425163,-14.021713981359307,-14.08062120975941,5,6,4.9
City of Calamba,Lingga,2024,Wet,450.3,274.3,338.2,358.6,59.8,228.8,27.0,27.56,27.33,27.0,27.57,25.97,89.78,87.92,87.56,87.96,81.93,87.49,0.3975032262549672,,0.29942855735619867,0.5526788065004713,0.4877971671521663,0.058874838054180145,0.36619895227845833,,0.22579796363910037,0.4003410764748684,0.43663357850164175,0.03054160438477993,-0.31631967063070443,,-0.32723919798930484,-0.48523011317032994,-0.3827680144459009,-0.09814563393592834,-7.085069818929923,-7.161548499081682,-6.759975042897706,-8.85596072696574,-7.991381242990433,-8.734678661745486,-14.66575996192812,-13.285756584760938,-14.509070864310365,-16.246693375480593,-14.838297832057174,-15.725857021638124,5,6,4.49
City of Calamba,Lingga,2025,Dry,74.4,140.3,115.1,42.4,152.9,335.3,25.65,25.87,27.14,29.64,28.97,27.31,83.63,82.26,77.91,71.17,77.63,87.87,0.38682540246713526,0.49176009860915515,0.5292892800694778,0.5707956223606608,0.46237183727546327,,0.2755573197639853,0.3953080111689495,0.39316280959884337,0.5202842964206622,0.45432313650161815,,-0.3592351491350829,-0.433563846664533,-0.4717714196707836,-0.5154968756159171,-0.4340546069016913,,-8.125529038068464,-7.6022883117489926,-7.617485159675188,-8.927669910346726,-7.2243051501175435,-7.704974301752124,-15.937562586161913,-15.157100143310487,-14.869360787413774,-15.72119966576423,-13.547193855774276,-14.488238248551013,5,6,5.18
City of Calamba,Lingga,2025,Wet,345.1,314.3,359.5,278.2,239.0,75.5,27.07,26.74,26.21,26.53,26.45,25.88,87.37,88.28,91.49,89.95,88.69,86.36,,0.48454432910548006,0.44936883954398094,,0.4589361819074424,,,0.49864465466672825,0.35117276251162094,,0.35324397743759717,,,-0.4104686522957787,-0.3467306934922044,,-0.4084768989739821,,-9.287124123130827,-9.124945654394194,-8.983503879268797,-8.83075556098993,-8.718742073883023,,-17.033645252122778,-15.762096000869823,-15.28149410077882,-15.42312819867758,-16.12565370877084,,3,5,4.73
City of Calamba,Pansol,2020,Dry,76.4,70.7,17.7,50.5,219.4,292.9,25.46,24.98,27.27,28.52,29.04,27.96,83.09,78.8,75.57,74.47,80.76,85.67,0.5708416308140751,0.5228441381718671,0.5108380659205801,0.360961171012981,0.5457051991863524,0.5736750217806421,0.41892781499779286,0.4260834938256565,0.38773602965758874,0.35449094281072696,0.46678389764004485,0.47491053250355864,-0.5170321004062903,-0.4686940441563994,-0.4845673929436117,-0.29202934777027995,-0.48080499745537525,-0.5213422391702179,-6.183806155173926,-6.369025128745213,-6.432106580333819,-6.709249519876601,-5.990249068930282,-6.3506651127459035,-12.963042880304302,-13.284079029672023,-13.16640578128696,-13.402282185005781,-12.400272286848928,-13.12188755058561,6,6,5.66
City of Calamba,Pansol,2021,Dry,136.9,96.0,89.7,22.5,129.6,255.8,24.94,25.04,26.44,27.61,28.89,27.94,84.97,84.31,83.52,75.12,78.58,84.32,-0.01321755224004543,0.5358698530757487,0.7067371784712857,,0.5108134296900071,0.0941955465823412,-0.07120617067751785,0.40063700846502126,0.7035648202502812,,0.4290714687912862,0.21531274169683456,0.03752814700904612,-0.4856894028545645,-0.621554419640659,,-0.4697789228924309,-0.0923846885561943,-5.925068045041586,-5.674431047237637,-6.310621325210191,-6.2223800152819315,-6.466384710849913,-6.088523583916772,-13.045346950317256,-12.601767415393958,-13.441825224656931,-13.22631750921664,-13.419538107121472,-13.045996036513372,5,6,5.73
City of Calamba,Pansol,2021,Wet,356.0,291.8,439.3,255.2,85.4,104.0,27.22,27.19,26.78,26.63,26.95,25.51,88.16,88.0,90.49,87.9,84.05,82.13,0.05304973380164787,0.5022009618248151,0.5731547110188221,0.5487064037293103,0.10019027208909392,0.471442742655925,-0.06826610757464852,0.652702432339358,0.4804659330083963,0.46684877126754726,0.044920682441443205,0.3559191878116438,0.03332178581816455,-0.41376698785906374,-0.5118587958856831,-0.49579801889512515,-0.09183771448442711,-0.43557314638541733,-5.390069804195155,-6.134823120751241,-6.020198252981258,-6.125518593053839,-5.491232255843086,-6.062873963627216,-12.480268647602797,-13.088002881084021,-13.067828700133317,-12.941116295517386,-12.504377812423456,-12.988138726267387,6,6,3.98
City of Calamba,Pansol,2022,Dry,32.0,74.5,71.3,172.9,214.6,300.6,25.45,26.07,27.59,27.37,28.13,27.45,78.83,79.63,77.19,79.03,80.16,85.26,0.31170063528683933,0.4918534817003318,0.5296690859557381,0.523188908849825,0.5562003404794229,,0.24043652131492826,0.4371312172073358,0.4303938759825333,0.5004438065212753,0.46111711595692234,,-0.2341167176607062,-0.4477687955600601,-0.4880436426810617,-0.4562181197469195,-0.49458192420181757,,-6.353764698984931,-5.753529137999637,-6.2816996110700165,-5.6263939130371,-5.6561824319241865,-5.210308737118245,-13.138165006486322,-12.54897849715459,-13.02205805481752,-12.53678636232119,-12.671422021658051,-12.227003431826084,5,6,5.73
City of Calamba,Pansol,2023,Dry,135.1,51.4,12.8,166.4,176.3,289.8,24.91,25.61,26.45,27.69,28.28,27.63,84.42,79.22,73.18,77.56,82.05,85.93,,,0.1348813443328254,0.5125142366528608,0.5456700589799063,0.47420620588792867,,,0.14250181429088118,0.42257565275686015,0.48201394634309874,0.45890346001377735,,,-0.0870774478535168,-0.4763331014471695,-0.4825329546289378,-0.4142031820576851,-6.098060364631147,-6.122243738511496,-6.349129679952178,-6.153303957476352,-5.978530418039221,-5.8562229235995344,-12.86254933332413,-12.789182502224802,-12.992639233289704,-13.000143572052892,-12.805648881720536,-12.730114124475561,4,6,4.96
City of Calamba,Pansol,2024,Dry,10.7,6.2,38.0,17.3,249.3,380.1,25.82,26.53,27.2,29.7,29.78,27.92,77.14,74.81,74.67,69.55,75.44,88.0,0.4050947933148544,0.548637759058089,0.42857843525362976,0.4644399917764128,,0.5071167650883445,0.3360916288891885,0.3953919691993978,0.36173182813596555,0.36540440251335554,,0.5195899306642058,-0.37168635537533357,-0.5226790141120359,-0.3935037078596145,-0.4528766958030775,,-0.39932423178088344,-5.924085376529145,-6.047480853145121,-6.296837064800587,-6.1620547702198945,-6.200265138218707,-5.629359502225957,-12.709289757582852,-12.782211935600724,-12.742638921789654,-12.939184458169999,-12.833170609610633,-12.369017889310658,5,6,5.23
City of Calamba,Pansol,2024,Wet,450.3,274.3,338.2,358.6,59.8,228.8,26.95,27.53,27.3,26.97,27.54,25.93,89.78,87.91,87.55,87.95,81.93,87.48,0.46126687046535025,0.4910823339260903,0.07414056609074275,0.5714634177624185,0.5717600506619963,,0.41995148770162716,0.5001078787579395,0.1823555330435435,0.4742464546809551,0.47372982794534163,,-0.40312260793846133,-0.42860933574385374,0.11551889777183533,-0.5087322917539373,-0.5149670405236562,,-5.410547988865866,-5.160370029307452,-5.665694611667114,-5.595858279704903,-5.9662643289683395,-5.146599116901067,-12.478780002514394,-11.95831526832114,-12.762795718208272,-12.335003130581837,-12.751630600278837,-11.960264961769518,5,6,5.2
City of Calamba,Pansol,2025,Dry,74.4,140.3,115.1,42.4,152.9,335.3,25.62,25.83,27.12,29.61,28.94,27.28,83.62,82.26,77.91,71.16,77.63,87.87,0.4205724484803204,0.5022476909461311,0.5152092544453705,0.48540448463852154,-0.04251989040640183,,0.3327522607316933,0.4209294515293445,0.410877655462753,0.403009240825078,0.5864645129593554,,-0.3822687215674585,-0.4541527198421958,-0.48138765157208113,-0.44901068761233937,0.07247119899839162,,-5.368422278531015,-5.939279030728809,-5.796245161639452,-6.761701287698339,-6.158468490255259,-5.328311039131663,-12.193202006915199,-12.557206714754109,-12.702790767978556,-13.939556415821665,-12.792724275448547,-12.220228999698861,5,6,5.32
City of Calamba,Parian,2020,Dry,61.3,49.3,14.4,28.9,239.6,263.1,25.5,25.14,27.39,28.54,29.1,28.01,83.12,78.14,75.71,74.59,80.43,84.83,0.45661660488591566,0.47189717604216763,0.3866671785268626,0.36279583057501713,0.411923067058309,0.4577048334711416,0.2963297365598443,0.33479838382225047,0.25995288093670554,0.2845598430492207,0.310644238210955,0.3504999598847081,-0.45543844589148214,-0.4706232719356015,-0.41245338389648994,-0.3671855475645693,-0.4047861606651804,-0.4528485619669343,-5.175880308386725,-5.573941666611188,-5.568454499592848,-5.684505270848245,-5.087400579252114,-5.240749863850094,-11.17195476911818,-11.550281552103847,-11.550285529371536,-11.68540064064138,-10.967437355478465,-11.255697365200977,6,6,4.4
City of Calamba,Parian,2020,Wet,333.0,313.8,235.6,550.6,428.7,368.9,27.46,27.04,27.36,26.49,26.27,25.95,87.02,88.14,87.77,90.91,87.71,89.16,0.4144612333917791,,0.4587343648493054,0.4407344566699821,,0.4724584851426551,0.3733969134593441,,0.41301831906371966,0.30267620847596394,,0.31168352877048294,-0.39661059216263006,,-0.4316314915509807,-0.43851937373088656,,-0.47268789869588357,-4.9117202012795,-4.909902896750415,-5.114483796161885,-3.595663717284626,-4.774548563871164,-4.973828417225653,-10.712660346972166,-10.99946746297902,-10.832577519083284,-10.096957882561373,-10.945671762340206,-11.16028422798274,4,6,2.19
City of Calamba,Parian,2021,Dry,113.8,76.6,76.3,16.6,106.8,261.1,24.91,25.01,26.5,27.81,28.94,27.97,85.5,84.67,83.51,74.45,78.11,83.39,0.39766647687903817,0.4500473371234311,0.0330451259921704,,0.36501524603529284,,0.36354750098848837,0.31486136190646613,0.03817912457244737,,0.27604791069065293,,-0.36200357914296843,-0.45578564851192316,-0.03438320257035749,,-0.3825373969436744,,-5.083507648959404,-4.471081428806287,-5.369714251316059,-5.258640051056527,-5.48876854040657,-5.07303726105862,-11.220024941208859,-10.84516809866375,-11.294179550018146,-11.367710021835101,-11.440136445685466,-11.179015405165005,4,6,5.67
City of Calamba,Parian,2022,Dry,42.6,41.4,63.6,122.2,238.6,315.0,25.68,26.24,27.81,27.58,28.21,27.56,77.71,78.63,75.79,77.74,80.08,84.64,,0.36408749474817503,0.416561383973891,0.402662133535061,0.4470069674287188,,,0.26010241602104767,0.28433777440439933,0.33082646531812954,0.3387277478003466,,,-0.35314494295808824,-0.44003803821369314,-0.3955727778072448,-0.44095109420701506,,-5.58412438178982,-5.5647772280139165,-5.639980766205382,-5.043663564553689,-4.8649199634022535,-4.656569429244493,-11.132683951662372,-11.027874899505527,-11.121187789612678,-10.576243252886728,-10.790179737137667,-10.631914935156173,4,6,5.67
City of Calamba,Parian,2022,Wet,366.4,439.8,332.9,459.5,94.1,122.2,27.05,26.58,26.75,26.81,26.6,25.55,88.48,89.01,87.71,87.26,87.26,85.46,0.5127044359101528,0.4079939150476645,0.3990837189745365,0.43577770564221613,,0.4339721017380787,0.36736595444422493,0.34134135007482824,0.3142822606083819,0.3902619791027316,,0.298896810414664,-0.4989102499205379,-0.39310405728017533,-0.4001875717256485,-0.4278931717586278,,-0.439637983191921,-4.0978126234672585,-5.128556775294084,-4.700748971759523,-4.563168833488643,-4.32590873535187,-5.634383691602851,-10.2000151807423,-10.847876343961063,-10.46105987478432,-10.406645588591452,-10.263404706479912,-11.080650916052127,5,6,4.68
City of Calamba,Parian,2023,Dry,102.1,62.5,20.4,152.3,145.2,249.6,24.98,25.75,26.63,27.77,28.47,27.78,84.02,78.49,72.54,77.58,80.23,84.31,0.4440635645158759,,0.36193827528644285,0.40908420618963676,0.405488036274665,0.4345150799815819,0.30198506680158277,,0.2806415623063903,0.31705854998282545,0.356127268028467,0.3814375597357173,-0.45320663131848815,,-0.3814551354653942,-0.41836438927964636,-0.3875592061010091,-0.4242571305907002,-5.762888309355393,-5.358923797532104,-5.6045570088520655,-5.409186163085551,-5.318940750277936,-5.043039830141506,-11.224105984747567,-10.957665418130697,-11.133587522067096,-10.993509905619842,-10.98209592776616,-10.850432957692776,5,6,5.09
City of Calamba,Parian,2023,Wet,302.7,76.7,279.8,133.9,85.4,51.6,27.69,28.26,27.37,27.22,27.09,26.76,85.03,80.13,87.39,85.94,82.5,82.33,0.5095880711032198,0.447401446400931,0.4785293685307796,0.40880493625517866,,0.47465226084430867,0.4681806842118262,0.5957902734706688,0.33129685863788044,0.3676215640390765,,0.34043132826136435,-0.4643417348191381,-0.3797866257364323,-0.4828017385085572,-0.3942879588266432,,-0.46670650587279816,-4.463379977161526,-4.998554904467751,-4.754957018218463,-4.361305140663159,-4.751699868720735,-4.613205003307528,-10.370729440462686,-10.795298484500242,-10.577266835630345,-10.216295637258584,-10.446850564296064,-10.465910393330233,5,6,4.32
City of Calamba,Parian,2024,Dry,8.3,14.0,30.1,31.7,246.1,320.8,25.96,26.49,27.12,29.42,29.56,28.07,76.23,75.12,75.35,71.89,76.51,86.67,0.02399795690240959,0.42493754426221575,0.3708965433240002,0.35955000597227493,,,0.03868787282456954,0.2722083502499393,0.25060666869403164,0.24246307542412793,,,-0.005567264820759496,-0.45257599848986246,-0.388382616374992,-0.4086624606221628,,,-5.351426113689329,-5.3377298305732195,-5.4141556726252515,-5.517473614615235,-5.451032057437897,-5.065939574404948,-10.81054214784439,-10.844441539395314,-10.840442010808236,-11.227334268207402,-10.997388038779585,-10.660148130537593,4,6,5.15
City of Calamba,Parian,2024,Wet,431.0,253.6,309.2,294.0,81.3,204.4,27.08,27.57,27.37,27.08,27.54,25.99,88.63,86.84,86.8,86.82,82.27,87.31,0.3895368039473097,0.19227007379134495,0.47219471786856,0.47441792803542476,0.4200410851556326,0.38400279115095154,0.40423678267559165,0.1809732899069786,0.3422067949793078,0.3446380796860933,0.29093732380283055,0.30784448818515386,-0.3495405696548159,-0.23371497889359794,-0.4578315824035428,-0.47517421172398666,-0.4230811948214687,-0.37173663406528057,-4.590790094836259,-4.446697495160029,-4.962946959958167,-4.698570123086285,-5.552903771026266,-4.386895372708932,-10.823790002332442,-10.433125055288164,-10.788541032936894,-10.49138075809568,-11.121247120061112,-10.12378801664646,6,6,3.98
City of Calamba,Real,2020,Dry,76.4,70.7,17.7,50.5,219.4,292.9,25.31,24.84,27.14,28.36,28.91,27.83,83.08,78.77,75.54,74.44,80.75,85.66,0.43409116383097984,0.45034094905526684,0.37441858707086395,0.3325706887675768,0.39339647840644,0.43988249183499695,0.27449833403270507,0.3085599862729594,0.24634024910913743,0.24126605324095277,0.28848409200148123,0.32725255286751115,-0.4219676572203684,-0.44072516236381326,-0.38616726338971524,-0.3366774649908005,-0.3711619422832309,-0.42311897116942315,-5.573835603045238,-5.96288685231737,-6.141842545709865,-6.2052564995381685,-5.443047741739683,-5.832399853089448,-11.82102150463056,-12.344583135064777,-12.291962479743146,-12.410611705513716,-11.840373168901507,-12.127281907923546,6,6,4.72
City of Calamba,Real,2020,Wet,342.6,357.5,272.7,709.8,496.3,350.9,27.26,26.91,27.2,26.24,26.14,25.82,88.1,88.96,88.3,92.01,87.47,88.99,0.47206786128480877,0.4337581575400924,0.4655290437497,0.4595931551384793,,0.46163648445239647,0.4744613646170098,0.3826930559260368,0.3029612290818583,0.30925152914159204,,0.3150533530103117,-0.4168375234674496,-0.4129095292070123,-0.4291582154913814,-0.43745530972826624,,-0.4476526529125441,-5.671543575216255,-5.5704126900020565,-5.526078038119929,-3.9473539821232464,-5.228160323864534,-5.345592063668472,-11.387546036834475,-11.831602327501738,-11.209957569974495,-10.54245576715372,-11.578575113458607,-11.734049675904936,5,6,3.28
City of Calamba,Real,2021,Dry,136.9,96.0,89.7,22.5,129.6,255.8,24.78,24.89,26.29,27.46,28.74,27.79,84.96,84.29,83.5,75.1,78.56,84.29,,0.43670694617608813,0.015212095226161182,,0.3499332561568424,,,0.29433053087163585,0.0321865749376064,,0.2584172204311717,,,-0.42722908211115657,0.010159411658109588,,-0.3575957547687334,,-5.490159410709282,-4.752590015516549,-5.84824817446892,-5.639490139998293,-5.961637550753421,-5.642026751780595,-11.804294480361374,-11.421065766348407,-12.148561725375808,-11.969766691217698,-12.374111777700625,-12.072099726462952,3,6,5.56
City of Calamba,Real,2022,Dry,32.0,74.5,71.3,172.9,214.6,300.6,25.29,25.93,27.45,27.23,27.99,27.32,78.81,79.61,77.17,79.02,80.14,85.25,,0.33706110038698844,0.4123469421093857,0.39445288870626977,0.44606075011795737,,,0.285032838983374,0.26418931459693906,0.3112138026820328,0.32434189394261925,,,-0.29742828081144357,-0.4176204878302942,-0.3759708922911578,-0.4228287518185989,,-6.370733821341847,-6.143974257767122,-6.440903475027575,-5.751075495472392,-5.773076435797754,-5.438058442102584,-11.890933228986006,-11.612632561815861,-11.827306400049842,-11.396357382278968,-11.53366863714848,-11.46783167100432,4,6,5.56
City of Calamba,Real,2022,Wet,386.3,424.0,324.2,477.9,138.6,127.2,26.89,26.38,26.65,26.61,26.45,25.36,88.85,89.62,88.07,87.53,87.05,85.49,0.5343602759552988,0.4027195052895209,0.4395973359767042,0.4721405348712757,,0.44424985180245935,0.39334793320611794,0.3769347994712044,0.36221186480296186,0.4130187035846529,,0.29963434644561954,-0.49925041129592146,-0.37004503293368307,-0.4074683068766428,-0.4232421527604148,,-0.4282923108066185,-4.840185147516569,-6.0680235131211,-5.453431792278741,-5.339717893186995,-4.807634336995184,-6.3475254120184506,-10.878304535178511,-11.677680485613628,-11.226342456325249,-11.132204375390128,-10.695987028824758,-11.77320092419015,5,6,4.46
City of Calamba,Real,2023,Dry,135.1,51.4,12.8,166.4,176.3,289.8,24.76,25.47,26.32,27.54,28.14,27.49,84.4,79.19,73.16,77.54,82.03,85.91,0.35919887561845365,,0.34683389347813,0.37748305740358323,0.39760455478877615,0.371095358149308,0.23552897799631384,,0.2663462612559299,0.2794359783233038,0.3335234610652068,0.3695652817258679,-0.3669679572561555,,-0.3556840822358462,-0.38254774093448923,-0.3791968958764669,-0.33824073941557586,-6.385948881639554,-6.1413494624307825,-6.504678100541064,-6.382718358031096,-6.424713154239162,-6.043606490400055,-11.708726724164741,-11.746139056155293,-11.820246955076797,-11.955801978999,-12.11642824347177,-11.882413032598427,5,6,5.34
City of Calamba,Real,2023,Wet,305.0,132.8,334.5,151.4,110.5,60.9,27.41,27.86,27.04,26.93,26.67,26.39,86.3,83.17,89.34,86.94,84.42,83.84,0.4348332100107057,0.475547038223211,0.46895814866739355,0.3945122783574412,,0.4377282799146102,0.35308123525837926,0.4437307391889653,0.3295103659508353,0.299765618027951,,0.2975639277295487,-0.4049317684597752,-0.42839042127016996,-0.4603285855645758,-0.3683535758420022,,-0.41703386538419035,-5.3938499329515075,-5.970369567279942,-5.598908563550721,-5.018964744817527,-5.486207211067058,-5.367010236352473,-11.367367605295863,-11.83325477041338,-11.429995555094274,-11.019032819131503,-11.153209400669683,-11.272658929254085,5,6,4.47
City of Calamba,Real,2024,Dry,10.7,6.2,38.0,17.3,249.3,380.1,25.67,26.4,27.06,29.56,29.62,27.77,77.12,74.79,74.65,69.53,75.42,87.98,0.2244559487082607,0.388867659245284,0.32918429211520905,0.3228254176239419,,,0.14205001251598415,0.24398707331814617,0.21251717260477956,0.20752289208838345,,,-0.23882429810870778,-0.4064830602346945,-0.335998751229965,-0.3612740299311373,,,-6.349320286055161,-6.376090475849599,-6.587606630407555,-6.596119775887501,-6.562821702925944,-6.035141764034174,-11.801132913518162,-11.78995064189611,-11.7495747298671,-12.072851493005084,-11.852869769751441,-11.66390646079034,4,6,5.33
City of Calamba,Real,2024,Wet,450.3,274.3,338.2,358.6,59.8,228.8,26.82,27.4,27.17,26.83,27.4,25.79,89.77,87.9,87.54,87.94,81.9,87.46,,0.3345856814735043,-0.030608309225903615,0.4427273078650847,0.36973900628795736,0.28190696483439426,,0.3651353501531355,-0.10981590300798416,0.3323881798280485,0.25625569893403694,0.2174218036356601,,-0.3053587096324793,0.04952726182010439,-0.43271844760463535,-0.35792832452031054,-0.25143220843401975,-5.197586489082274,-5.2091345795591515,-5.9938573161098745,-5.5864514289308564,-6.314436116704815,-5.070298109050304,-11.607329788984643,-11.245084219159562,-11.794867880667725,-11.122579491580062,-11.780473737796756,-10.835538088269248,5,6,3.7
City of Calamba,Real,2025,Dry,74.4,140.3,115.1,42.4,152.9,335.3,25.47,25.69,26.96,29.46,28.81,27.14,83.61,82.24,77.9,71.13,77.61,87.86,0.3919970228323407,0.35714368067647845,0.3974934120053716,0.34144672319919744,0.4361529392035058,,0.29356733110145955,0.33118704353334744,0.28219357869863576,0.2663987403471056,0.3720109343140698,,-0.3965530068877158,-0.3431952702649813,-0.39628520733804057,-0.3548032208856388,-0.37739192203929023,,-5.430165082320645,-6.246690271190848,-6.148143577255133,-6.459860976475837,-6.14036024885593,-4.79907973602193,-11.291890966996736,-11.671029008174875,-11.684576073571431,-12.860894316016331,-11.710355066998334,-11.755278662614371,5,6,5.49
City of Calamba,Real,2025,Wet,345.1,314.3,359.5,278.2,239.0,75.5,26.89,26.55,26.02,26.35,26.27,25.71,87.35,88.27,91.48,89.93,88.68,86.34,,0.3933450186161547,0.3934429715182836,,0.40984455446487233,,,0.3487273051814169,0.3336837575876057,,0.27616614290206787,,,-0.37113384951979533,-0.3716774755587929,,-0.3975245820402134,,-5.557490702124668,-5.28858129792562,-4.6357878550714355,-5.490322158309696,-4.992461129817623,,-11.741469879271559,-11.15435138563548,-11.173589865285233,-11.318306565187239,-11.433984596997213,,3,5,1.12
City of Calamba,San Jose,2020,Dry,76.4,70.7,17.7,50.5,219.4,292.9,25.49,25.01,27.3,28.53,29.08,27.98,83.1,78.8,75.57,74.47,80.76,85.67,0.37865396255105255,0.498561183543994,0.6250935989689286,0.5275034474035252,0.4748630164617707,0.45207995803296624,0.2150756257144409,0.36776387177096326,0.447972342250567,0.44739216697561857,0.35712889869959696,0.3240703691045165,-0.366142146762115,-0.4306024309631343,-0.5639146923499609,-0.47210832734077707,-0.4500764220341977,-0.441070936238611,-6.4975893128457125,-6.67198462029611,-7.61374077379635,-7.3970048087829525,-7.020903105919187,-6.576634078572557,-15.866304329461387,-15.153003071988373,-14.800841304692044,-14.787963218631752,-13.72651978340105,-14.800265360280195,6,6,5.54
City of Calamba,San Jose,2020,Wet,342.6,357.5,272.7,709.8,496.3,350.9,27.42,27.09,27.37,26.41,26.3,26.0,88.13,88.97,88.32,92.03,87.48,89.0,0.3483933050592214,0.5865196018120801,0.5288086577621178,0.4564290480785606,,0.5372850708220037,0.28973000785413405,0.47489124325160714,0.5345473339695803,0.3031456791136192,,0.36202444965811187,-0.36549324041371717,-0.5204757125492524,-0.445400662575855,-0.44779775046565284,,-0.4958808042538663,-7.646451230536279,-7.057174375485679,-7.82331355994962,-4.608412701096878,-5.750466478866931,-5.8065304520089365,-14.772764660693609,-14.838187391013014,-13.002801768050702,-12.0293870825156,-13.233132260018508,-13.511157360754401,5,6,4.52
City of Calamba,San Jose,2021,Dry,136.9,96.0,89.7,22.5,129.6,255.8,24.95,25.07,26.47,27.63,28.91,27.95,84.97,84.31,83.53,75.12,78.59,84.32,0.17625312320888042,0.5180946271440647,-0.03603150695562363,,0.3992090594884813,,0.17998647317290306,0.3007388149585511,-0.05591968446969986,,0.31873773914667025,,-0.13039852678775787,-0.4655168889860404,0.05301284044981003,,-0.42087517138712643,,-6.716786598774063,-6.43895344351237,-7.351326400539625,-7.504440133889708,-7.07313163182772,-6.209005329974923,-16.241955811327152,-15.076895867620628,-14.830893882087887,-14.51792825071657,-14.633366399200096,-13.7037202096713,4,6,6.37
City of Calamba,San Jose,2021,Wet,356.0,291.8,439.3,255.2,85.4,104.0,27.25,27.22,26.81,26.67,26.98,25.53,88.16,88.01,90.49,87.9,84.05,82.13,0.17298595021877974,0.23757733673011594,0.6312425484190977,0.42338093663148085,0.23497137482267588,0.448670861588148,0.12683372310407104,0.27128400365972183,0.4447115275149449,0.3298173801211132,0.1658548193151822,0.29445108072989545,-0.24202032706567222,-0.18563398349611362,-0.5703562207677507,-0.44137880308141836,-0.299399277564201,-0.43643413881393006,-6.258455444210802,-7.847188171207825,-7.088861281156801,-6.423483378324341,-5.65097669813855,-7.227818443224976,-15.491922632020824,-14.081955305208233,-14.475846128977548,-12.508875136632522,-12.888876002293745,-13.96875008316893,6,6,4.54
City of Calamba,San Jose,2022,Dry,32.0,74.5,71.3,172.9,214.6,300.6,25.46,26.09,27.61,27.39,28.15,27.48,78.84,79.64,77.2,79.04,80.17,85.27,,0.5644049622132985,0.5940409693532458,0.42355577260223826,0.5049836515183741,,,0.3914181583546139,0.4540837300091436,0.35439862846857406,0.36937657748621383,,,-0.49965236601712765,-0.5402768518660545,-0.4121913771331071,-0.4717492950313184,,-7.920435127591051,-7.5743752607349935,-7.99825272987907,-6.748806027232535,-6.857099860510949,-6.76671447781174,-15.272837267177703,-13.760590399781824,-13.431765812488813,-12.009205921319207,-12.361209464372516,-13.243862333842396,4,6,6.37
City of Calamba,San Jose,2022,Wet,386.3,424.0,324.2,477.9,138.6,127.2,27.06,26.55,26.82,26.78,26.62,25.53,88.86,89.63,88.09,87.55,87.07,85.51,0.4420751417513754,-0.119984932243824,,,,0.4717947857791752,0.3534304957653656,-0.16034838557243347,,,,0.3275749948613526,-0.32269765473291534,0.128032848238945,,,,-0.44638273678335166,-6.7519026171835375,-7.508610043748119,-6.941092774333542,-6.142280469349984,-5.757478386059501,-6.883746688665152,-13.803049320748444,-13.500177887277244,-12.347127471239949,-11.881777414037261,-11.374793692240324,-12.846624787700305,3,6,3.2
City of Calamba,San Jose,2023,Dry,135.1,51.4,12.8,166.4,176.3,289.8,24.94,25.65,26.48,27.71,28.29,27.66,84.42,79.23,73.18,77.56,82.05,85.93,0.503639713342538,,0.4923586974348837,0.5053507278822517,0.5012014378205608,0.46014156719910715,0.3565380786146384,,0.4103813488460217,0.4207774031839158,0.42158245111330717,0.34589320538550056,-0.47842557884183384,,-0.4589376266787441,-0.47640470852492184,-0.45985939558086264,-0.4303440161376151,-7.185867537308612,-6.903405407284595,-8.022398432613718,-8.36118392878758,-7.224847523274113,-6.739580303861586,-14.504196651415082,-13.44905977709917,-13.59963225635348,-13.574781142577796,-12.737639306573751,-13.010788611901916,5,6,4.43
City of Calamba,San Jose,2023,Wet,305.0,132.8,334.5,151.4,110.5,60.9,27.58,28.02,27.22,27.09,26.84,26.56,86.32,83.2,89.36,86.95,84.44,83.86,,,0.6183424562681897,0.36569970631786236,,0.48600434487967636,,,0.42143624458457263,0.30228407399203544,,0.3680600133259441,,,-0.5624616029343718,-0.34146927112177466,,-0.4609761027612156,-7.231777869101817,-7.331564268008478,-7.268424500551847,-6.046131916989223,-6.018006840811956,-6.27116399493307,-14.494048364749757,-13.153173585615928,-12.479446764951307,-11.54649431275017,-11.71579388880987,-12.24941398237002,3,6,3.48
City of Calamba,San Jose,2024,Dry,10.7,6.2,38.0,17.3,249.3,380.1,25.85,26.56,27.23,29.73,29.8,27.95,77.15,74.82,74.68,69.56,75.44,88.0,0.43203572912121907,0.6261579299600786,0.5941651056010022,0.4219722027542417,,0.39458651808816436,0.3143138627162984,0.42846977619575116,0.454785649753594,0.32634732276025274,,0.4030544429861658,-0.4016773268817383,-0.5620558597903835,-0.5259958252369075,-0.452914194717865,,-0.36590840561959886,-7.118004980381607,-7.275586020508433,-7.851405720444939,-7.754955024729041,-7.7584064767979655,-6.442844381396054,-13.975835002977712,-13.040016683096793,-12.872216244507044,-13.296134987664852,-13.309406289490955,-12.71708253925953,5,6,5.15
City of Calamba,San Jose,2024,Wet,450.3,274.3,338.2,358.6,59.8,228.8,26.98,27.55,27.33,26.99,27.57,25.97,89.78,87.92,87.56,87.96,81.93,87.49,0.36576390763123834,,0.3526500931807927,0.4682766737937998,0.5023595947643806,0.22254285628304765,0.367421243339777,,0.2625890581735543,0.3472467650064281,0.365920889223444,0.21553094682886312,-0.31682974596818286,,-0.382835114640849,-0.4694036333874993,-0.47729226278847664,-0.1688774896456915,-5.960234854105705,-7.419624103498463,-7.177559597306413,-6.629278178126075,-6.8023169651767885,-6.853594426383031,-14.640222829600203,-12.840354621940877,-12.705642361684118,-11.966108800704848,-12.774379853943088,-12.960331771984588,5,6,5.09
City of Calamba,San Jose,2025,Dry,74.4,140.3,115.1,42.4,152.9,335.3,25.65,25.87,27.14,29.63,28.97,27.31,83.63,82.26,77.91,71.16,77.63,87.87,0.39221986649291846,0.582930588684663,0.6389322619653118,0.44251541695359126,0.4968214052434127,,0.29700786708666166,0.5329193667078213,0.4948582439670061,0.37824283399025893,0.4696413348569668,,-0.3535865091932763,-0.5067000682113545,-0.5731750950846325,-0.45008630559066837,-0.4652260272158296,,-6.70263925321443,-7.2570564245777875,-7.352579370568504,-7.393918193469103,-6.897807665056759,-7.445216589098714,-13.933434984354252,-13.03360789340731,-12.999143191349766,-14.957497791066848,-12.761373042548765,-15.356197741330222,5,6,5.03
City of Calamba,San Jose,2025,Wet,345.1,314.3,359.5,278.2,239.0,75.5,27.05,26.73,26.2,26.52,26.44,25.87,87.37,88.28,91.49,89.95,88.69,86.36,,0.539000941619642,0.5793177343206918,,0.5189378938720508,,,0.4605202529125586,0.4358113354408861,,0.3498439047809852,,,-0.48554653415698795,-0.518105292418579,,-0.47331976550521054,,-6.199825230049834,-6.972805685016174,-5.671305461831096,-6.331718816787235,-5.301162384977965,,-14.965669848626376,-12.901034927148388,-12.8380301625427,-12.157337575393049,-13.51784140322516,,3,5,2.47
City of Calamba,Uwisan,2020,Dry,61.8,46.4,14.2,20.6,259.1,206.5,26.07,25.68,27.68,28.75,29.27,28.55,78.75,73.79,72.22,71.53,78.73,80.72,0.5668050740107036,0.539910771318751,0.4658517177038938,0.22860008499624576,0.5295147882532532,0.5332180887146194,0.38479657924009936,0.4153897758517457,0.34866235949306396,0.1975815074582552,0.4152596672532543,0.4197824213146048,-0.4963473221882819,-0.4701994881985209,-0.45466218009147363,-0.2683235732035647,-0.467666610736343,-0.4718851701990413,-7.658907848890011,-8.295880468768374,-8.403538482502608,-8.57060244120781,-7.690897145342763,-7.630698188696111,-15.126058282583893,-15.643083839749096,-15.63641418331497,-15.981906784480607,-14.796869921700187,-15.040855866543119,6,6,5.59
City of Calamba,Uwisan,2020,Wet,271.9,259.5,172.7,488.6,369.0,327.8,27.98,27.42,27.81,26.96,26.85,26.47,83.27,86.01,85.16,88.06,83.95,85.79,0.5037004395261153,,0.5168391925003448,0.4858683377835082,,0.41457247690147714,0.3926771183890302,,0.4850857501037966,0.34789245444578665,,0.26440184211772744,-0.42812345481360875,,-0.4342900582760568,-0.42715772484550824,,-0.3644275343910428,-7.691804471037145,-7.473654078064888,-8.013702751406901,-5.336556263379041,-6.886030658079664,-7.756465581394812,-14.15664851773796,-14.600240497764528,-13.541183647851632,-12.874858347590788,-14.94088800365187,-15.705939587377834,4,6,4.23
City of Calamba,Uwisan,2021,Dry,108.6,91.9,63.2,22.2,79.8,231.7,25.44,25.52,27.1,28.26,29.17,28.29,81.79,80.96,78.74,70.7,75.08,81.32,,0.5254446539969375,,,0.4007911290039846,0.1277900905814022,,0.3465734856273499,,,0.3329457617058624,0.1165495894732885,,-0.47164752385308445,,,-0.39432185621514976,0.031024222013851018,-7.436002697883967,-7.154769031992529,-7.975168336924902,-7.553501891948639,-7.866235938160554,-6.96433055717973,-15.539506582872983,-14.789702486274235,-15.45331352652319,-15.160581075055607,-15.235991755881445,-14.523187174403699,3,6,5.71
City of Calamba,Uwisan,2021,Wet,282.0,182.8,360.0,204.0,46.7,80.0,27.82,27.69,27.31,27.25,27.88,26.29,83.5,83.83,86.73,84.08,77.52,76.48,0.19648288480109646,,0.5344338821968182,0.49569481563199025,0.269983514283712,0.4645398641474865,0.18156979534597625,,0.3691831967705843,0.41004272056964114,0.19656407088041306,0.3052331708573174,-0.18096690151160433,,-0.46670250579778244,-0.43223064442200687,-0.35120308857697713,-0.4069969487629558,-6.1364239279045965,-7.425257511945633,-7.118077968635815,-7.275443768261976,-6.227860986717332,-7.259547494099775,-14.67655812472366,-13.063315657683116,-14.674276238884028,-12.859293589798304,-14.266525919836663,-12.86970887338168,5,6,4.52
City of Calamba,Uwisan,2022,Dry,33.1,21.8,24.7,59.5,215.1,265.8,26.29,26.62,28.11,27.98,28.4,28.03,72.7,75.0,72.79,74.36,78.56,81.84,,0.5031610637255898,0.4912501271581122,0.4961715734444027,0.48627265855293944,,,0.35709693339055565,0.36095420260053285,0.4139326507899179,0.3464090719410958,,,-0.44329460354602157,-0.46568587376349196,-0.44652071903193613,-0.4400958939932617,,-7.596703990966458,-7.477003580107736,-7.6514379752496335,-7.100944683015865,-6.878195335335977,-6.846445989181661,-13.003786657073569,-12.787158491033804,-12.7658853606649,-12.174386101443552,-12.349525746723163,-12.653541734171716,4,6,5.71
City of Calamba,Uwisan,2022,Wet,299.2,369.6,274.8,438.8,77.0,120.2,27.41,26.94,27.01,27.4,27.19,26.12,86.6,87.34,86.04,83.52,83.41,81.56,0.40215090446198654,,,0.1375416194787249,,0.4305276818738643,0.4648071322443063,,,0.19415450660744682,,0.2923969639100546,-0.32784239516446456,,,-0.026070062827784565,,-0.38734435123667416,-6.521751805709773,-7.3182318703509495,-7.07116199453622,-6.414606554885288,-6.469286523042146,-6.878004868047922,-12.168416857920379,-12.46668896580767,-12.133376535146112,-11.903214704422982,-11.94669986716227,-12.806309426298242,3,6,4.47
City of Calamba,Uwisan,2023,Dry,106.7,72.6,7.5,130.6,118.9,222.7,25.52,26.29,27.04,28.1,28.92,28.26,80.34,74.72,68.68,75.08,76.85,80.86,0.37254718026497713,,0.43502657640619286,0.4493152589447618,0.4303400360908828,0.4907210797861403,0.23437973346186422,,0.3316212867241759,0.36616583741227987,0.35879413718444175,0.40168012274151915,-0.35157057758427135,,-0.40000252977873535,-0.4117973578970014,-0.3893694708713944,-0.4320235331091751,-7.434891303427125,-7.459669976132078,-8.077072717409843,-7.604905574250882,-7.363448982366645,-6.952769637304575,-13.160464441471426,-13.017722942315116,-13.165690081326906,-12.77328164843024,-12.438789131260211,-12.08843286004556,5,6,5.58
City of Calamba,Uwisan,2023,Wet,338.5,96.5,344.9,169.9,85.3,38.3,28.3,28.45,27.99,27.91,27.51,27.0,81.35,80.36,83.33,81.92,81.48,82.51,,-0.07057758605676809,0.49287958186320163,0.5161156059668269,,0.39469454774024404,,-0.03535735995845042,0.34027072335668035,0.4096974202036882,,0.3503762864993703,,0.24477232185502845,-0.4329267457499601,-0.453268222985203,,-0.36525830660084113,-6.406179370361106,-7.313285750901764,-6.870399658996583,-6.484506463214136,-6.712235630346649,-6.53745117936081,-12.2078815180909,-12.600780310766956,-12.078240716261247,-11.580004199181452,-11.55160696327666,-11.873412982618596,4,6,4.73
City of Calamba,Uwisan,2024,Dry,6.8,10.2,25.7,12.0,252.1,337.7,25.88,26.21,26.74,28.77,29.34,28.73,79.21,79.12,79.8,77.19,78.62,81.76,0.46259382300688845,0.441943581104521,0.45891532766926324,0.46206082414811445,,0.3889345457078892,0.3423498676623238,0.2901492794067646,0.3251349126618998,0.3538838512345537,,0.35051700545351666,-0.4146543440838358,-0.4238141116816192,-0.4209445723105076,-0.45033127398274625,,-0.3601376301353322,-6.910417402928146,-7.157124954836097,-7.143323442890584,-7.163149102211193,-7.2640264230365394,-7.227936126433878,-12.01387265723285,-12.207099456814591,-12.150179292166891,-12.284922317209396,-11.927492641061834,-11.967659070269967,5,6,5.37
City of Calamba,Uwisan,2024,Wet,445.0,275.9,307.0,308.7,62.4,189.7,27.79,28.21,27.96,27.86,27.84,26.54,83.77,83.02,83.93,82.52,81.69,84.79,0.24828916242389792,,0.5243840923683756,0.48396346065322726,0.42664175183409153,0.3339688326970052,0.2516831434440852,,0.3460146922847352,0.35329378861249644,0.3045530858333043,0.27432997346695487,-0.20937655268106176,,-0.4688082095161277,-0.4265684411595358,-0.4050065249563506,-0.3188473561712599,-6.097785123574392,-6.855862525471775,-6.881334391509701,-6.93628701816591,-7.181275025381626,-6.373844040756955,-13.952805683106599,-11.898967197995914,-11.931142700191726,-11.941720613540237,-12.27530597419933,-11.540859101270453,5,6,4.21
City of Calamba,Uwisan,2025,Dry,51.9,89.6,48.5,22.0,167.5,369.0,25.95,26.02,26.93,28.95,28.91,27.92,82.82,82.39,80.85,76.32,78.25,83.1,0.4263243858402151,0.310320869771826,0.4791530938453556,0.43168560675465256,0.47961250656024945,,0.31309441503080726,0.26834996954617807,0.3495789397608687,0.3458723954765688,0.4033750262278121,,-0.396779933241343,-0.27202210583651776,-0.4420726434081924,-0.4242899477692999,-0.44258641879168786,,-6.653976246317991,-6.886514761782282,-7.149941911189869,-7.440011075813558,-7.004854578106205,-5.0892940703336995,-11.956262867031848,-12.269913538007058,-11.957806707409917,-15.146124140453388,-11.77835545377263,-13.281027604519076,5,6,5.26
City of Calamba,Uwisan,2025,Wet,368.5,323.2,290.4,254.2,208.0,69.9,27.74,27.66,27.09,27.49,27.33,26.66,82.83,81.96,85.3,83.56,83.68,81.89,,0.40277989369458955,0.45569224409153575,,0.3379585438392137,,,0.29811409938845346,0.3321889399918647,,0.2372587071809545,,,-0.3477382585702414,-0.38752940183386525,,-0.33992721074681664,,-6.683966286195984,-6.996176179194448,-6.5055426373059335,-7.130681784528237,-6.318188922842695,,-14.738447573387775,-12.168501126193608,-14.2147896410866,-12.134436060393531,-14.537054652995618,,3,5,4.5
