2021 Semester 2 Average Yield of Palay in All Ecosystems in the Philippines by Municipality,,,,
,,,,
Province Name,Location Name,Average Yield,Ecosystem,Year
Ilocos Norte,Adams,4.90961,ALL ECOSYSTEMS,2021
Ilocos Norte,Bacarra,5.06856,ALL ECOSYSTEMS,2021
Ilocos Norte,Badoc,4.59315,ALL ECOSYSTEMS,2021
Ilocos Norte,Bangui,5.1119,ALL ECOSYSTEMS,2021
Ilocos Norte,City of Batac,4.41134,ALL ECOSYSTEMS,2021
Ilocos Norte,Burgos,4.72413,ALL ECOSYSTEMS,2021
Ilocos Norte,Carasi,4.63132,ALL ECOSYSTEMS,2021
Ilocos Norte,Currimao,4.74599,ALL ECOSYSTEMS,2021
Ilocos Norte,Dingras,5.02094,ALL ECOSYSTEMS,2021
Ilocos Norte,Dumalneg,5.24365,ALL ECOSYSTEMS,2021
Ilocos Norte,Banna,5.40819,ALL ECOSYSTEMS,2021
Ilocos Norte,City of Laoag,4.90916,ALL ECOSYSTEMS,2021
Ilocos Norte,Marcos,5.04631,ALL ECOSYSTEMS,2021
Ilocos Norte,Nueva Era,5.33898,ALL ECOSYSTEMS,2021
Ilocos Norte,Pagudpud,5.09637,ALL ECOSYSTEMS,2021
Ilocos Norte,Paoay,4.95691,ALL ECOSYSTEMS,2021
Ilocos Norte,Pasuquin,4.88463,ALL ECOSYSTEMS,2021
Ilocos Norte,Piddig,4.98416,ALL ECOSYSTEMS,2021
Ilocos Norte,Pinili,5.21506,ALL ECOSYSTEMS,2021
Ilocos Norte,San Nicolas,5.03004,ALL ECOSYSTEMS,2021
Ilocos Norte,Sarrat,5.01166,ALL ECOSYSTEMS,2021
Ilocos Norte,Solsona,4.93033,ALL ECOSYSTEMS,2021
Ilocos Norte,Vintar,4.90223,ALL ECOSYSTEMS,2021
Ilocos Sur,Alilem,6.37122,ALL ECOSYSTEMS,2021
Ilocos Sur,Banayoyo,4.69393,ALL ECOSYSTEMS,2021
Ilocos Sur,Bantay,4.23964,ALL ECOSYSTEMS,2021
Ilocos Sur,Burgos,5.46931,ALL ECOSYSTEMS,2021
Ilocos Sur,Cabugao,4.3995,ALL ECOSYSTEMS,2021
Ilocos Sur,City of Candon,4.63213,ALL ECOSYSTEMS,2021
Ilocos Sur,Caoayan,4.16459,ALL ECOSYSTEMS,2021
Ilocos Sur,Cervantes,6.31055,ALL ECOSYSTEMS,2021
Ilocos Sur,Galimuyod,5.22764,ALL ECOSYSTEMS,2021
Ilocos Sur,Gregorio del Pilar,5.71936,ALL ECOSYSTEMS,2021
Ilocos Sur,Lidlidda,5.94115,ALL ECOSYSTEMS,2021
Ilocos Sur,Magsingal,4.3174,ALL ECOSYSTEMS,2021
Ilocos Sur,Nagbukel,5.80323,ALL ECOSYSTEMS,2021
Ilocos Sur,Narvacan,4.98753,ALL ECOSYSTEMS,2021
Ilocos Sur,Quirino,5.85619,ALL ECOSYSTEMS,2021
Ilocos Sur,Salcedo,5.77841,ALL ECOSYSTEMS,2021
Ilocos Sur,San Emilio,5.84184,ALL ECOSYSTEMS,2021
Ilocos Sur,San Esteban,4.40012,ALL ECOSYSTEMS,2021
Ilocos Sur,San Ildefonso,4.26095,ALL ECOSYSTEMS,2021
Ilocos Sur,San Juan,4.26272,ALL ECOSYSTEMS,2021
Ilocos Sur,San Vicente,4.39015,ALL ECOSYSTEMS,2021
Ilocos Sur,Santa,4.45418,ALL ECOSYSTEMS,2021
Ilocos Sur,Santa Catalina,3.19424,ALL ECOSYSTEMS,2021
Ilocos Sur,Santa Cruz,4.65194,ALL ECOSYSTEMS,2021
Ilocos Sur,Santa Lucia,4.81929,ALL ECOSYSTEMS,2021
Ilocos Sur,Santa Maria,5.0926,ALL ECOSYSTEMS,2021
Ilocos Sur,Santiago,4.5783,ALL ECOSYSTEMS,2021
Ilocos Sur,Santo Domingo,4.26712,ALL ECOSYSTEMS,2021
Ilocos Sur,Sigay,5.36769,ALL ECOSYSTEMS,2021
Ilocos Sur,Sinait,4.34714,ALL ECOSYSTEMS,2021
Ilocos Sur,Sugpon,6.55585,ALL ECOSYSTEMS,2021
Ilocos Sur,Suyo,5.81012,ALL ECOSYSTEMS,2021
Ilocos Sur,Tagudin,4.70271,ALL ECOSYSTEMS,2021
Ilocos Sur,City of Vigan,4.13532,ALL ECOSYSTEMS,2021
La Union,Agoo,4.65346,ALL ECOSYSTEMS,2021
La Union,Aringay,4.66754,ALL ECOSYSTEMS,2021
La Union,Bacnotan,4.57564,ALL ECOSYSTEMS,2021
La Union,Bagulin,4.36335,ALL ECOSYSTEMS,2021
La Union,Balaoan,4.67804,ALL ECOSYSTEMS,2021
La Union,Bangar,4.77213,ALL ECOSYSTEMS,2021
La Union,Bauang,4.35248,ALL ECOSYSTEMS,2021
La Union,Burgos,4.18496,ALL ECOSYSTEMS,2021
La Union,Caba,4.48514,ALL ECOSYSTEMS,2021
La Union,Luna,4.72256,ALL ECOSYSTEMS,2021
La Union,Naguilian,4.55811,ALL ECOSYSTEMS,2021
La Union,Pugo,4.68437,ALL ECOSYSTEMS,2021
La Union,Rosario,4.53134,ALL ECOSYSTEMS,2021
La Union,City of San Fernando,4.48773,ALL ECOSYSTEMS,2021
La Union,San Gabriel,4.58502,ALL ECOSYSTEMS,2021
La Union,San Juan,4.64507,ALL ECOSYSTEMS,2021
La Union,Santo Tomas,4.56104,ALL ECOSYSTEMS,2021
La Union,Santol,4.4401,ALL ECOSYSTEMS,2021
La Union,Sudipen,4.64981,ALL ECOSYSTEMS,2021
La Union,Tubao,4.57632,ALL ECOSYSTEMS,2021
Pangasinan,Agno,3.72774,ALL ECOSYSTEMS,2021
Pangasinan,Aguilar,4.32563,ALL ECOSYSTEMS,2021
Pangasinan,City of Alaminos,3.84814,ALL ECOSYSTEMS,2021
Pangasinan,Alcala,4.23714,ALL ECOSYSTEMS,2021
Pangasinan,Anda,3.95216,ALL ECOSYSTEMS,2021
Pangasinan,Asingan,4.97503,ALL ECOSYSTEMS,2021
Pangasinan,Balungao,4.55871,ALL ECOSYSTEMS,2021
Pangasinan,Bani,3.83232,ALL ECOSYSTEMS,2021
Pangasinan,Basista,4.25522,ALL ECOSYSTEMS,2021
Pangasinan,Bautista,4.24638,ALL ECOSYSTEMS,2021
Pangasinan,Bayambang,4.16468,ALL ECOSYSTEMS,2021
Pangasinan,Binalonan,5.43712,ALL ECOSYSTEMS,2021
Pangasinan,Binmaley,4.24392,ALL ECOSYSTEMS,2021
Pangasinan,Bolinao,3.72637,ALL ECOSYSTEMS,2021
Pangasinan,Bugallon,4.37284,ALL ECOSYSTEMS,2021
Pangasinan,Burgos,3.75082,ALL ECOSYSTEMS,2021
Pangasinan,Calasiao,4.59801,ALL ECOSYSTEMS,2021
Pangasinan,City of Dagupan,4.14384,ALL ECOSYSTEMS,2021
Pangasinan,Dasol,3.93368,ALL ECOSYSTEMS,2021
Pangasinan,Infanta,4.00576,ALL ECOSYSTEMS,2021
Pangasinan,Labrador,4.33562,ALL ECOSYSTEMS,2021
Pangasinan,Lingayen,4.11247,ALL ECOSYSTEMS,2021
Pangasinan,Mabini,3.79671,ALL ECOSYSTEMS,2021
Pangasinan,Malasiqui,4.52342,ALL ECOSYSTEMS,2021
Pangasinan,Manaoag,4.99867,ALL ECOSYSTEMS,2021
Pangasinan,Mangaldan,4.37475,ALL ECOSYSTEMS,2021
Pangasinan,Mangatarem,4.25666,ALL ECOSYSTEMS,2021
Pangasinan,Mapandan,4.37168,ALL ECOSYSTEMS,2021
Pangasinan,Natividad,5.16302,ALL ECOSYSTEMS,2021
Pangasinan,Pozorrubio,5.21898,ALL ECOSYSTEMS,2021
Pangasinan,Rosales,4.48782,ALL ECOSYSTEMS,2021
Pangasinan,City of San Carlos,4.38742,ALL ECOSYSTEMS,2021
Pangasinan,San Fabian,4.25623,ALL ECOSYSTEMS,2021
Pangasinan,San Jacinto,4.31165,ALL ECOSYSTEMS,2021
Pangasinan,San Manuel,5.27672,ALL ECOSYSTEMS,2021
Pangasinan,San Nicolas,5.32428,ALL ECOSYSTEMS,2021
Pangasinan,San Quintin,4.66492,ALL ECOSYSTEMS,2021
Pangasinan,Santa Barbara,4.58373,ALL ECOSYSTEMS,2021
Pangasinan,Santa Maria,4.56452,ALL ECOSYSTEMS,2021
Pangasinan,Santo Tomas,4.42678,ALL ECOSYSTEMS,2021
Pangasinan,Sison,4.8648,ALL ECOSYSTEMS,2021
Pangasinan,Sual,4.18679,ALL ECOSYSTEMS,2021
Pangasinan,Tayug,5.13465,ALL ECOSYSTEMS,2021
Pangasinan,Umingan,4.64982,ALL ECOSYSTEMS,2021
Pangasinan,Urbiztondo,4.25142,ALL ECOSYSTEMS,2021
Pangasinan,City of Urdaneta,4.78507,ALL ECOSYSTEMS,2021
Pangasinan,Villasis,4.57239,ALL ECOSYSTEMS,2021
Pangasinan,Laoac,5.54646,ALL ECOSYSTEMS,2021
Cagayan,Abulug,4.32775,ALL ECOSYSTEMS,2021
Cagayan,Alcala,4.35407,ALL ECOSYSTEMS,2021
Cagayan,Allacapan,4.00521,ALL ECOSYSTEMS,2021
Cagayan,Amulung,4.42112,ALL ECOSYSTEMS,2021
Cagayan,Aparri,3.91573,ALL ECOSYSTEMS,2021
Cagayan,Baggao,4.29542,ALL ECOSYSTEMS,2021
Cagayan,Ballesteros,3.90381,ALL ECOSYSTEMS,2021
Cagayan,Buguey,3.88992,ALL ECOSYSTEMS,2021
Cagayan,Calayan,4.13611,ALL ECOSYSTEMS,2021
Cagayan,Camalaniugan,3.98127,ALL ECOSYSTEMS,2021
Cagayan,Claveria,4.08767,ALL ECOSYSTEMS,2021
Cagayan,Enrile,4.41783,ALL ECOSYSTEMS,2021
Cagayan,Gattaran,3.94969,ALL ECOSYSTEMS,2021
Cagayan,Gonzaga,3.56593,ALL ECOSYSTEMS,2021
Cagayan,Iguig,4.40953,ALL ECOSYSTEMS,2021
Cagayan,Lal-Lo,3.91095,ALL ECOSYSTEMS,2021
Cagayan,Lasam,4.01327,ALL ECOSYSTEMS,2021
Cagayan,Pamplona,4.17263,ALL ECOSYSTEMS,2021
Cagayan,Penablanca,4.35137,ALL ECOSYSTEMS,2021
Cagayan,Piat,4.5499,ALL ECOSYSTEMS,2021
Cagayan,Rizal,5.21819,ALL ECOSYSTEMS,2021
Cagayan,Sanchez-Mira,4.07369,ALL ECOSYSTEMS,2021
Cagayan,Santa Ana,3.65023,ALL ECOSYSTEMS,2021
Cagayan,Santa Praxedes,3.9079,ALL ECOSYSTEMS,2021
Cagayan,Santa Teresita,3.78954,ALL ECOSYSTEMS,2021
Cagayan,Santo Nino,4.38609,ALL ECOSYSTEMS,2021
Cagayan,Solana,4.43193,ALL ECOSYSTEMS,2021
Cagayan,Tuao,4.76332,ALL ECOSYSTEMS,2021
Cagayan,Tuguegarao City,4.48857,ALL ECOSYSTEMS,2021
Isabela,Alicia,4.64339,ALL ECOSYSTEMS,2021
Isabela,Angadanan,4.4591,ALL ECOSYSTEMS,2021
Isabela,Aurora,4.57889,ALL ECOSYSTEMS,2021
Isabela,Benito Soliven,4.28954,ALL ECOSYSTEMS,2021
Isabela,Burgos,4.39855,ALL ECOSYSTEMS,2021
Isabela,Cabagan,4.30774,ALL ECOSYSTEMS,2021
Isabela,Cabatuan,4.58547,ALL ECOSYSTEMS,2021
Isabela,City of Cauayan,4.53159,ALL ECOSYSTEMS,2021
Isabela,Cordon,5.66568,ALL ECOSYSTEMS,2021
Isabela,Dinapigue,3.56401,ALL ECOSYSTEMS,2021
Isabela,Divilacan,3.35902,ALL ECOSYSTEMS,2021
Isabela,Echague,4.33095,ALL ECOSYSTEMS,2021
Isabela,Gamu,4.27502,ALL ECOSYSTEMS,2021
Isabela,City of Ilagan,4.36642,ALL ECOSYSTEMS,2021
Isabela,Jones,4.18309,ALL ECOSYSTEMS,2021
Isabela,Luna,4.55616,ALL ECOSYSTEMS,2021
Isabela,Maconacon,3.51996,ALL ECOSYSTEMS,2021
Isabela,Delfin Albano,4.35589,ALL ECOSYSTEMS,2021
Isabela,Mallig,4.3175,ALL ECOSYSTEMS,2021
Isabela,Naguilian,4.24226,ALL ECOSYSTEMS,2021
Isabela,Palanan,3.40413,ALL ECOSYSTEMS,2021
Isabela,Quezon,4.41141,ALL ECOSYSTEMS,2021
Isabela,Quirino,4.33828,ALL ECOSYSTEMS,2021
Isabela,Ramon,4.78859,ALL ECOSYSTEMS,2021
Isabela,Reina Mercedes,4.4695,ALL ECOSYSTEMS,2021
Isabela,Roxas,4.59697,ALL ECOSYSTEMS,2021
Isabela,San Agustin,4.22119,ALL ECOSYSTEMS,2021
Isabela,San Guillermo,4.0504,ALL ECOSYSTEMS,2021
Isabela,San Isidro,4.63951,ALL ECOSYSTEMS,2021
Isabela,San Manuel,4.74942,ALL ECOSYSTEMS,2021
Isabela,San Mariano,3.88147,ALL ECOSYSTEMS,2021
Isabela,San Mateo,4.65528,ALL ECOSYSTEMS,2021
Isabela,San Pablo,4.49097,ALL ECOSYSTEMS,2021
Isabela,Santa Maria,4.30444,ALL ECOSYSTEMS,2021
Isabela,City of Santiago,4.54687,ALL ECOSYSTEMS,2021
Isabela,Santo Tomas,4.32394,ALL ECOSYSTEMS,2021
Isabela,Tumauini,4.32059,ALL ECOSYSTEMS,2021
Nueva Vizcaya,Ambaguio,4.39173,ALL ECOSYSTEMS,2021
Nueva Vizcaya,Aritao,4.72909,ALL ECOSYSTEMS,2021
Nueva Vizcaya,Bagabag,5.09889,ALL ECOSYSTEMS,2021
Nueva Vizcaya,Bambang,4.72293,ALL ECOSYSTEMS,2021
Nueva Vizcaya,Bayombong,4.75229,ALL ECOSYSTEMS,2021
Nueva Vizcaya,Diadi,4.96241,ALL ECOSYSTEMS,2021
Nueva Vizcaya,Dupax del Norte,4.63859,ALL ECOSYSTEMS,2021
Nueva Vizcaya,Dupax del Sur,4.80302,ALL ECOSYSTEMS,2021
Nueva Vizcaya,Kasibu,4.84712,ALL ECOSYSTEMS,2021
Nueva Vizcaya,Kayapa,4.10244,ALL ECOSYSTEMS,2021
Nueva Vizcaya,Quezon,4.87241,ALL ECOSYSTEMS,2021
Nueva Vizcaya,Santa Fe,3.91971,ALL ECOSYSTEMS,2021
Nueva Vizcaya,Solano,4.99273,ALL ECOSYSTEMS,2021
Nueva Vizcaya,Villaverde,5.01676,ALL ECOSYSTEMS,2021
Nueva Vizcaya,Alfonso Castaneda,3.65744,ALL ECOSYSTEMS,2021
Quirino,Aglipay,3.94156,ALL ECOSYSTEMS,2021
Quirino,Cabarroguis,3.89617,ALL ECOSYSTEMS,2021
Quirino,Diffun,4.33357,ALL ECOSYSTEMS,2021
Quirino,Maddela,3.88571,ALL ECOSYSTEMS,2021
Quirino,Saguday,4.03912,ALL ECOSYSTEMS,2021
Quirino,Nagtipunan,4.1929,ALL ECOSYSTEMS,2021
Bataan,Abucay,4.38902,ALL ECOSYSTEMS,2021
Bataan,Bagac,3.86903,ALL ECOSYSTEMS,2021
Bataan,City of Balanga,4.32927,ALL ECOSYSTEMS,2021
Bataan,Dinalupihan,4.08262,ALL ECOSYSTEMS,2021
Bataan,Hermosa,4.26064,ALL ECOSYSTEMS,2021
Bataan,Limay,4.06756,ALL ECOSYSTEMS,2021
Bataan,Mariveles,3.7131,ALL ECOSYSTEMS,2021
Bataan,Morong,3.71608,ALL ECOSYSTEMS,2021
Bataan,Orani,4.32573,ALL ECOSYSTEMS,2021
Bataan,Orion,4.66478,ALL ECOSYSTEMS,2021
Bataan,Pilar,4.67637,ALL ECOSYSTEMS,2021
Bataan,Samal,4.37573,ALL ECOSYSTEMS,2021
Bulacan,Angat,4.64725,ALL ECOSYSTEMS,2021
Bulacan,Balagtas,4.51575,ALL ECOSYSTEMS,2021
Bulacan,Baliuag,4.80164,ALL ECOSYSTEMS,2021
Bulacan,Bocaue,4.57089,ALL ECOSYSTEMS,2021
Bulacan,Bulacan,4.45136,ALL ECOSYSTEMS,2021
Bulacan,Bustos,4.62303,ALL ECOSYSTEMS,2021
Bulacan,Calumpit,4.53552,ALL ECOSYSTEMS,2021
Bulacan,Guiguinto,4.59114,ALL ECOSYSTEMS,2021
Bulacan,Hagonoy,4.54845,ALL ECOSYSTEMS,2021
Bulacan,City of Malolos,4.59726,ALL ECOSYSTEMS,2021
Bulacan,Norzagaray,4.48291,ALL ECOSYSTEMS,2021
Bulacan,Obando,4.45874,ALL ECOSYSTEMS,2021
Bulacan,Pandi,4.59506,ALL ECOSYSTEMS,2021
Bulacan,Paombong,4.48141,ALL ECOSYSTEMS,2021
Bulacan,Plaridel,4.5811,ALL ECOSYSTEMS,2021
Bulacan,Pulilan,4.76336,ALL ECOSYSTEMS,2021
Bulacan,San Ildefonso,4.6355,ALL ECOSYSTEMS,2021
Bulacan,City of San Jose Del Monte,4.74001,ALL ECOSYSTEMS,2021
Bulacan,San Miguel,4.87697,ALL ECOSYSTEMS,2021
Bulacan,San Rafael,4.70459,ALL ECOSYSTEMS,2021
Bulacan,Santa Maria,4.693,ALL ECOSYSTEMS,2021
Bulacan,Dona Remedios Trinidad,4.60942,ALL ECOSYSTEMS,2021
Nueva Ecija,Aliaga,5.44192,ALL ECOSYSTEMS,2021
Nueva Ecija,Bongabon,5.51804,ALL ECOSYSTEMS,2021
Nueva Ecija,City of Cabanatuan,5.53053,ALL ECOSYSTEMS,2021
Nueva Ecija,Cabiao,5.36838,ALL ECOSYSTEMS,2021
Nueva Ecija,Carranglan,6.08469,ALL ECOSYSTEMS,2021
Nueva Ecija,Cuyapo,5.52018,ALL ECOSYSTEMS,2021
Nueva Ecija,Gabaldon,5.07599,ALL ECOSYSTEMS,2021
Nueva Ecija,City of Gapan,5.48744,ALL ECOSYSTEMS,2021
Nueva Ecija,Gen. M. Natividad,5.78073,ALL ECOSYSTEMS,2021
Nueva Ecija,General Tinio,5.29355,ALL ECOSYSTEMS,2021
Nueva Ecija,Guimba,5.51201,ALL ECOSYSTEMS,2021
Nueva Ecija,Jaen,5.58675,ALL ECOSYSTEMS,2021
Nueva Ecija,Laur,5.64326,ALL ECOSYSTEMS,2021
Nueva Ecija,Licab,5.40783,ALL ECOSYSTEMS,2021
Nueva Ecija,Llanera,5.58687,ALL ECOSYSTEMS,2021
Nueva Ecija,Lupao,5.47972,ALL ECOSYSTEMS,2021
Nueva Ecija,Science City of Munoz,5.47964,ALL ECOSYSTEMS,2021
Nueva Ecija,Nampicuan,5.52602,ALL ECOSYSTEMS,2021
Nueva Ecija,City of Palayan,5.65698,ALL ECOSYSTEMS,2021
Nueva Ecija,Pantabangan,5.33299,ALL ECOSYSTEMS,2021
Nueva Ecija,Penaranda,5.48619,ALL ECOSYSTEMS,2021
Nueva Ecija,Quezon,5.42643,ALL ECOSYSTEMS,2021
Nueva Ecija,Rizal,5.7662,ALL ECOSYSTEMS,2021
Nueva Ecija,San Antonio,5.42509,ALL ECOSYSTEMS,2021
Nueva Ecija,San Isidro,5.55351,ALL ECOSYSTEMS,2021
Nueva Ecija,San Jose City,5.51286,ALL ECOSYSTEMS,2021
Nueva Ecija,San Leonardo,5.65889,ALL ECOSYSTEMS,2021
Nueva Ecija,Santa Rosa,5.63336,ALL ECOSYSTEMS,2021
Nueva Ecija,Santo Domingo,5.49581,ALL ECOSYSTEMS,2021
Nueva Ecija,Talavera,5.46922,ALL ECOSYSTEMS,2021
Nueva Ecija,Talugtug,5.46953,ALL ECOSYSTEMS,2021
Nueva Ecija,Zaragoza,5.37082,ALL ECOSYSTEMS,2021
Pampanga,Apalit,4.62183,ALL ECOSYSTEMS,2021
Pampanga,Arayat,4.71147,ALL ECOSYSTEMS,2021
Pampanga,Bacolor,4.56747,ALL ECOSYSTEMS,2021
Pampanga,Candaba,4.738,ALL ECOSYSTEMS,2021
Pampanga,Floridablanca,4.47615,ALL ECOSYSTEMS,2021
Pampanga,Guagua,4.56509,ALL ECOSYSTEMS,2021
Pampanga,Lubao,4.52461,ALL ECOSYSTEMS,2021
Pampanga,Mabalacat City,4.6434,ALL ECOSYSTEMS,2021
Pampanga,Magalang,4.63216,ALL ECOSYSTEMS,2021
Pampanga,Mexico,4.709,ALL ECOSYSTEMS,2021
Pampanga,Porac,4.68549,ALL ECOSYSTEMS,2021
Pampanga,San Luis,4.8889,ALL ECOSYSTEMS,2021
Pampanga,San Simon,4.69132,ALL ECOSYSTEMS,2021
Pampanga,Santa Ana,4.80561,ALL ECOSYSTEMS,2021
Pampanga,Santa Rita,4.63453,ALL ECOSYSTEMS,2021
Pampanga,Santo Tomas,4.55254,ALL ECOSYSTEMS,2021
Tarlac,Anao,4.68805,ALL ECOSYSTEMS,2021
Tarlac,Bamban,4.50522,ALL ECOSYSTEMS,2021
Tarlac,Camiling,4.45501,ALL ECOSYSTEMS,2021
Tarlac,Capas,4.54035,ALL ECOSYSTEMS,2021
Tarlac,Concepcion,4.58539,ALL ECOSYSTEMS,2021
Tarlac,Gerona,4.5034,ALL ECOSYSTEMS,2021
Tarlac,La Paz,4.63361,ALL ECOSYSTEMS,2021
Tarlac,Mayantoc,4.47907,ALL ECOSYSTEMS,2021
Tarlac,Moncada,4.5636,ALL ECOSYSTEMS,2021
Tarlac,Paniqui,4.37646,ALL ECOSYSTEMS,2021
Tarlac,Pura,4.40022,ALL ECOSYSTEMS,2021
Tarlac,Ramos,4.54327,ALL ECOSYSTEMS,2021
Tarlac,San Clemente,4.49659,ALL ECOSYSTEMS,2021
Tarlac,San Manuel,4.64656,ALL ECOSYSTEMS,2021
Tarlac,Santa Ignacia,4.3935,ALL ECOSYSTEMS,2021
Tarlac,City of Tarlac,4.54995,ALL ECOSYSTEMS,2021
Tarlac,Victoria,4.57225,ALL ECOSYSTEMS,2021
Tarlac,San Jose,4.61379,ALL ECOSYSTEMS,2021
Zambales,Botolan,4.8097,ALL ECOSYSTEMS,2021
Zambales,Cabangan,4.88733,ALL ECOSYSTEMS,2021
Zambales,Candelaria,4.48742,ALL ECOSYSTEMS,2021
Zambales,Castillejos,4.36209,ALL ECOSYSTEMS,2021
Zambales,Iba,4.65835,ALL ECOSYSTEMS,2021
Zambales,Masinloc,4.47533,ALL ECOSYSTEMS,2021
Zambales,Palauig,4.44442,ALL ECOSYSTEMS,2021
Zambales,San Antonio,4.23899,ALL ECOSYSTEMS,2021
Zambales,San Felipe,4.82511,ALL ECOSYSTEMS,2021
Zambales,San Marcelino,4.26713,ALL ECOSYSTEMS,2021
Zambales,San Narciso,4.52352,ALL ECOSYSTEMS,2021
Zambales,Santa Cruz,4.48347,ALL ECOSYSTEMS,2021
Zambales,Subic,4.36599,ALL ECOSYSTEMS,2021
Aurora,Baler,3.5388,ALL ECOSYSTEMS,2021
Aurora,Casiguran,3.75343,ALL ECOSYSTEMS,2021
Aurora,Dilasag,3.6942,ALL ECOSYSTEMS,2021
Aurora,Dinalungan,3.83111,ALL ECOSYSTEMS,2021
Aurora,Dingalan,4.06918,ALL ECOSYSTEMS,2021
Aurora,Dipaculao,3.6164,ALL ECOSYSTEMS,2021
Aurora,Maria Aurora,4.44218,ALL ECOSYSTEMS,2021
Aurora,San Luis,3.68906,ALL ECOSYSTEMS,2021
Pampanga,City of Angeles,4.68801,ALL ECOSYSTEMS,2021
Zambales,City of Olongapo,3.84424,ALL ECOSYSTEMS,2021
Batangas,Balayan,3.35937,ALL ECOSYSTEMS,2021
Batangas,Calaca,3.14106,ALL ECOSYSTEMS,2021
Batangas,Calatagan,3.45619,ALL ECOSYSTEMS,2021
Batangas,Ibaan,3.31194,ALL ECOSYSTEMS,2021
Batangas,Laurel,3.0424,ALL ECOSYSTEMS,2021
Batangas,Lian,3.51433,ALL ECOSYSTEMS,2021
Batangas,Lobo,3.47013,ALL ECOSYSTEMS,2021
Batangas,Nasugbu,3.4237,ALL ECOSYSTEMS,2021
Batangas,Padre Garcia,3.36665,ALL ECOSYSTEMS,2021
Batangas,Rosario,3.37725,ALL ECOSYSTEMS,2021
Batangas,San Juan,3.38811,ALL ECOSYSTEMS,2021
Batangas,Taysan,3.40293,ALL ECOSYSTEMS,2021
Cavite,City of Bacoor,3.53376,ALL ECOSYSTEMS,2021
Cavite,Carmona,3.69542,ALL ECOSYSTEMS,2021
Cavite,City of Dasmarinas,3.40632,ALL ECOSYSTEMS,2021
Cavite,City of General Trias,3.39742,ALL ECOSYSTEMS,2021
Cavite,City of Imus,3.55613,ALL ECOSYSTEMS,2021
Cavite,Kawit,3.39361,ALL ECOSYSTEMS,2021
Cavite,Maragondon,3.73387,ALL ECOSYSTEMS,2021
Cavite,Naic,3.61537,ALL ECOSYSTEMS,2021
Cavite,City of Tagaytay,2.47029,ALL ECOSYSTEMS,2021
Cavite,Tanza,3.72706,ALL ECOSYSTEMS,2021
Cavite,Ternate,3.67156,ALL ECOSYSTEMS,2021
Laguna,Alaminos,4.23185,ALL ECOSYSTEMS,2021
Laguna,Bay,4.25719,ALL ECOSYSTEMS,2021
Laguna,City of Binan,4.18499,ALL ECOSYSTEMS,2021
Laguna,City of Cabuyao,4.10594,ALL ECOSYSTEMS,2021
Laguna,City of Calamba,4.11526,ALL ECOSYSTEMS,2021
Laguna,Calauan,4.17649,ALL ECOSYSTEMS,2021
Laguna,Cavinti,3.4107,ALL ECOSYSTEMS,2021
Laguna,Famy,4.22728,ALL ECOSYSTEMS,2021
Laguna,Kalayaan,3.68819,ALL ECOSYSTEMS,2021
Laguna,Liliw,4.2099,ALL ECOSYSTEMS,2021
Laguna,Los Banos,3.90832,ALL ECOSYSTEMS,2021
Laguna,Luisiana,3.45654,ALL ECOSYSTEMS,2021
Laguna,Lumban,4.01236,ALL ECOSYSTEMS,2021
Laguna,Mabitac,4.28605,ALL ECOSYSTEMS,2021
Laguna,Magdalena,4.17846,ALL ECOSYSTEMS,2021
Laguna,Majayjay,3.96875,ALL ECOSYSTEMS,2021
Laguna,Nagcarlan,4.08259,ALL ECOSYSTEMS,2021
Laguna,Paete,3.92037,ALL ECOSYSTEMS,2021
Laguna,Pagsanjan,4.18775,ALL ECOSYSTEMS,2021
Laguna,Pakil,3.89819,ALL ECOSYSTEMS,2021
Laguna,Pangil,4.11419,ALL ECOSYSTEMS,2021
Laguna,Pila,4.29597,ALL ECOSYSTEMS,2021
Laguna,Rizal,3.86949,ALL ECOSYSTEMS,2021
Laguna,City of San Pablo,4.15909,ALL ECOSYSTEMS,2021
Laguna,Santa Cruz,4.19307,ALL ECOSYSTEMS,2021
Laguna,Santa Maria,4.28161,ALL ECOSYSTEMS,2021
Laguna,City of Santa Rosa,4.05038,ALL ECOSYSTEMS,2021
Laguna,Siniloan,4.17553,ALL ECOSYSTEMS,2021
Laguna,Victoria,4.27387,ALL ECOSYSTEMS,2021
Quezon,Atimonan,3.56607,ALL ECOSYSTEMS,2021
Quezon,Buenavista,3.8173,ALL ECOSYSTEMS,2021
Quezon,Burdeos,3.46314,ALL ECOSYSTEMS,2021
Quezon,Calauag,3.69563,ALL ECOSYSTEMS,2021
Quezon,Candelaria,4.03227,ALL ECOSYSTEMS,2021
Quezon,Catanauan,3.71938,ALL ECOSYSTEMS,2021
Quezon,General Luna,3.79961,ALL ECOSYSTEMS,2021
Quezon,General Nakar,3.61143,ALL ECOSYSTEMS,2021
Quezon,Guinayangan,3.87068,ALL ECOSYSTEMS,2021
Quezon,Gumaca,3.6873,ALL ECOSYSTEMS,2021
Quezon,Infanta,3.53521,ALL ECOSYSTEMS,2021
Quezon,Lopez,3.82956,ALL ECOSYSTEMS,2021
Quezon,Lucban,3.52595,ALL ECOSYSTEMS,2021
Quezon,Macalelon,3.81639,ALL ECOSYSTEMS,2021
Quezon,Mauban,3.59042,ALL ECOSYSTEMS,2021
Quezon,Mulanay,3.56581,ALL ECOSYSTEMS,2021
Quezon,Padre Burgos,3.53795,ALL ECOSYSTEMS,2021
Quezon,Pagbilao,3.78161,ALL ECOSYSTEMS,2021
Quezon,Panukulan,3.47277,ALL ECOSYSTEMS,2021
Quezon,Pitogo,3.77297,ALL ECOSYSTEMS,2021
Quezon,Plaridel,3.78232,ALL ECOSYSTEMS,2021
Quezon,Polillo,3.45276,ALL ECOSYSTEMS,2021
Quezon,Real,3.43012,ALL ECOSYSTEMS,2021
Quezon,Sampaloc,3.7165,ALL ECOSYSTEMS,2021
Quezon,San Antonio,3.99532,ALL ECOSYSTEMS,2021
Quezon,San Francisco,3.69949,ALL ECOSYSTEMS,2021
Quezon,San Narciso,3.69579,ALL ECOSYSTEMS,2021
Quezon,Sariaya,3.88726,ALL ECOSYSTEMS,2021
Quezon,Tagkawayan,3.62698,ALL ECOSYSTEMS,2021
Quezon,City of Tayabas,3.57402,ALL ECOSYSTEMS,2021
Quezon,Tiaong,4.01225,ALL ECOSYSTEMS,2021
Quezon,Unisan,3.79651,ALL ECOSYSTEMS,2021
Rizal,City of Antipolo,3.46257,ALL ECOSYSTEMS,2021
Rizal,Baras,3.62032,ALL ECOSYSTEMS,2021
Rizal,Binangonan,3.59512,ALL ECOSYSTEMS,2021
Rizal,Cardona,3.55075,ALL ECOSYSTEMS,2021
Rizal,Jala-Jala,3.38124,ALL ECOSYSTEMS,2021
Rizal,Rodriguez,3.63501,ALL ECOSYSTEMS,2021
Rizal,Morong,3.65335,ALL ECOSYSTEMS,2021
Rizal,Pililla,3.31888,ALL ECOSYSTEMS,2021
Rizal,San Mateo,3.36963,ALL ECOSYSTEMS,2021
Rizal,Tanay,3.53963,ALL ECOSYSTEMS,2021
Rizal,Teresa,3.78432,ALL ECOSYSTEMS,2021
Quezon,City of Lucena,3.73993,ALL ECOSYSTEMS,2021
Albay,Bacacay,4.40307,ALL ECOSYSTEMS,2021
Albay,Camalig,4.3844,ALL ECOSYSTEMS,2021
Albay,Daraga,4.08655,ALL ECOSYSTEMS,2021
Albay,Guinobatan,4.40564,ALL ECOSYSTEMS,2021
Albay,Jovellar,4.03996,ALL ECOSYSTEMS,2021
Albay,City of Legazpi,4.21744,ALL ECOSYSTEMS,2021
Albay,Libon,4.46013,ALL ECOSYSTEMS,2021
Albay,City of Ligao,4.6626,ALL ECOSYSTEMS,2021
Albay,Malilipot,4.44148,ALL ECOSYSTEMS,2021
Albay,Malinao,4.64768,ALL ECOSYSTEMS,2021
Albay,Manito,4.2617,ALL ECOSYSTEMS,2021
Albay,Oas,4.62078,ALL ECOSYSTEMS,2021
Albay,Pio Duran,4.05728,ALL ECOSYSTEMS,2021
Albay,Polangui,4.59745,ALL ECOSYSTEMS,2021
Albay,Rapu-Rapu,4.0515,ALL ECOSYSTEMS,2021
Albay,Santo Domingo,4.12837,ALL ECOSYSTEMS,2021
Albay,City of Tabaco,4.31441,ALL ECOSYSTEMS,2021
Albay,Tiwi,4.58734,ALL ECOSYSTEMS,2021
Camarines Norte,Basud,4.31158,ALL ECOSYSTEMS,2021
Camarines Norte,Capalonga,4.32547,ALL ECOSYSTEMS,2021
Camarines Norte,Daet,4.30395,ALL ECOSYSTEMS,2021
Camarines Norte,San Lorenzo Ruiz,4.15361,ALL ECOSYSTEMS,2021
Camarines Norte,Jose Panganiban,4.25409,ALL ECOSYSTEMS,2021
Camarines Norte,Labo,4.40992,ALL ECOSYSTEMS,2021
Camarines Norte,Mercedes,4.31324,ALL ECOSYSTEMS,2021
Camarines Norte,Paracale,4.28731,ALL ECOSYSTEMS,2021
Camarines Norte,San Vicente,4.38413,ALL ECOSYSTEMS,2021
Camarines Norte,Santa Elena,4.30062,ALL ECOSYSTEMS,2021
Camarines Norte,Talisay,4.30117,ALL ECOSYSTEMS,2021
Camarines Norte,Vinzons,4.35991,ALL ECOSYSTEMS,2021
Camarines Sur,Baao,4.11893,ALL ECOSYSTEMS,2021
Camarines Sur,Balatan,3.70549,ALL ECOSYSTEMS,2021
Camarines Sur,Bato,3.84873,ALL ECOSYSTEMS,2021
Camarines Sur,Bombon,4.0275,ALL ECOSYSTEMS,2021
Camarines Sur,Buhi,4.16475,ALL ECOSYSTEMS,2021
Camarines Sur,Bula,4.02247,ALL ECOSYSTEMS,2021
Camarines Sur,Cabusao,3.93864,ALL ECOSYSTEMS,2021
Camarines Sur,Calabanga,4.02107,ALL ECOSYSTEMS,2021
Camarines Sur,Camaligan,3.85739,ALL ECOSYSTEMS,2021
Camarines Sur,Canaman,3.94799,ALL ECOSYSTEMS,2021
Camarines Sur,Caramoan,3.84824,ALL ECOSYSTEMS,2021
Camarines Sur,Del Gallego,3.98984,ALL ECOSYSTEMS,2021
Camarines Sur,Gainza,3.95785,ALL ECOSYSTEMS,2021
Camarines Sur,Garchitorena,3.86873,ALL ECOSYSTEMS,2021
Camarines Sur,Goa,3.96395,ALL ECOSYSTEMS,2021
Camarines Sur,City of Iriga,4.04103,ALL ECOSYSTEMS,2021
Camarines Sur,Lagonoy,4.00919,ALL ECOSYSTEMS,2021
Camarines Sur,Libmanan,3.97485,ALL ECOSYSTEMS,2021
Camarines Sur,Lupi,4.0328,ALL ECOSYSTEMS,2021
Camarines Sur,Magarao,3.97747,ALL ECOSYSTEMS,2021
Camarines Sur,Milaor,3.95732,ALL ECOSYSTEMS,2021
Camarines Sur,Minalabac,3.98267,ALL ECOSYSTEMS,2021
Camarines Sur,Nabua,3.99464,ALL ECOSYSTEMS,2021
Camarines Sur,City of Naga,3.93618,ALL ECOSYSTEMS,2021
Camarines Sur,Ocampo,3.98713,ALL ECOSYSTEMS,2021
Camarines Sur,Pamplona,3.9334,ALL ECOSYSTEMS,2021
Camarines Sur,Pasacao,3.97875,ALL ECOSYSTEMS,2021
Camarines Sur,Pili,3.93695,ALL ECOSYSTEMS,2021
Camarines Sur,Presentacion,3.79921,ALL ECOSYSTEMS,2021
Camarines Sur,Ragay,4.01101,ALL ECOSYSTEMS,2021
Camarines Sur,Sagnay,4.02031,ALL ECOSYSTEMS,2021
Camarines Sur,San Fernando,3.91201,ALL ECOSYSTEMS,2021
Camarines Sur,San Jose,4.04381,ALL ECOSYSTEMS,2021
Camarines Sur,Sipocot,4.08767,ALL ECOSYSTEMS,2021
Camarines Sur,Siruma,3.97196,ALL ECOSYSTEMS,2021
Camarines Sur,Tigaon,4.0013,ALL ECOSYSTEMS,2021
Camarines Sur,Tinambac,3.96442,ALL ECOSYSTEMS,2021
Catanduanes,Bagamanoc,3.28403,ALL ECOSYSTEMS,2021
Catanduanes,Baras,3.43108,ALL ECOSYSTEMS,2021
Catanduanes,Bato,3.40825,ALL ECOSYSTEMS,2021
Catanduanes,Caramoran,3.2839,ALL ECOSYSTEMS,2021
Catanduanes,Gigmoto,3.37553,ALL ECOSYSTEMS,2021
Catanduanes,Pandan,3.27964,ALL ECOSYSTEMS,2021
Catanduanes,Panganiban,3.34072,ALL ECOSYSTEMS,2021
Catanduanes,San Andres,3.2183,ALL ECOSYSTEMS,2021
Catanduanes,San Miguel,3.35293,ALL ECOSYSTEMS,2021
Catanduanes,Viga,3.33721,ALL ECOSYSTEMS,2021
Catanduanes,Virac,3.21707,ALL ECOSYSTEMS,2021
Masbate,Aroroy,3.3046,ALL ECOSYSTEMS,2021
Masbate,Baleno,3.33718,ALL ECOSYSTEMS,2021
Masbate,Balud,3.28207,ALL ECOSYSTEMS,2021
Masbate,Batuan,3.36086,ALL ECOSYSTEMS,2021
Masbate,Cataingan,3.22289,ALL ECOSYSTEMS,2021
Masbate,Cawayan,3.38661,ALL ECOSYSTEMS,2021
Masbate,Claveria,3.17731,ALL ECOSYSTEMS,2021
Masbate,Dimasalang,3.4014,ALL ECOSYSTEMS,2021
Masbate,Esperanza,3.2246,ALL ECOSYSTEMS,2021
Masbate,Mandaon,3.3733,ALL ECOSYSTEMS,2021
Masbate,City of Masbate,3.32161,ALL ECOSYSTEMS,2021
Masbate,Milagros,3.38841,ALL ECOSYSTEMS,2021
Masbate,Mobo,3.34384,ALL ECOSYSTEMS,2021
Masbate,Monreal,3.50762,ALL ECOSYSTEMS,2021
Masbate,Palanas,3.37362,ALL ECOSYSTEMS,2021
Masbate,Pio V. Corpuz,3.24919,ALL ECOSYSTEMS,2021
Masbate,Placer,3.25786,ALL ECOSYSTEMS,2021
Masbate,San Fernando,3.32604,ALL ECOSYSTEMS,2021
Masbate,San Jacinto,3.49475,ALL ECOSYSTEMS,2021
Masbate,San Pascual,3.12785,ALL ECOSYSTEMS,2021
Masbate,Uson,3.35789,ALL ECOSYSTEMS,2021
Sorsogon,Barcelona,4.68169,ALL ECOSYSTEMS,2021
Sorsogon,Bulan,4.78578,ALL ECOSYSTEMS,2021
Sorsogon,Bulusan,4.69343,ALL ECOSYSTEMS,2021
Sorsogon,Casiguran,4.55069,ALL ECOSYSTEMS,2021
Sorsogon,Castilla,4.47947,ALL ECOSYSTEMS,2021
Sorsogon,Donsol,4.64332,ALL ECOSYSTEMS,2021
Sorsogon,Gubat,4.66945,ALL ECOSYSTEMS,2021
Sorsogon,Irosin,4.67076,ALL ECOSYSTEMS,2021
Sorsogon,Juban,4.68879,ALL ECOSYSTEMS,2021
Sorsogon,Magallanes,4.71595,ALL ECOSYSTEMS,2021
Sorsogon,Matnog,4.34029,ALL ECOSYSTEMS,2021
Sorsogon,Pilar,4.48637,ALL ECOSYSTEMS,2021
Sorsogon,Prieto Diaz,4.74652,ALL ECOSYSTEMS,2021
Sorsogon,Santa Magdalena,4.41253,ALL ECOSYSTEMS,2021
Sorsogon,City of Sorsogon,4.52678,ALL ECOSYSTEMS,2021
Aklan,Altavas,3.34718,ALL ECOSYSTEMS,2021
Aklan,Balete,3.41475,ALL ECOSYSTEMS,2021
Aklan,Banga,3.42156,ALL ECOSYSTEMS,2021
Aklan,Batan,3.31598,ALL ECOSYSTEMS,2021
Aklan,Buruanga,3.62621,ALL ECOSYSTEMS,2021
Aklan,Ibajay,3.31944,ALL ECOSYSTEMS,2021
Aklan,Kalibo,3.46794,ALL ECOSYSTEMS,2021
Aklan,Lezo,3.51603,ALL ECOSYSTEMS,2021
Aklan,Libacao,3.56991,ALL ECOSYSTEMS,2021
Aklan,Madalag,3.44657,ALL ECOSYSTEMS,2021
Aklan,Makato,3.36423,ALL ECOSYSTEMS,2021
Aklan,Malay,3.48251,ALL ECOSYSTEMS,2021
Aklan,Malinao,3.47692,ALL ECOSYSTEMS,2021
Aklan,Nabas,3.27903,ALL ECOSYSTEMS,2021
Aklan,New Washington,3.61696,ALL ECOSYSTEMS,2021
Aklan,Numancia,3.42417,ALL ECOSYSTEMS,2021
Aklan,Tangalan,3.33776,ALL ECOSYSTEMS,2021
Antique,Anini-Y,3.68532,ALL ECOSYSTEMS,2021
Antique,Barbaza,3.95158,ALL ECOSYSTEMS,2021
Antique,Belison,3.92111,ALL ECOSYSTEMS,2021
Antique,Bugasong,4.00842,ALL ECOSYSTEMS,2021
Antique,Caluya,2.21339,ALL ECOSYSTEMS,2021
Antique,Culasi,3.97909,ALL ECOSYSTEMS,2021
Antique,Tobias Fornier,3.71376,ALL ECOSYSTEMS,2021
Antique,Hamtic,3.8958,ALL ECOSYSTEMS,2021
Antique,Laua-An,4.02905,ALL ECOSYSTEMS,2021
Antique,Libertad,3.78562,ALL ECOSYSTEMS,2021
Antique,Pandan,3.7653,ALL ECOSYSTEMS,2021
Antique,Patnongon,3.92105,ALL ECOSYSTEMS,2021
Antique,San Jose,4.06127,ALL ECOSYSTEMS,2021
Antique,San Remigio,3.96688,ALL ECOSYSTEMS,2021
Antique,Sebaste,3.65851,ALL ECOSYSTEMS,2021
Antique,Sibalom,4.01647,ALL ECOSYSTEMS,2021
Antique,Tibiao,3.91544,ALL ECOSYSTEMS,2021
Antique,Valderrama,3.99015,ALL ECOSYSTEMS,2021
Capiz,Cuartero,3.53977,ALL ECOSYSTEMS,2021
Capiz,Dao,3.56285,ALL ECOSYSTEMS,2021
Capiz,Dumalag,3.51784,ALL ECOSYSTEMS,2021
Capiz,Dumarao,3.52557,ALL ECOSYSTEMS,2021
Capiz,Ivisan,3.208,ALL ECOSYSTEMS,2021
Capiz,Jamindan,3.42003,ALL ECOSYSTEMS,2021
Capiz,Ma-Ayon,3.54676,ALL ECOSYSTEMS,2021
Capiz,Mambusao,3.49021,ALL ECOSYSTEMS,2021
Capiz,Panay,3.20275,ALL ECOSYSTEMS,2021
Capiz,Panitan,3.46597,ALL ECOSYSTEMS,2021
Capiz,Pilar,3.20891,ALL ECOSYSTEMS,2021
Capiz,Pontevedra,3.47956,ALL ECOSYSTEMS,2021
Capiz,President Roxas,3.39315,ALL ECOSYSTEMS,2021
Capiz,City of Roxas,3.2304,ALL ECOSYSTEMS,2021
Capiz,Sapi-An,3.39946,ALL ECOSYSTEMS,2021
Capiz,Sigma,3.48348,ALL ECOSYSTEMS,2021
Capiz,Tapaz,3.30368,ALL ECOSYSTEMS,2021
Iloilo,Ajuy,3.54871,ALL ECOSYSTEMS,2021
Iloilo,Alimodian,3.39661,ALL ECOSYSTEMS,2021
Iloilo,Anilao,3.68665,ALL ECOSYSTEMS,2021
Iloilo,Badiangan,3.64072,ALL ECOSYSTEMS,2021
Iloilo,Balasan,3.52292,ALL ECOSYSTEMS,2021
Iloilo,Banate,3.54317,ALL ECOSYSTEMS,2021
Iloilo,Barotac Nuevo,3.72195,ALL ECOSYSTEMS,2021
Iloilo,Barotac Viejo,3.50317,ALL ECOSYSTEMS,2021
Iloilo,Batad,3.59652,ALL ECOSYSTEMS,2021
Iloilo,Bingawan,3.47318,ALL ECOSYSTEMS,2021
Iloilo,Cabatuan,3.48949,ALL ECOSYSTEMS,2021
Iloilo,Calinog,3.49097,ALL ECOSYSTEMS,2021
Iloilo,Carles,3.23619,ALL ECOSYSTEMS,2021
Iloilo,Concepcion,3.5725,ALL ECOSYSTEMS,2021
Iloilo,Dingle,3.65518,ALL ECOSYSTEMS,2021
Iloilo,Duenas,3.51349,ALL ECOSYSTEMS,2021
Iloilo,Dumangas,3.75032,ALL ECOSYSTEMS,2021
Iloilo,Estancia,3.39174,ALL ECOSYSTEMS,2021
Iloilo,Guimbal,3.42062,ALL ECOSYSTEMS,2021
Iloilo,Igbaras,3.31824,ALL ECOSYSTEMS,2021
Iloilo,Janiuay,3.51314,ALL ECOSYSTEMS,2021
Iloilo,Lambunao,3.49262,ALL ECOSYSTEMS,2021
Iloilo,Leganes,3.81849,ALL ECOSYSTEMS,2021
Iloilo,Lemery,3.64382,ALL ECOSYSTEMS,2021
Iloilo,Leon,3.34047,ALL ECOSYSTEMS,2021
Iloilo,Maasin,3.4277,ALL ECOSYSTEMS,2021
Iloilo,Miagao,3.25365,ALL ECOSYSTEMS,2021
Iloilo,Mina,3.79227,ALL ECOSYSTEMS,2021
Iloilo,New Lucena,3.6679,ALL ECOSYSTEMS,2021
Iloilo,Oton,3.50583,ALL ECOSYSTEMS,2021
Iloilo,City of Passi,3.53085,ALL ECOSYSTEMS,2021
Iloilo,Pavia,3.84933,ALL ECOSYSTEMS,2021
Iloilo,Pototan,3.78914,ALL ECOSYSTEMS,2021
Iloilo,San Dionisio,3.60744,ALL ECOSYSTEMS,2021
Iloilo,San Enrique,3.4758,ALL ECOSYSTEMS,2021
Iloilo,San Joaquin,3.31888,ALL ECOSYSTEMS,2021
Iloilo,San Miguel,3.45919,ALL ECOSYSTEMS,2021
Iloilo,San Rafael,3.54237,ALL ECOSYSTEMS,2021
Iloilo,Santa Barbara,3.60179,ALL ECOSYSTEMS,2021
Iloilo,Sara,3.6065,ALL ECOSYSTEMS,2021
Iloilo,Tigbauan,3.42546,ALL ECOSYSTEMS,2021
Iloilo,Tubungan,3.35125,ALL ECOSYSTEMS,2021
Iloilo,Zarraga,3.72127,ALL ECOSYSTEMS,2021
Guimaras,Buenavista,3.28084,ALL ECOSYSTEMS,2021
Guimaras,Jordan,3.33927,ALL ECOSYSTEMS,2021
Guimaras,Nueva Valencia,3.26799,ALL ECOSYSTEMS,2021
Guimaras,San Lorenzo,3.33546,ALL ECOSYSTEMS,2021
Guimaras,Sibunag,3.34952,ALL ECOSYSTEMS,2021
Iloilo,City of Iloilo,3.68027,ALL ECOSYSTEMS,2021
Bohol,Alicia,3.77422,ALL ECOSYSTEMS,2021
Bohol,Anda,3.43983,ALL ECOSYSTEMS,2021
Bohol,Antequera,3.596,ALL ECOSYSTEMS,2021
Bohol,Balilihan,3.73886,ALL ECOSYSTEMS,2021
Bohol,Batuan,3.85773,ALL ECOSYSTEMS,2021
Bohol,Bilar,3.89792,ALL ECOSYSTEMS,2021
Bohol,Buenavista,3.48198,ALL ECOSYSTEMS,2021
Bohol,Calape,3.63746,ALL ECOSYSTEMS,2021
Bohol,Candijay,3.75035,ALL ECOSYSTEMS,2021
Bohol,Carmen,3.78236,ALL ECOSYSTEMS,2021
Bohol,Catigbian,3.75572,ALL ECOSYSTEMS,2021
Bohol,Clarin,3.73788,ALL ECOSYSTEMS,2021
Bohol,Corella,3.81322,ALL ECOSYSTEMS,2021
Bohol,Dagohoy,3.76425,ALL ECOSYSTEMS,2021
Bohol,Danao,3.77857,ALL ECOSYSTEMS,2021
Bohol,Dimiao,3.78149,ALL ECOSYSTEMS,2021
Bohol,Duero,3.80473,ALL ECOSYSTEMS,2021
Bohol,Garcia Hernandez,3.84788,ALL ECOSYSTEMS,2021
Bohol,Guindulman,3.74868,ALL ECOSYSTEMS,2021
Bohol,Inabanga,3.6328,ALL ECOSYSTEMS,2021
Bohol,Jagna,3.78723,ALL ECOSYSTEMS,2021
Bohol,Getafe,3.50077,ALL ECOSYSTEMS,2021
Bohol,Lila,3.7758,ALL ECOSYSTEMS,2021
Bohol,Loay,3.71487,ALL ECOSYSTEMS,2021
Bohol,Loboc,3.82546,ALL ECOSYSTEMS,2021
Bohol,Loon,3.57859,ALL ECOSYSTEMS,2021
Bohol,Mabini,3.67969,ALL ECOSYSTEMS,2021
Bohol,Maribojoc,3.67556,ALL ECOSYSTEMS,2021
Bohol,Pilar,3.79009,ALL ECOSYSTEMS,2021
Bohol,President Carlos P. Garcia,1.4974,ALL ECOSYSTEMS,2021
Bohol,Sagbayan,3.78563,ALL ECOSYSTEMS,2021
Bohol,San Isidro,3.62642,ALL ECOSYSTEMS,2021
Bohol,San Miguel,3.72452,ALL ECOSYSTEMS,2021
Bohol,Sevilla,3.90571,ALL ECOSYSTEMS,2021
Bohol,Sierra Bullones,3.78622,ALL ECOSYSTEMS,2021
Bohol,Sikatuna,3.64807,ALL ECOSYSTEMS,2021
Bohol,Talibon,3.53565,ALL ECOSYSTEMS,2021
Bohol,Trinidad,3.52156,ALL ECOSYSTEMS,2021
Bohol,Tubigon,3.65921,ALL ECOSYSTEMS,2021
Bohol,Ubay,3.65872,ALL ECOSYSTEMS,2021
Bohol,Valencia,3.78833,ALL ECOSYSTEMS,2021
Bohol,Bien Unido,3.50088,ALL ECOSYSTEMS,2021
Cebu,Alcantara,3.74557,ALL ECOSYSTEMS,2021
Cebu,Alegria,3.61573,ALL ECOSYSTEMS,2021
Cebu,Argao,3.44356,ALL ECOSYSTEMS,2021
Cebu,Asturias,3.29401,ALL ECOSYSTEMS,2021
Cebu,Badian,3.4742,ALL ECOSYSTEMS,2021
Cebu,Balamban,3.12395,ALL ECOSYSTEMS,2021
Cebu,Barili,3.30652,ALL ECOSYSTEMS,2021
Cebu,City of Carcar,3.31011,ALL ECOSYSTEMS,2021
Cebu,Dalaguete,3.88845,ALL ECOSYSTEMS,2021
Cebu,Dumanjug,3.76306,ALL ECOSYSTEMS,2021
Cebu,Malabuyoc,3.66013,ALL ECOSYSTEMS,2021
Cebu,Moalboal,3.56591,ALL ECOSYSTEMS,2021
Cebu,City of Naga,3.62806,ALL ECOSYSTEMS,2021
Cebu,Pinamungajan,3.61979,ALL ECOSYSTEMS,2021
Cebu,Ronda,3.71454,ALL ECOSYSTEMS,2021
Cebu,Sibonga,3.29691,ALL ECOSYSTEMS,2021
Cebu,City of Toledo,3.31813,ALL ECOSYSTEMS,2021
Cebu,Tuburan,3.44697,ALL ECOSYSTEMS,2021
Eastern Samar,Arteche,3.57986,ALL ECOSYSTEMS,2021
Eastern Samar,Balangiga,3.87798,ALL ECOSYSTEMS,2021
Eastern Samar,Balangkayan,3.64592,ALL ECOSYSTEMS,2021
Eastern Samar,City of Borongan,3.83612,ALL ECOSYSTEMS,2021
Eastern Samar,Can-Avid,3.47346,ALL ECOSYSTEMS,2021
Eastern Samar,Dolores,3.62715,ALL ECOSYSTEMS,2021
Eastern Samar,General Macarthur,3.74397,ALL ECOSYSTEMS,2021
Eastern Samar,Giporlos,3.85152,ALL ECOSYSTEMS,2021
Eastern Samar,Hernani,3.66139,ALL ECOSYSTEMS,2021
Eastern Samar,Jipapad,3.56968,ALL ECOSYSTEMS,2021
Eastern Samar,Lawaan,3.88034,ALL ECOSYSTEMS,2021
Eastern Samar,Llorente,3.49311,ALL ECOSYSTEMS,2021
Eastern Samar,Maslog,3.72705,ALL ECOSYSTEMS,2021
Eastern Samar,Maydolong,3.61651,ALL ECOSYSTEMS,2021
Eastern Samar,Oras,3.60431,ALL ECOSYSTEMS,2021
Eastern Samar,Quinapondan,3.74276,ALL ECOSYSTEMS,2021
Eastern Samar,Salcedo,3.74918,ALL ECOSYSTEMS,2021
Eastern Samar,San Julian,3.82461,ALL ECOSYSTEMS,2021
Eastern Samar,San Policarpo,3.83688,ALL ECOSYSTEMS,2021
Eastern Samar,Sulat,3.74302,ALL ECOSYSTEMS,2021
Eastern Samar,Taft,3.33989,ALL ECOSYSTEMS,2021
Leyte,Abuyog,4.5154,ALL ECOSYSTEMS,2021
Leyte,Alangalang,4.20448,ALL ECOSYSTEMS,2021
Leyte,Albuera,4.27012,ALL ECOSYSTEMS,2021
Leyte,Babatngon,4.18361,ALL ECOSYSTEMS,2021
Leyte,Barugo,4.20672,ALL ECOSYSTEMS,2021
Leyte,Bato,4.26844,ALL ECOSYSTEMS,2021
Leyte,City of Baybay,4.24733,ALL ECOSYSTEMS,2021
Leyte,Burauen,4.21321,ALL ECOSYSTEMS,2021
Leyte,Calubian,3.7973,ALL ECOSYSTEMS,2021
Leyte,Capoocan,4.2835,ALL ECOSYSTEMS,2021
Leyte,Carigara,4.31282,ALL ECOSYSTEMS,2021
Leyte,Dagami,4.20296,ALL ECOSYSTEMS,2021
Leyte,Dulag,4.34596,ALL ECOSYSTEMS,2021
Leyte,Hilongos,4.30355,ALL ECOSYSTEMS,2021
Leyte,Hindang,4.28548,ALL ECOSYSTEMS,2021
Leyte,Inopacan,4.30535,ALL ECOSYSTEMS,2021
Leyte,Isabel,4.12709,ALL ECOSYSTEMS,2021
Leyte,Jaro,4.24895,ALL ECOSYSTEMS,2021
Leyte,Javier,4.50778,ALL ECOSYSTEMS,2021
Leyte,Julita,4.26877,ALL ECOSYSTEMS,2021
Leyte,Kananga,4.28209,ALL ECOSYSTEMS,2021
Leyte,La Paz,4.30999,ALL ECOSYSTEMS,2021
Leyte,Leyte,4.15155,ALL ECOSYSTEMS,2021
Leyte,Macarthur,4.47207,ALL ECOSYSTEMS,2021
Leyte,Mahaplag,4.31215,ALL ECOSYSTEMS,2021
Leyte,Matag-Ob,4.20933,ALL ECOSYSTEMS,2021
Leyte,Matalom,4.21864,ALL ECOSYSTEMS,2021
Leyte,Mayorga,4.41767,ALL ECOSYSTEMS,2021
Leyte,Merida,4.25184,ALL ECOSYSTEMS,2021
Leyte,Ormoc City,4.28871,ALL ECOSYSTEMS,2021
Leyte,Palo,4.27848,ALL ECOSYSTEMS,2021
Leyte,Palompon,4.147,ALL ECOSYSTEMS,2021
Leyte,Pastrana,4.23427,ALL ECOSYSTEMS,2021
Leyte,San Isidro,3.94166,ALL ECOSYSTEMS,2021
Leyte,San Miguel,4.17592,ALL ECOSYSTEMS,2021
Leyte,Santa Fe,4.21646,ALL ECOSYSTEMS,2021
Leyte,Tabango,3.86387,ALL ECOSYSTEMS,2021
Leyte,Tabontabon,4.19716,ALL ECOSYSTEMS,2021
Leyte,Tanauan,4.25277,ALL ECOSYSTEMS,2021
Leyte,Tolosa,4.24746,ALL ECOSYSTEMS,2021
Leyte,Tunga,4.25826,ALL ECOSYSTEMS,2021
Leyte,Villaba,4.03221,ALL ECOSYSTEMS,2021
Northern Samar,Allen,3.34736,ALL ECOSYSTEMS,2021
Northern Samar,Biri,3.44294,ALL ECOSYSTEMS,2021
Northern Samar,Bobon,3.52032,ALL ECOSYSTEMS,2021
Northern Samar,Catarman,3.46965,ALL ECOSYSTEMS,2021
Northern Samar,Catubig,3.22877,ALL ECOSYSTEMS,2021
Northern Samar,Gamay,3.44594,ALL ECOSYSTEMS,2021
Northern Samar,Laoang,3.03883,ALL ECOSYSTEMS,2021
Northern Samar,Lapinig,3.31985,ALL ECOSYSTEMS,2021
Northern Samar,Las Navas,3.12435,ALL ECOSYSTEMS,2021
Northern Samar,Lavezares,3.5047,ALL ECOSYSTEMS,2021
Northern Samar,Mapanas,3.60164,ALL ECOSYSTEMS,2021
Northern Samar,Mondragon,3.32538,ALL ECOSYSTEMS,2021
Northern Samar,Palapag,3.38739,ALL ECOSYSTEMS,2021
Northern Samar,Pambujan,3.2076,ALL ECOSYSTEMS,2021
Northern Samar,Rosario,3.46425,ALL ECOSYSTEMS,2021
Northern Samar,San Isidro,3.03095,ALL ECOSYSTEMS,2021
Northern Samar,San Jose,3.51706,ALL ECOSYSTEMS,2021
Northern Samar,San Roque,3.3246,ALL ECOSYSTEMS,2021
Northern Samar,Victoria,3.26152,ALL ECOSYSTEMS,2021
Western Samar,Basey,3.20469,ALL ECOSYSTEMS,2021
Western Samar,City of Calbayog,3.12232,ALL ECOSYSTEMS,2021
Western Samar,Calbiga,3.26735,ALL ECOSYSTEMS,2021
Western Samar,City of Catbalogan,3.23307,ALL ECOSYSTEMS,2021
Western Samar,Gandara,3.23157,ALL ECOSYSTEMS,2021
Western Samar,Hinabangan,3.0226,ALL ECOSYSTEMS,2021
Western Samar,Jiabong,3.28382,ALL ECOSYSTEMS,2021
Western Samar,Marabut,3.17538,ALL ECOSYSTEMS,2021
Western Samar,Motiong,3.17001,ALL ECOSYSTEMS,2021
Western Samar,Pinabacdao,3.27294,ALL ECOSYSTEMS,2021
Western Samar,San Sebastian,3.24604,ALL ECOSYSTEMS,2021
Western Samar,Santa Margarita,3.20989,ALL ECOSYSTEMS,2021
Western Samar,Santa Rita,3.19921,ALL ECOSYSTEMS,2021
Western Samar,Talalora,3.0759,ALL ECOSYSTEMS,2021
Western Samar,Tarangnan,3.28751,ALL ECOSYSTEMS,2021
Western Samar,Villareal,3.20644,ALL ECOSYSTEMS,2021
Western Samar,Paranas,3.05192,ALL ECOSYSTEMS,2021
Western Samar,San Jorge,3.23511,ALL ECOSYSTEMS,2021
Western Samar,Pagsanghan,3.29484,ALL ECOSYSTEMS,2021
Southern Leyte,Anahawan,3.35037,ALL ECOSYSTEMS,2021
Southern Leyte,Bontoc,3.98092,ALL ECOSYSTEMS,2021
Southern Leyte,Hinunangan,4.3252,ALL ECOSYSTEMS,2021
Southern Leyte,Hinundayan,4.38517,ALL ECOSYSTEMS,2021
Southern Leyte,Libagon,4.01575,ALL ECOSYSTEMS,2021
Southern Leyte,Liloan,3.42777,ALL ECOSYSTEMS,2021
Southern Leyte,City of Maasin,3.66473,ALL ECOSYSTEMS,2021
Southern Leyte,Macrohon,3.91932,ALL ECOSYSTEMS,2021
Southern Leyte,Malitbog,3.78766,ALL ECOSYSTEMS,2021
Southern Leyte,Padre Burgos,4.6635,ALL ECOSYSTEMS,2021
Southern Leyte,Saint Bernard,4.22037,ALL ECOSYSTEMS,2021
Southern Leyte,San Francisco,4.00643,ALL ECOSYSTEMS,2021
Southern Leyte,San Juan,4.21068,ALL ECOSYSTEMS,2021
Southern Leyte,Silago,3.88942,ALL ECOSYSTEMS,2021
Southern Leyte,Sogod,4.01107,ALL ECOSYSTEMS,2021
Southern Leyte,Tomas Oppus,3.82985,ALL ECOSYSTEMS,2021
Biliran,Almeria,4.69952,ALL ECOSYSTEMS,2021
Biliran,Biliran,4.68433,ALL ECOSYSTEMS,2021
Biliran,Cabucgayan,4.81673,ALL ECOSYSTEMS,2021
Biliran,Caibiran,5.17616,ALL ECOSYSTEMS,2021
Biliran,Culaba,5.08553,ALL ECOSYSTEMS,2021
Biliran,Kawayan,4.81608,ALL ECOSYSTEMS,2021
Biliran,Naval,4.66602,ALL ECOSYSTEMS,2021
Leyte,City of Tacloban,4.1686,ALL ECOSYSTEMS,2021
Zamboanga del Norte,City of Dapitan,3.65425,ALL ECOSYSTEMS,2021
Zamboanga del Norte,City of Dipolog,3.67612,ALL ECOSYSTEMS,2021
Zamboanga del Norte,Katipunan,3.76182,ALL ECOSYSTEMS,2021
Zamboanga del Norte,La Libertad,3.06658,ALL ECOSYSTEMS,2021
Zamboanga del Norte,Labason,3.58121,ALL ECOSYSTEMS,2021
Zamboanga del Norte,Liloy,3.67105,ALL ECOSYSTEMS,2021
Zamboanga del Norte,Manukan,3.49757,ALL ECOSYSTEMS,2021
Zamboanga del Norte,Pinan,3.63658,ALL ECOSYSTEMS,2021
Zamboanga del Norte,Polanco,3.64353,ALL ECOSYSTEMS,2021
Zamboanga del Norte,Pres. Manuel A. Roxas,3.5635,ALL ECOSYSTEMS,2021
Zamboanga del Norte,Rizal,3.14367,ALL ECOSYSTEMS,2021
Zamboanga del Norte,Salug,3.63612,ALL ECOSYSTEMS,2021
Zamboanga del Norte,Sergio Osmena Sr.,3.86825,ALL ECOSYSTEMS,2021
Zamboanga del Norte,Siayan,3.77587,ALL ECOSYSTEMS,2021
Zamboanga del Norte,Sibuco,3.61434,ALL ECOSYSTEMS,2021
Zamboanga del Norte,Sibutad,3.45124,ALL ECOSYSTEMS,2021
Zamboanga del Norte,Sindangan,3.80069,ALL ECOSYSTEMS,2021
Zamboanga del Norte,Siocon,3.57004,ALL ECOSYSTEMS,2021
Zamboanga del Norte,Sirawai,3.47637,ALL ECOSYSTEMS,2021
Zamboanga del Norte,Tampilisan,3.30219,ALL ECOSYSTEMS,2021
Zamboanga del Norte,Jose Dalman,3.56644,ALL ECOSYSTEMS,2021
Zamboanga del Norte,Gutalac,3.27504,ALL ECOSYSTEMS,2021
Zamboanga del Norte,Baliguian,3.58317,ALL ECOSYSTEMS,2021
Zamboanga del Norte,Godod,3.40891,ALL ECOSYSTEMS,2021
Zamboanga del Norte,Bacungan,3.45923,ALL ECOSYSTEMS,2021
Zamboanga del Norte,Kalawit,3.32612,ALL ECOSYSTEMS,2021
Zamboanga del Sur,Aurora,4.48987,ALL ECOSYSTEMS,2021
Zamboanga del Sur,Bayog,4.44393,ALL ECOSYSTEMS,2021
Zamboanga del Sur,Dimataling,4.38392,ALL ECOSYSTEMS,2021
Zamboanga del Sur,Dinas,4.26423,ALL ECOSYSTEMS,2021
Zamboanga del Sur,Dumalinao,4.418,ALL ECOSYSTEMS,2021
Zamboanga del Sur,Dumingag,4.46709,ALL ECOSYSTEMS,2021
Zamboanga del Sur,Kumalarang,4.44755,ALL ECOSYSTEMS,2021
Zamboanga del Sur,Labangan,4.52224,ALL ECOSYSTEMS,2021
Zamboanga del Sur,Lapuyan,4.30516,ALL ECOSYSTEMS,2021
Zamboanga del Sur,Mahayag,4.61057,ALL ECOSYSTEMS,2021
Zamboanga del Sur,Margosatubig,4.23045,ALL ECOSYSTEMS,2021
Zamboanga del Sur,Midsalip,4.44668,ALL ECOSYSTEMS,2021
Zamboanga del Sur,Molave,4.58913,ALL ECOSYSTEMS,2021
Zamboanga del Sur,City of Pagadian,4.41773,ALL ECOSYSTEMS,2021
Zamboanga del Sur,Ramon Magsaysay,4.54631,ALL ECOSYSTEMS,2021
Zamboanga del Sur,San Miguel,4.40187,ALL ECOSYSTEMS,2021
Zamboanga del Sur,San Pablo,4.44032,ALL ECOSYSTEMS,2021
Zamboanga del Sur,Tabina,3.73859,ALL ECOSYSTEMS,2021
Zamboanga del Sur,Tambulig,4.46094,ALL ECOSYSTEMS,2021
Zamboanga del Sur,Tukuran,4.33156,ALL ECOSYSTEMS,2021
Zamboanga del Sur,Lakewood,4.3619,ALL ECOSYSTEMS,2021
Zamboanga del Sur,Pitogo,3.92908,ALL ECOSYSTEMS,2021
Zamboanga del Sur,Sominot,4.43362,ALL ECOSYSTEMS,2021
Zamboanga del Sur,Vincenzo A. Sagun,4.14748,ALL ECOSYSTEMS,2021
Zamboanga del Sur,Guipos,4.46576,ALL ECOSYSTEMS,2021
Zamboanga del Sur,Tigbao,4.50979,ALL ECOSYSTEMS,2021
Zamboanga Sibugay,Alicia,3.89576,ALL ECOSYSTEMS,2021
Zamboanga Sibugay,Buug,4.23025,ALL ECOSYSTEMS,2021
Zamboanga Sibugay,Diplahan,3.99264,ALL ECOSYSTEMS,2021
Zamboanga Sibugay,Imelda,3.94374,ALL ECOSYSTEMS,2021
Zamboanga Sibugay,Ipil,3.84602,ALL ECOSYSTEMS,2021
Zamboanga Sibugay,Kabasalan,3.91449,ALL ECOSYSTEMS,2021
Zamboanga Sibugay,Malangas,4.07894,ALL ECOSYSTEMS,2021
Zamboanga Sibugay,Naga,3.84138,ALL ECOSYSTEMS,2021
Zamboanga Sibugay,Payao,3.95614,ALL ECOSYSTEMS,2021
Zamboanga Sibugay,Roseller Lim,3.81377,ALL ECOSYSTEMS,2021
Zamboanga Sibugay,Siay,3.96009,ALL ECOSYSTEMS,2021
Zamboanga Sibugay,Titay,3.86288,ALL ECOSYSTEMS,2021
Zamboanga Sibugay,Tungawan,3.85521,ALL ECOSYSTEMS,2021
Zamboanga del Sur,City of Zamboanga,3.97739,ALL ECOSYSTEMS,2021
Zamboanga Sibugay,Isabela,2.4692,ALL ECOSYSTEMS,2021
Bukidnon,Baungon,5.50162,ALL ECOSYSTEMS,2021
Bukidnon,Dangcagan,4.87758,ALL ECOSYSTEMS,2021
Bukidnon,Don Carlos,5.65192,ALL ECOSYSTEMS,2021
Bukidnon,Impasug-ong,4.93927,ALL ECOSYSTEMS,2021
Bukidnon,Kadingilan,5.66011,ALL ECOSYSTEMS,2021
Bukidnon,Kalilangan,5.71789,ALL ECOSYSTEMS,2021
Bukidnon,Kibawe,5.11369,ALL ECOSYSTEMS,2021
Bukidnon,Kitaotao,5.03758,ALL ECOSYSTEMS,2021
Bukidnon,Lantapan,5.31548,ALL ECOSYSTEMS,2021
Bukidnon,Libona,5.53295,ALL ECOSYSTEMS,2021
Bukidnon,City of Malaybalay,5.28817,ALL ECOSYSTEMS,2021
Bukidnon,Malitbog,4.3327,ALL ECOSYSTEMS,2021
Bukidnon,Manolo Fortich,5.20771,ALL ECOSYSTEMS,2021
Bukidnon,Maramag,5.65866,ALL ECOSYSTEMS,2021
Bukidnon,Pangantucan,5.68684,ALL ECOSYSTEMS,2021
Bukidnon,Quezon,5.27653,ALL ECOSYSTEMS,2021
Bukidnon,San Fernando,5.15283,ALL ECOSYSTEMS,2021
Bukidnon,Sumilao,5.45994,ALL ECOSYSTEMS,2021
Bukidnon,Talakag,5.50073,ALL ECOSYSTEMS,2021
Bukidnon,City of Valencia,5.37744,ALL ECOSYSTEMS,2021
Bukidnon,Cabanglasan,5.19466,ALL ECOSYSTEMS,2021
Camiguin,Catarman,4.56898,ALL ECOSYSTEMS,2021
Camiguin,Mahinog,4.46294,ALL ECOSYSTEMS,2021
Camiguin,Mambajao,4.32504,ALL ECOSYSTEMS,2021
Camiguin,Sagay,4.29702,ALL ECOSYSTEMS,2021
Lanao del Norte,Bacolod,4.22583,ALL ECOSYSTEMS,2021
Lanao del Norte,Baloi,4.48738,ALL ECOSYSTEMS,2021
Lanao del Norte,Baroy,4.42843,ALL ECOSYSTEMS,2021
Lanao del Norte,Kapatagan,4.73785,ALL ECOSYSTEMS,2021
Lanao del Norte,Sultan Naga Dimaporo,4.53183,ALL ECOSYSTEMS,2021
Lanao del Norte,Kolambugan,4.1687,ALL ECOSYSTEMS,2021
Lanao del Norte,Lala,4.75042,ALL ECOSYSTEMS,2021
Lanao del Norte,Maigo,4.31322,ALL ECOSYSTEMS,2021
Lanao del Norte,Munai,4.80355,ALL ECOSYSTEMS,2021
Lanao del Norte,Nunungan,3.82349,ALL ECOSYSTEMS,2021
Lanao del Norte,Salvador,4.72739,ALL ECOSYSTEMS,2021
Lanao del Norte,Sapad,4.66547,ALL ECOSYSTEMS,2021
Lanao del Norte,Tubod,4.22707,ALL ECOSYSTEMS,2021
Lanao del Norte,Pantar,4.5385,ALL ECOSYSTEMS,2021
Misamis Occidental,Aloran,5.04545,ALL ECOSYSTEMS,2021
Misamis Occidental,Baliangao,4.27719,ALL ECOSYSTEMS,2021
Misamis Occidental,Bonifacio,5.01123,ALL ECOSYSTEMS,2021
Misamis Occidental,Calamba,4.34838,ALL ECOSYSTEMS,2021
Misamis Occidental,Clarin,4.97398,ALL ECOSYSTEMS,2021
Misamis Occidental,Jimenez,4.80239,ALL ECOSYSTEMS,2021
Misamis Occidental,Lopez Jaena,4.38088,ALL ECOSYSTEMS,2021
Misamis Occidental,City of Oroquieta,5.04739,ALL ECOSYSTEMS,2021
Misamis Occidental,City of Ozamiz,4.93128,ALL ECOSYSTEMS,2021
Misamis Occidental,Panaon,5.02893,ALL ECOSYSTEMS,2021
Misamis Occidental,Plaridel,4.60661,ALL ECOSYSTEMS,2021
Misamis Occidental,Sapang Dalaga,3.11601,ALL ECOSYSTEMS,2021
Misamis Occidental,Sinacaban,4.85805,ALL ECOSYSTEMS,2021
Misamis Occidental,City of Tangub,4.89595,ALL ECOSYSTEMS,2021
Misamis Occidental,Tudela,5.01703,ALL ECOSYSTEMS,2021
Misamis Oriental,Alubijid,4.23858,ALL ECOSYSTEMS,2021
Misamis Oriental,Balingasag,4.72233,ALL ECOSYSTEMS,2021
Misamis Oriental,Claveria,4.64849,ALL ECOSYSTEMS,2021
Misamis Oriental,City of El Salvador,4.60079,ALL ECOSYSTEMS,2021
Misamis Oriental,City of Gingoog,4.87043,ALL ECOSYSTEMS,2021
Misamis Oriental,Jasaan,4.77414,ALL ECOSYSTEMS,2021
Misamis Oriental,Lagonglong,4.75053,ALL ECOSYSTEMS,2021
Misamis Oriental,Magsaysay,4.3277,ALL ECOSYSTEMS,2021
Misamis Oriental,Manticao,4.99986,ALL ECOSYSTEMS,2021
Misamis Oriental,Naawan,4.9096,ALL ECOSYSTEMS,2021
Misamis Oriental,Opol,4.8679,ALL ECOSYSTEMS,2021
Misamis Oriental,Salay,4.58371,ALL ECOSYSTEMS,2021
Misamis Oriental,Villanueva,4.89265,ALL ECOSYSTEMS,2021
Misamis Oriental,City of Cagayan De Oro,5.52489,ALL ECOSYSTEMS,2021
Lanao del Norte,City of Iligan,4.5548,ALL ECOSYSTEMS,2021
Davao del Norte,Asuncion,4.77977,ALL ECOSYSTEMS,2021
Davao del Norte,Carmen,4.54475,ALL ECOSYSTEMS,2021
Davao del Norte,Kapalong,4.83315,ALL ECOSYSTEMS,2021
Davao del Norte,New Corella,4.81075,ALL ECOSYSTEMS,2021
Davao del Norte,City of Panabo,4.51125,ALL ECOSYSTEMS,2021
Davao del Norte,Island Garden City of Samal,4.24688,ALL ECOSYSTEMS,2021
Davao del Norte,Santo Tomas,4.71229,ALL ECOSYSTEMS,2021
Davao del Norte,City of Tagum,4.66846,ALL ECOSYSTEMS,2021
Davao del Norte,Talaingod,4.72891,ALL ECOSYSTEMS,2021
Davao del Norte,Braulio E. Dujali,4.57296,ALL ECOSYSTEMS,2021
Davao del Norte,San Isidro,4.84738,ALL ECOSYSTEMS,2021
Davao del Sur,Bansalan,5.26689,ALL ECOSYSTEMS,2021
Davao del Sur,City of Digos,5.25352,ALL ECOSYSTEMS,2021
Davao del Sur,Hagonoy,5.33298,ALL ECOSYSTEMS,2021
Davao del Sur,Kiblawan,5.2338,ALL ECOSYSTEMS,2021
Davao del Sur,Magsaysay,5.31643,ALL ECOSYSTEMS,2021
Davao del Sur,Malalag,4.89594,ALL ECOSYSTEMS,2021
Davao del Sur,Matanao,5.27139,ALL ECOSYSTEMS,2021
Davao del Sur,Padada,5.28873,ALL ECOSYSTEMS,2021
Davao del Sur,Sulop,5.11312,ALL ECOSYSTEMS,2021
Davao Oriental,Baganga,4.28656,ALL ECOSYSTEMS,2021
Davao Oriental,Banaybanay,4.65186,ALL ECOSYSTEMS,2021
Davao Oriental,Boston,4.8602,ALL ECOSYSTEMS,2021
Davao Oriental,Caraga,4.28968,ALL ECOSYSTEMS,2021
Davao Oriental,Cateel,4.91057,ALL ECOSYSTEMS,2021
Davao Oriental,Governor Generoso,4.49271,ALL ECOSYSTEMS,2021
Davao Oriental,Lupon,4.69531,ALL ECOSYSTEMS,2021
Davao de Oro,Compostela,4.43154,ALL ECOSYSTEMS,2021
Davao de Oro,Laak,4.27473,ALL ECOSYSTEMS,2021
Davao de Oro,Maragusan,4.24013,ALL ECOSYSTEMS,2021
Davao de Oro,Mawab,4.25589,ALL ECOSYSTEMS,2021
Davao de Oro,Monkayo,4.40617,ALL ECOSYSTEMS,2021
Davao de Oro,Montevista,4.38114,ALL ECOSYSTEMS,2021
Davao de Oro,Nabunturan,4.34866,ALL ECOSYSTEMS,2021
Davao de Oro,New Bataan,4.43971,ALL ECOSYSTEMS,2021
Davao de Oro,Pantukan,4.05486,ALL ECOSYSTEMS,2021
Davao Occidental,Malita,4.21539,ALL ECOSYSTEMS,2021
Davao Occidental,Santa Maria,4.8885,ALL ECOSYSTEMS,2021
Davao del Sur,City of Davao,3.63854,ALL ECOSYSTEMS,2021
North Cotabato,Alamada,4.52481,ALL ECOSYSTEMS,2021
North Cotabato,Carmen,4.39357,ALL ECOSYSTEMS,2021
North Cotabato,Kabacan,4.44716,ALL ECOSYSTEMS,2021
North Cotabato,City of Kidapawan,4.0545,ALL ECOSYSTEMS,2021
North Cotabato,Libungan,4.31829,ALL ECOSYSTEMS,2021
North Cotabato,Magpet,3.95681,ALL ECOSYSTEMS,2021
North Cotabato,Makilala,3.85303,ALL ECOSYSTEMS,2021
North Cotabato,Matalam,4.28433,ALL ECOSYSTEMS,2021
North Cotabato,Midsayap,4.41097,ALL ECOSYSTEMS,2021
North Cotabato,MLang,4.27848,ALL ECOSYSTEMS,2021
North Cotabato,Pigkawayan,4.27229,ALL ECOSYSTEMS,2021
North Cotabato,Pikit,4.37393,ALL ECOSYSTEMS,2021
North Cotabato,President Roxas,3.94457,ALL ECOSYSTEMS,2021
North Cotabato,Tulunan,4.30088,ALL ECOSYSTEMS,2021
North Cotabato,Antipas,4.01295,ALL ECOSYSTEMS,2021
North Cotabato,Banisilan,4.72906,ALL ECOSYSTEMS,2021
North Cotabato,Aleosan,4.45181,ALL ECOSYSTEMS,2021
North Cotabato,Arakan,3.93907,ALL ECOSYSTEMS,2021
South Cotabato,Banga,4.33217,ALL ECOSYSTEMS,2021
South Cotabato,City of Koronadal,4.34563,ALL ECOSYSTEMS,2021
South Cotabato,Norala,4.32377,ALL ECOSYSTEMS,2021
South Cotabato,Polomolok,4.12613,ALL ECOSYSTEMS,2021
South Cotabato,Surallah,4.31268,ALL ECOSYSTEMS,2021
South Cotabato,Tampakan,4.18871,ALL ECOSYSTEMS,2021
South Cotabato,Tantangan,4.30654,ALL ECOSYSTEMS,2021
South Cotabato,TBoli,4.2303,ALL ECOSYSTEMS,2021
South Cotabato,Tupi,4.04046,ALL ECOSYSTEMS,2021
South Cotabato,Santo Niño,4.39376,ALL ECOSYSTEMS,2021
South Cotabato,Lake Sebu,4.27257,ALL ECOSYSTEMS,2021
Sultan Kudarat,Bagumbayan,3.93443,ALL ECOSYSTEMS,2021
Sultan Kudarat,Columbio,3.98783,ALL ECOSYSTEMS,2021
Sultan Kudarat,Esperanza,3.88001,ALL ECOSYSTEMS,2021
Sultan Kudarat,Isulan,3.93426,ALL ECOSYSTEMS,2021
Sultan Kudarat,Kalamansig,3.93428,ALL ECOSYSTEMS,2021
Sultan Kudarat,Lebak,3.98031,ALL ECOSYSTEMS,2021
Sultan Kudarat,Lutayan,3.98783,ALL ECOSYSTEMS,2021
Sultan Kudarat,Lambayong,3.98949,ALL ECOSYSTEMS,2021
Sultan Kudarat,Palimbang,3.85024,ALL ECOSYSTEMS,2021
Sultan Kudarat,President Quirino,3.91146,ALL ECOSYSTEMS,2021
Sultan Kudarat,City of Tacurong,3.96869,ALL ECOSYSTEMS,2021
Sultan Kudarat,Sen. Ninoy Aquino,3.92286,ALL ECOSYSTEMS,2021
Sarangani,Alabel,3.20818,ALL ECOSYSTEMS,2021
Sarangani,Glan,3.14227,ALL ECOSYSTEMS,2021
Sarangani,Kiamba,3.50455,ALL ECOSYSTEMS,2021
Sarangani,Maitum,3.48803,ALL ECOSYSTEMS,2021
Sarangani,Malungon,3.42077,ALL ECOSYSTEMS,2021
South Cotabato,City of General Santos,3.9923,ALL ECOSYSTEMS,2021
Abra,Bangued,3.33173,ALL ECOSYSTEMS,2021
Abra,Boliney,0.98632,ALL ECOSYSTEMS,2021
Abra,Bucay,3.30741,ALL ECOSYSTEMS,2021
Abra,Danglas,3.09662,ALL ECOSYSTEMS,2021
Abra,Dolores,3.14916,ALL ECOSYSTEMS,2021
Abra,La Paz,3.31472,ALL ECOSYSTEMS,2021
Abra,Lagangilang,3.11723,ALL ECOSYSTEMS,2021
Abra,Lagayan,3.10392,ALL ECOSYSTEMS,2021
Abra,Langiden,3.30328,ALL ECOSYSTEMS,2021
Abra,Licuan-Baay,3.28447,ALL ECOSYSTEMS,2021
Abra,Luba,3.57733,ALL ECOSYSTEMS,2021
Abra,Manabo,3.34138,ALL ECOSYSTEMS,2021
Abra,Penarrubia,3.17559,ALL ECOSYSTEMS,2021
Abra,Pidigan,3.34053,ALL ECOSYSTEMS,2021
Abra,Pilar,3.54137,ALL ECOSYSTEMS,2021
Abra,Sallapadan,3.1887,ALL ECOSYSTEMS,2021
Abra,San Isidro,3.51132,ALL ECOSYSTEMS,2021
Abra,San Juan,3.20863,ALL ECOSYSTEMS,2021
Abra,San Quintin,3.23714,ALL ECOSYSTEMS,2021
Abra,Tayum,3.27045,ALL ECOSYSTEMS,2021
Abra,Tineg,3.08332,ALL ECOSYSTEMS,2021
Abra,Tubo,3.6338,ALL ECOSYSTEMS,2021
Abra,Villaviciosa,3.47906,ALL ECOSYSTEMS,2021
Benguet,Atok,3.13176,ALL ECOSYSTEMS,2021
Benguet,Bakun,3.1332,ALL ECOSYSTEMS,2021
Benguet,Bokod,2.81625,ALL ECOSYSTEMS,2021
Benguet,Itogon,2.87665,ALL ECOSYSTEMS,2021
Benguet,Kabayan,3.25851,ALL ECOSYSTEMS,2021
Benguet,Kapangan,3.1283,ALL ECOSYSTEMS,2021
Benguet,La Trinidad,2.70802,ALL ECOSYSTEMS,2021
Benguet,Mankayan,3.19956,ALL ECOSYSTEMS,2021
Benguet,Sablan,2.85978,ALL ECOSYSTEMS,2021
Benguet,Tuba,2.48498,ALL ECOSYSTEMS,2021
Benguet,Tublay,3.17591,ALL ECOSYSTEMS,2021
Ifugao,Banaue,3.26827,ALL ECOSYSTEMS,2021
Ifugao,Hungduan,3.45964,ALL ECOSYSTEMS,2021
Ifugao,Kiangan,3.68149,ALL ECOSYSTEMS,2021
Ifugao,Lagawe,3.7565,ALL ECOSYSTEMS,2021
Ifugao,Lamut,3.76991,ALL ECOSYSTEMS,2021
Ifugao,Mayoyao,3.57934,ALL ECOSYSTEMS,2021
Ifugao,Alfonso Lista,3.35492,ALL ECOSYSTEMS,2021
Ifugao,Aguinaldo,3.56625,ALL ECOSYSTEMS,2021
Ifugao,Hingyon,3.44451,ALL ECOSYSTEMS,2021
Ifugao,Tinoc,2.97799,ALL ECOSYSTEMS,2021
Ifugao,Asipulo,3.5822,ALL ECOSYSTEMS,2021
Kalinga,Balbalan,4.6326,ALL ECOSYSTEMS,2021
Kalinga,Pinukpuk,4.65101,ALL ECOSYSTEMS,2021
Kalinga,Rizal,4.06358,ALL ECOSYSTEMS,2021
Kalinga,City of Tabuk,4.69552,ALL ECOSYSTEMS,2021
Kalinga,Tanudan,4.95684,ALL ECOSYSTEMS,2021
Mountain Province,Bauko,3.30029,ALL ECOSYSTEMS,2021
Mountain Province,Bontoc,3.30214,ALL ECOSYSTEMS,2021
Mountain Province,Natonin,3.14714,ALL ECOSYSTEMS,2021
Mountain Province,Paracelis,3.49906,ALL ECOSYSTEMS,2021
Mountain Province,Sadanga,3.42274,ALL ECOSYSTEMS,2021
Mountain Province,Tadian,3.18618,ALL ECOSYSTEMS,2021
Apayao,Calanasan,3.39576,ALL ECOSYSTEMS,2021
Apayao,Conner,4.06827,ALL ECOSYSTEMS,2021
Apayao,Flora,3.40787,ALL ECOSYSTEMS,2021
Apayao,Kabugao,3.8173,ALL ECOSYSTEMS,2021
Apayao,Luna,3.47952,ALL ECOSYSTEMS,2021
Apayao,Pudtol,3.51232,ALL ECOSYSTEMS,2021
Apayao,Santa Marcela,3.52353,ALL ECOSYSTEMS,2021
Agusan del Norte,Buenavista,4.07072,ALL ECOSYSTEMS,2021
Agusan del Norte,City of Cabadbaran,3.88965,ALL ECOSYSTEMS,2021
Agusan del Norte,Jabonga,3.70711,ALL ECOSYSTEMS,2021
Agusan del Norte,Kitcharao,3.75063,ALL ECOSYSTEMS,2021
Agusan del Norte,Las Nieves,3.93082,ALL ECOSYSTEMS,2021
Agusan del Norte,Magallanes,3.90207,ALL ECOSYSTEMS,2021
Agusan del Norte,Nasipit,4.08613,ALL ECOSYSTEMS,2021
Agusan del Norte,Remedios T. Romualdez,3.89371,ALL ECOSYSTEMS,2021
Agusan del Sur,City of Bayugan,3.12519,ALL ECOSYSTEMS,2021
Agusan del Sur,Bunawan,3.17332,ALL ECOSYSTEMS,2021
Agusan del Sur,Esperanza,3.14247,ALL ECOSYSTEMS,2021
Agusan del Sur,La Paz,3.25311,ALL ECOSYSTEMS,2021
Agusan del Sur,Loreto,3.19834,ALL ECOSYSTEMS,2021
Agusan del Sur,Prosperidad,3.10202,ALL ECOSYSTEMS,2021
Agusan del Sur,Rosario,3.11671,ALL ECOSYSTEMS,2021
Agusan del Sur,San Francisco,3.14866,ALL ECOSYSTEMS,2021
Agusan del Sur,San Luis,3.15829,ALL ECOSYSTEMS,2021
Agusan del Sur,Santa Josefa,3.34784,ALL ECOSYSTEMS,2021
Agusan del Sur,Talacogon,3.20629,ALL ECOSYSTEMS,2021
Agusan del Sur,Trento,3.04594,ALL ECOSYSTEMS,2021
Agusan del Sur,Veruela,3.20373,ALL ECOSYSTEMS,2021
Agusan del Sur,Sibagat,3.26889,ALL ECOSYSTEMS,2021
Surigao Del Norte,Alegria,3.39954,ALL ECOSYSTEMS,2021
Surigao Del Norte,Bacuag,3.39322,ALL ECOSYSTEMS,2021
Surigao Del Norte,Burgos,3.31214,ALL ECOSYSTEMS,2021
Surigao Del Norte,Claver,3.3474,ALL ECOSYSTEMS,2021
Surigao Del Norte,Dapa,3.41372,ALL ECOSYSTEMS,2021
Surigao Del Norte,Del Carmen,3.24138,ALL ECOSYSTEMS,2021
Surigao Del Norte,General Luna,3.19772,ALL ECOSYSTEMS,2021
Surigao Del Norte,Gigaquit,3.39341,ALL ECOSYSTEMS,2021
Surigao Del Norte,Mainit,3.2613,ALL ECOSYSTEMS,2021
Surigao Del Norte,Malimono,3.10936,ALL ECOSYSTEMS,2021
Surigao Del Norte,Pilar,3.30465,ALL ECOSYSTEMS,2021
Surigao Del Norte,Placer,3.34791,ALL ECOSYSTEMS,2021
Surigao Del Norte,San Francisco,3.33597,ALL ECOSYSTEMS,2021
Surigao Del Norte,San Isidro,3.31779,ALL ECOSYSTEMS,2021
Surigao Del Norte,Santa Monica,3.26992,ALL ECOSYSTEMS,2021
Surigao Del Norte,Sison,3.25392,ALL ECOSYSTEMS,2021
Surigao Del Norte,Socorro,3.39072,ALL ECOSYSTEMS,2021
Surigao Del Norte,City of Surigao,3.32618,ALL ECOSYSTEMS,2021
Surigao Del Norte,Tagana-An,3.49668,ALL ECOSYSTEMS,2021
Surigao Del Norte,Tubod,3.31015,ALL ECOSYSTEMS,2021
Surigao Del Sur,Barobo,3.45096,ALL ECOSYSTEMS,2021
Surigao Del Sur,Bayabas,3.50752,ALL ECOSYSTEMS,2021
Surigao Del Sur,City of Bislig,3.19585,ALL ECOSYSTEMS,2021
Surigao Del Sur,Cagwait,3.46959,ALL ECOSYSTEMS,2021
Surigao Del Sur,Cantilan,3.70365,ALL ECOSYSTEMS,2021
Surigao Del Sur,Carmen,3.63681,ALL ECOSYSTEMS,2021
Surigao Del Sur,Carrascal,3.58291,ALL ECOSYSTEMS,2021
Surigao Del Sur,Cortes,3.49628,ALL ECOSYSTEMS,2021
Surigao Del Sur,Hinatuan,3.34419,ALL ECOSYSTEMS,2021
Surigao Del Sur,Lanuza,3.55034,ALL ECOSYSTEMS,2021
Surigao Del Sur,Lianga,3.39479,ALL ECOSYSTEMS,2021
Surigao Del Sur,Lingig,3.16018,ALL ECOSYSTEMS,2021
Surigao Del Sur,Madrid,3.7163,ALL ECOSYSTEMS,2021
Surigao Del Sur,Marihatag,3.09095,ALL ECOSYSTEMS,2021
Surigao Del Sur,San Agustin,3.3229,ALL ECOSYSTEMS,2021
Surigao Del Sur,San Miguel,3.52626,ALL ECOSYSTEMS,2021
Surigao Del Sur,Tagbina,3.44555,ALL ECOSYSTEMS,2021
Surigao Del Sur,Tago,3.45129,ALL ECOSYSTEMS,2021
Surigao Del Sur,City of Tandag,3.42247,ALL ECOSYSTEMS,2021
Dinagat Islands,Basilisa,2.62039,ALL ECOSYSTEMS,2021
Dinagat Islands,Cagdianao,2.81676,ALL ECOSYSTEMS,2021
Dinagat Islands,Dinagat,2.85209,ALL ECOSYSTEMS,2021
Dinagat Islands,Libjo,2.64682,ALL ECOSYSTEMS,2021
Dinagat Islands,Loreto,2.68671,ALL ECOSYSTEMS,2021
Dinagat Islands,San Jose,2.69979,ALL ECOSYSTEMS,2021
Dinagat Islands,Tubajon,2.67613,ALL ECOSYSTEMS,2021
Agusan del Norte,City of Butuan,3.9264,ALL ECOSYSTEMS,2021
Marinduque,Boac,3.83532,ALL ECOSYSTEMS,2021
Marinduque,Buenavista,3.57896,ALL ECOSYSTEMS,2021
Marinduque,Gasan,3.79451,ALL ECOSYSTEMS,2021
Marinduque,Mogpog,3.67916,ALL ECOSYSTEMS,2021
Marinduque,Santa Cruz,3.61273,ALL ECOSYSTEMS,2021
Marinduque,Torrijos,3.61059,ALL ECOSYSTEMS,2021
Occidental Mindoro,Abra De Ilog,4.27759,ALL ECOSYSTEMS,2021
Occidental Mindoro,Calintaan,4.42939,ALL ECOSYSTEMS,2021
Occidental Mindoro,Looc,3.8884,ALL ECOSYSTEMS,2021
Occidental Mindoro,Lubang,3.71894,ALL ECOSYSTEMS,2021
Occidental Mindoro,Magsaysay,4.37589,ALL ECOSYSTEMS,2021
Occidental Mindoro,Mamburao,4.40506,ALL ECOSYSTEMS,2021
Occidental Mindoro,Paluan,3.91798,ALL ECOSYSTEMS,2021
Occidental Mindoro,Rizal,4.45421,ALL ECOSYSTEMS,2021
Occidental Mindoro,Sablayan,4.30283,ALL ECOSYSTEMS,2021
Occidental Mindoro,San Jose,4.39748,ALL ECOSYSTEMS,2021
Occidental Mindoro,Santa Cruz,4.3498,ALL ECOSYSTEMS,2021
Oriental Mindoro,Baco,4.46837,ALL ECOSYSTEMS,2021
Oriental Mindoro,Bansud,4.77894,ALL ECOSYSTEMS,2021
Oriental Mindoro,Bongabong,4.37021,ALL ECOSYSTEMS,2021
Oriental Mindoro,Bulalacao,4.4306,ALL ECOSYSTEMS,2021
Oriental Mindoro,City of Calapan,4.47807,ALL ECOSYSTEMS,2021
Oriental Mindoro,Gloria,4.79121,ALL ECOSYSTEMS,2021
Oriental Mindoro,Mansalay,4.69445,ALL ECOSYSTEMS,2021
Oriental Mindoro,Naujan,4.52479,ALL ECOSYSTEMS,2021
Oriental Mindoro,Pinamalayan,4.50078,ALL ECOSYSTEMS,2021
Oriental Mindoro,Pola,4.48179,ALL ECOSYSTEMS,2021
Oriental Mindoro,Roxas,4.3366,ALL ECOSYSTEMS,2021
Oriental Mindoro,San Teodoro,4.46269,ALL ECOSYSTEMS,2021
Oriental Mindoro,Socorro,4.50088,ALL ECOSYSTEMS,2021
Oriental Mindoro,Victoria,4.46757,ALL ECOSYSTEMS,2021
Palawan,Aborlan,4.02983,ALL ECOSYSTEMS,2021
Palawan,Araceli,4.49853,ALL ECOSYSTEMS,2021
Palawan,Bataraza,4.20424,ALL ECOSYSTEMS,2021
Palawan,Brookes Point,4.037,ALL ECOSYSTEMS,2021
Palawan,Busuanga,3.62893,ALL ECOSYSTEMS,2021
Palawan,Coron,3.92551,ALL ECOSYSTEMS,2021
Palawan,Dumaran,3.91733,ALL ECOSYSTEMS,2021
Palawan,El Nido,3.76257,ALL ECOSYSTEMS,2021
Palawan,Narra,4.28588,ALL ECOSYSTEMS,2021
Palawan,Quezon,4.68583,ALL ECOSYSTEMS,2021
Palawan,Roxas,3.96061,ALL ECOSYSTEMS,2021
Palawan,San Vicente,3.94069,ALL ECOSYSTEMS,2021
Palawan,Taytay,4.19854,ALL ECOSYSTEMS,2021
Palawan,Culion,4.0403,ALL ECOSYSTEMS,2021
Palawan,Dr. Jose P. Rizal,4.34011,ALL ECOSYSTEMS,2021
Palawan,Sofronio Espanola,4.16959,ALL ECOSYSTEMS,2021
Romblon,Alcantara,4.25145,ALL ECOSYSTEMS,2021
Romblon,Cajidiocan,4.13406,ALL ECOSYSTEMS,2021
Romblon,Calatrava,4.17745,ALL ECOSYSTEMS,2021
Romblon,Looc,4.0775,ALL ECOSYSTEMS,2021
Romblon,Magdiwang,4.1553,ALL ECOSYSTEMS,2021
Romblon,Odiongan,4.1371,ALL ECOSYSTEMS,2021
Romblon,Romblon,3.8353,ALL ECOSYSTEMS,2021
Romblon,San Agustin,4.02317,ALL ECOSYSTEMS,2021
Romblon,San Andres,4.09161,ALL ECOSYSTEMS,2021
Romblon,San Fernando,4.08804,ALL ECOSYSTEMS,2021
Romblon,San Jose,3.42987,ALL ECOSYSTEMS,2021
Romblon,Santa Fe,4.17649,ALL ECOSYSTEMS,2021
Romblon,Ferrol,3.8499,ALL ECOSYSTEMS,2021
Romblon,Santa Maria,4.05888,ALL ECOSYSTEMS,2021
Palawan,City of Puerto Princesa,4.02465,ALL ECOSYSTEMS,2021
Negros Occidental,City of Bago,4.18722,ALL ECOSYSTEMS,2021
Negros Occidental,Binalbagan,4.12326,ALL ECOSYSTEMS,2021
Negros Occidental,City of Cadiz,3.53715,ALL ECOSYSTEMS,2021
Negros Occidental,Candoni,4.00002,ALL ECOSYSTEMS,2021
Negros Occidental,Cauayan,3.95176,ALL ECOSYSTEMS,2021
Negros Occidental,City of Escalante,2.77614,ALL ECOSYSTEMS,2021
Negros Occidental,City of Himamaylan,3.9804,ALL ECOSYSTEMS,2021
Negros Occidental,Hinigaran,4.11221,ALL ECOSYSTEMS,2021
Negros Occidental,Hinoba-an,3.78295,ALL ECOSYSTEMS,2021
Negros Occidental,Ilog,4.14755,ALL ECOSYSTEMS,2021
Negros Occidental,Isabela,4.25664,ALL ECOSYSTEMS,2021
Negros Occidental,City of Kabankalan,4.09698,ALL ECOSYSTEMS,2021
Negros Occidental,City of La Carlota,4.09298,ALL ECOSYSTEMS,2021
Negros Occidental,La Castellana,4.30836,ALL ECOSYSTEMS,2021
Negros Occidental,Moises Padilla,4.32972,ALL ECOSYSTEMS,2021
Negros Occidental,Murcia,4.17655,ALL ECOSYSTEMS,2021
Negros Occidental,Pontevedra,4.07232,ALL ECOSYSTEMS,2021
Negros Occidental,Pulupandan,4.01865,ALL ECOSYSTEMS,2021
Negros Occidental,City of San Carlos,4.18261,ALL ECOSYSTEMS,2021
Negros Occidental,San Enrique,4.15991,ALL ECOSYSTEMS,2021
Negros Occidental,City of Sipalay,3.73597,ALL ECOSYSTEMS,2021
Negros Occidental,Toboso,3.58632,ALL ECOSYSTEMS,2021
Negros Occidental,Valladolid,4.16819,ALL ECOSYSTEMS,2021
Negros Occidental,Salvador Benedicto,3.6877,ALL ECOSYSTEMS,2021
Negros Oriental,Amlan,3.07978,ALL ECOSYSTEMS,2021
Negros Oriental,Ayungon,3.23152,ALL ECOSYSTEMS,2021
Negros Oriental,City of Bais,3.06543,ALL ECOSYSTEMS,2021
Negros Oriental,Basay,3.00228,ALL ECOSYSTEMS,2021
Negros Oriental,City of Bayawan,3.06871,ALL ECOSYSTEMS,2021
Negros Oriental,Bindoy,3.16647,ALL ECOSYSTEMS,2021
Negros Oriental,City of Canlaon,3.35442,ALL ECOSYSTEMS,2021
Negros Oriental,La Libertad,3.34486,ALL ECOSYSTEMS,2021
Negros Oriental,Mabinay,3.14543,ALL ECOSYSTEMS,2021
Negros Oriental,San Jose,2.87312,ALL ECOSYSTEMS,2021
Negros Oriental,Santa Catalina,3.05001,ALL ECOSYSTEMS,2021
Negros Oriental,Siaton,3.02728,ALL ECOSYSTEMS,2021
Negros Oriental,Sibulan,3.07776,ALL ECOSYSTEMS,2021
Negros Oriental,City of Tanjay,3.20052,ALL ECOSYSTEMS,2021
Negros Oriental,Tayasan,3.17215,ALL ECOSYSTEMS,2021
Negros Oriental,Vallehermoso,3.40487,ALL ECOSYSTEMS,2021
Negros Oriental,Zamboanguita,3.02115,ALL ECOSYSTEMS,2021
Siquijor,Enrique Villanueva,3.67277,ALL ECOSYSTEMS,2021
Siquijor,Larena,3.61221,ALL ECOSYSTEMS,2021
Siquijor,Lazi,3.593,ALL ECOSYSTEMS,2021
Siquijor,Maria,3.65654,ALL ECOSYSTEMS,2021
Siquijor,San Juan,3.54895,ALL ECOSYSTEMS,2021
Siquijor,Siquijor,3.70622,ALL ECOSYSTEMS,2021
Negros Occidental,City of Bacolod,4.21804,ALL ECOSYSTEMS,2021
Basilan,City of Lamitan,2.46481,ALL ECOSYSTEMS,2021
Basilan,Lantawan,2.57465,ALL ECOSYSTEMS,2021
Lanao del Sur,Bubong,2.93618,ALL ECOSYSTEMS,2021
Lanao del Sur,Butig,3.06071,ALL ECOSYSTEMS,2021
Lanao del Sur,Kapai,2.96336,ALL ECOSYSTEMS,2021
Lanao del Sur,Lumba-Bayabao,3.21045,ALL ECOSYSTEMS,2021
Lanao del Sur,Lumbatan,3.20004,ALL ECOSYSTEMS,2021
Lanao del Sur,City of Marawi,2.70434,ALL ECOSYSTEMS,2021
Lanao del Sur,Masiu,3.22852,ALL ECOSYSTEMS,2021
Lanao del Sur,Mulondo,2.95101,ALL ECOSYSTEMS,2021
Lanao del Sur,Piagapo,3.18542,ALL ECOSYSTEMS,2021
Lanao del Sur,Poona Bayabao,3.31122,ALL ECOSYSTEMS,2021
Lanao del Sur,Ditsaan-Ramain,3.15672,ALL ECOSYSTEMS,2021
Lanao del Sur,Tamparan,3.20643,ALL ECOSYSTEMS,2021
Lanao del Sur,Taraka,3.15234,ALL ECOSYSTEMS,2021
Lanao del Sur,Wao,3.71956,ALL ECOSYSTEMS,2021
Lanao del Sur,Buadiposo-Buntong,2.9762,ALL ECOSYSTEMS,2021
Lanao del Sur,Maguing,3.13823,ALL ECOSYSTEMS,2021
Lanao del Sur,Lumbayanague,3.14706,ALL ECOSYSTEMS,2021
Lanao del Sur,Tagoloan Ii,2.83156,ALL ECOSYSTEMS,2021
Lanao del Sur,Sultan Dumalondong,3.14469,ALL ECOSYSTEMS,2021
Maguindanao,Barira,3.66306,ALL ECOSYSTEMS,2021
Maguindanao del Norte,Barira,3.66306,ALL ECOSYSTEMS,2021
Maguindanao,Buldon,3.75027,ALL ECOSYSTEMS,2021
Maguindanao del Norte,City of Cotabato,3.82252,ALL ECOSYSTEMS,2021
Maguindanao,City of Cotabato,3.82252,ALL ECOSYSTEMS,2021
Maguindanao del Norte,Datu Blah T. Sinsuat,3.21352,ALL ECOSYSTEMS,2021
Maguindanao,Datu Blah T. Sinsuat,3.21352,ALL ECOSYSTEMS,2021
Maguindanao,Datu Odin Sinsuat,3.726,ALL ECOSYSTEMS,2021
Maguindanao del Norte,Datu Odin Sinsuat,3.726,ALL ECOSYSTEMS,2021
Maguindanao,Kabuntalan,3.87577,ALL ECOSYSTEMS,2021
Maguindanao del Norte,Kabuntalan,3.87577,ALL ECOSYSTEMS,2021
Maguindanao,Matanog,3.1432,ALL ECOSYSTEMS,2021
Maguindanao del Norte,Matanog,3.1432,ALL ECOSYSTEMS,2021
Maguindanao,Northern Kabuntalan,3.83236,ALL ECOSYSTEMS,2021
Maguindanao del Norte,Northern Kabuntalan,3.83236,ALL ECOSYSTEMS,2021
Maguindanao,Parang,3.51982,ALL ECOSYSTEMS,2021
Maguindanao del Norte,Sultan Kudarat,3.74664,ALL ECOSYSTEMS,2021
Maguindanao,Sultan Kudarat,3.74664,ALL ECOSYSTEMS,2021
Maguindanao,Sultan Mastura,3.69094,ALL ECOSYSTEMS,2021
Maguindanao del Norte,Sultan Mastura,3.69094,ALL ECOSYSTEMS,2021
Maguindanao,Talitay,3.80324,ALL ECOSYSTEMS,2021
Maguindanao del Norte,Talitay,3.80324,ALL ECOSYSTEMS,2021
Maguindanao del Norte,Upi,3.87729,ALL ECOSYSTEMS,2021
Maguindanao,Upi,3.87729,ALL ECOSYSTEMS,2021
Maguindanao,Ampatuan,4.14373,ALL ECOSYSTEMS,2021
Maguindanao del Sur,Buluan,3.99422,ALL ECOSYSTEMS,2021
Maguindanao,Buluan,3.99422,ALL ECOSYSTEMS,2021
Maguindanao,Datu Abdullah Sangki,4.04072,ALL ECOSYSTEMS,2021
Maguindanao del Sur,Datu Abdullah Sangki,4.04072,ALL ECOSYSTEMS,2021
Maguindanao del Sur,Datu Anggal Midtimbang,3.80242,ALL ECOSYSTEMS,2021
Maguindanao,Datu Anggal Midtimbang,3.80242,ALL ECOSYSTEMS,2021
Maguindanao del Sur,Datu Hoffer Ampatuan,4.1173,ALL ECOSYSTEMS,2021
Maguindanao,Datu Hoffer Ampatuan,4.1173,ALL ECOSYSTEMS,2021
Maguindanao,Datu Paglas,4.18741,ALL ECOSYSTEMS,2021
Maguindanao del Sur,Datu Paglas,4.18741,ALL ECOSYSTEMS,2021
Maguindanao del Sur,Datu Piang,3.73824,ALL ECOSYSTEMS,2021
Maguindanao,Datu Piang,3.73824,ALL ECOSYSTEMS,2021
Maguindanao del Sur,Datu Salibo,3.92645,ALL ECOSYSTEMS,2021
Maguindanao,Datu Salibo,3.92645,ALL ECOSYSTEMS,2021
Maguindanao,Datu Saudi-Ampatuan,3.99865,ALL ECOSYSTEMS,2021
Maguindanao del Sur,Datu Saudi Ampatuan,3.99865,ALL ECOSYSTEMS,2021
Maguindanao del Sur,Datu Unsay,4.05479,ALL ECOSYSTEMS,2021
Maguindanao,Datu Unsay,4.05479,ALL ECOSYSTEMS,2021
Maguindanao,Gen. S.K. Pendatun,4.05225,ALL ECOSYSTEMS,2021
Maguindanao del Sur,Gen. S.K. Pendatun,4.05225,ALL ECOSYSTEMS,2021
Maguindanao,Guindulungan,3.92822,ALL ECOSYSTEMS,2021
Maguindanao del Sur,Guindulungan,3.92822,ALL ECOSYSTEMS,2021
Maguindanao del Sur,Mamasapano,4.06749,ALL ECOSYSTEMS,2021
Maguindanao,Mamasapano,4.06749,ALL ECOSYSTEMS,2021
Maguindanao del Sur,Mangudadatu,4.04785,ALL ECOSYSTEMS,2021
Maguindanao,Mangudadatu,4.04785,ALL ECOSYSTEMS,2021
Maguindanao del Sur,Pagagawan,4.20404,ALL ECOSYSTEMS,2021
Maguindanao,Pagagawan,4.20404,ALL ECOSYSTEMS,2021
Maguindanao del Sur,Pagalungan,4.25831,ALL ECOSYSTEMS,2021
Maguindanao,Pagalungan,4.25831,ALL ECOSYSTEMS,2021
Maguindanao del Sur,Paglat,3.84203,ALL ECOSYSTEMS,2021
Maguindanao,Paglat,3.84203,ALL ECOSYSTEMS,2021
Maguindanao del Sur,Pandag,3.99552,ALL ECOSYSTEMS,2021
Maguindanao,Pandag,3.99552,ALL ECOSYSTEMS,2021
Maguindanao del Sur,Rajah Buayan,3.69309,ALL ECOSYSTEMS,2021
Maguindanao,Rajah Buayan,3.69309,ALL ECOSYSTEMS,2021
Maguindanao,Shariff Aguak,4.11744,ALL ECOSYSTEMS,2021
Maguindanao del Sur,Shariff Aguak,4.11744,ALL ECOSYSTEMS,2021
Maguindanao,Shariff Saydona Mustapha,4.08092,ALL ECOSYSTEMS,2021
Maguindanao del Sur,Shariff Saydona Mustapha,4.08092,ALL ECOSYSTEMS,2021
Maguindanao del Sur,South Upi,4.06656,ALL ECOSYSTEMS,2021
Maguindanao,South Upi,4.06656,ALL ECOSYSTEMS,2021
Maguindanao,Sultan Sa Barongis,3.98828,ALL ECOSYSTEMS,2021
Maguindanao del Sur,Sultan Sa Barongis,3.98828,ALL ECOSYSTEMS,2021
Maguindanao del Sur,Talayan,3.92091,ALL ECOSYSTEMS,2021
Maguindanao,Talayan,3.92091,ALL ECOSYSTEMS,2021
,,,,
"Data Source: Philippine Statistics Authority (PSA)
Downloaded from https://www.ricelytics.philrice.gov.ph/",,,,
