2025 Semester 2 Average Yield of Palay in All Ecosystems in the Philippines by Municipality,,,,
,,,,
Province Name,Location Name,Average Yield,Ecosystem,Year
Ilocos Norte,Adams,4.29902,ALL ECOSYSTEMS,2025
Ilocos Norte,Bacarra,4.51948,ALL ECOSYSTEMS,2025
Ilocos Norte,Badoc,4.15994,ALL ECOSYSTEMS,2025
Ilocos Norte,Bangui,4.21209,ALL ECOSYSTEMS,2025
Ilocos Norte,City of Batac,4.38149,ALL ECOSYSTEMS,2025
Ilocos Norte,Burgos,4.22172,ALL ECOSYSTEMS,2025
Ilocos Norte,Carasi,4.35797,ALL ECOSYSTEMS,2025
Ilocos Norte,Currimao,4.22622,ALL ECOSYSTEMS,2025
Ilocos Norte,Dingras,4.49356,ALL ECOSYSTEMS,2025
Ilocos Norte,Dumalneg,4.35191,ALL ECOSYSTEMS,2025
Ilocos Norte,Banna,4.64414,ALL ECOSYSTEMS,2025
Ilocos Norte,City of Laoag,4.37742,ALL ECOSYSTEMS,2025
Ilocos Norte,Marcos,4.47125,ALL ECOSYSTEMS,2025
Ilocos Norte,Nueva Era,4.67684,ALL ECOSYSTEMS,2025
Ilocos Norte,Pagudpud,4.16489,ALL ECOSYSTEMS,2025
Ilocos Norte,Paoay,4.28876,ALL ECOSYSTEMS,2025
Ilocos Norte,Pasuquin,4.34461,ALL ECOSYSTEMS,2025
Ilocos Norte,Piddig,4.40729,ALL ECOSYSTEMS,2025
Ilocos Norte,Pinili,4.64302,ALL ECOSYSTEMS,2025
Ilocos Norte,San Nicolas,4.33514,ALL ECOSYSTEMS,2025
Ilocos Norte,Sarrat,4.33162,ALL ECOSYSTEMS,2025
Ilocos Norte,Solsona,4.45865,ALL ECOSYSTEMS,2025
Ilocos Norte,Vintar,4.40548,ALL ECOSYSTEMS,2025
Ilocos Sur,Alilem,5.43869,ALL ECOSYSTEMS,2025
Ilocos Sur,Banayoyo,4.05907,ALL ECOSYSTEMS,2025
Ilocos Sur,Bantay,3.92614,ALL ECOSYSTEMS,2025
Ilocos Sur,Burgos,4.65511,ALL ECOSYSTEMS,2025
Ilocos Sur,Cabugao,3.98695,ALL ECOSYSTEMS,2025
Ilocos Sur,City of Candon,3.92292,ALL ECOSYSTEMS,2025
Ilocos Sur,Caoayan,3.84311,ALL ECOSYSTEMS,2025
Ilocos Sur,Cervantes,5.27756,ALL ECOSYSTEMS,2025
Ilocos Sur,Galimuyod,4.47257,ALL ECOSYSTEMS,2025
Ilocos Sur,Gregorio del Pilar,5.0337,ALL ECOSYSTEMS,2025
Ilocos Sur,Lidlidda,5.03841,ALL ECOSYSTEMS,2025
Ilocos Sur,Magsingal,3.88546,ALL ECOSYSTEMS,2025
Ilocos Sur,Nagbukel,4.99783,ALL ECOSYSTEMS,2025
Ilocos Sur,Narvacan,4.26162,ALL ECOSYSTEMS,2025
Ilocos Sur,Quirino,5.0068,ALL ECOSYSTEMS,2025
Ilocos Sur,Salcedo,5.02725,ALL ECOSYSTEMS,2025
Ilocos Sur,San Emilio,5.06008,ALL ECOSYSTEMS,2025
Ilocos Sur,San Esteban,3.86563,ALL ECOSYSTEMS,2025
Ilocos Sur,San Ildefonso,3.96542,ALL ECOSYSTEMS,2025
Ilocos Sur,San Juan,3.89569,ALL ECOSYSTEMS,2025
Ilocos Sur,San Vicente,3.95332,ALL ECOSYSTEMS,2025
Ilocos Sur,Santa,3.9881,ALL ECOSYSTEMS,2025
Ilocos Sur,Santa Catalina,3.9261,ALL ECOSYSTEMS,2025
Ilocos Sur,Santa Cruz,3.95061,ALL ECOSYSTEMS,2025
Ilocos Sur,Santa Lucia,4.1171,ALL ECOSYSTEMS,2025
Ilocos Sur,Santa Maria,4.27752,ALL ECOSYSTEMS,2025
Ilocos Sur,Santiago,3.84803,ALL ECOSYSTEMS,2025
Ilocos Sur,Santo Domingo,3.90348,ALL ECOSYSTEMS,2025
Ilocos Sur,Sigay,5.0338,ALL ECOSYSTEMS,2025
Ilocos Sur,Sinait,3.95645,ALL ECOSYSTEMS,2025
Ilocos Sur,Sugpon,5.42985,ALL ECOSYSTEMS,2025
Ilocos Sur,Suyo,4.71994,ALL ECOSYSTEMS,2025
Ilocos Sur,Tagudin,3.71477,ALL ECOSYSTEMS,2025
Ilocos Sur,City of Vigan,3.88191,ALL ECOSYSTEMS,2025
La Union,Agoo,4.17159,ALL ECOSYSTEMS,2025
La Union,Aringay,4.13573,ALL ECOSYSTEMS,2025
La Union,Bacnotan,4.11011,ALL ECOSYSTEMS,2025
La Union,Bagulin,4.06969,ALL ECOSYSTEMS,2025
La Union,Balaoan,4.10989,ALL ECOSYSTEMS,2025
La Union,Bangar,4.11923,ALL ECOSYSTEMS,2025
La Union,Bauang,4.0751,ALL ECOSYSTEMS,2025
La Union,Burgos,4.11877,ALL ECOSYSTEMS,2025
La Union,Caba,4.12639,ALL ECOSYSTEMS,2025
La Union,Luna,4.1267,ALL ECOSYSTEMS,2025
La Union,Naguilian,4.08813,ALL ECOSYSTEMS,2025
La Union,Pugo,4.32801,ALL ECOSYSTEMS,2025
La Union,Rosario,4.25587,ALL ECOSYSTEMS,2025
La Union,City of San Fernando,4.09992,ALL ECOSYSTEMS,2025
La Union,San Gabriel,4.16518,ALL ECOSYSTEMS,2025
La Union,San Juan,4.09233,ALL ECOSYSTEMS,2025
La Union,Santo Tomas,4.15954,ALL ECOSYSTEMS,2025
La Union,Santol,4.12419,ALL ECOSYSTEMS,2025
La Union,Sudipen,4.26592,ALL ECOSYSTEMS,2025
La Union,Tubao,4.14284,ALL ECOSYSTEMS,2025
Pangasinan,Agno,4.04037,ALL ECOSYSTEMS,2025
Pangasinan,Aguilar,4.27161,ALL ECOSYSTEMS,2025
Pangasinan,City of Alaminos,3.96114,ALL ECOSYSTEMS,2025
Pangasinan,Alcala,4.54094,ALL ECOSYSTEMS,2025
Pangasinan,Anda,3.87759,ALL ECOSYSTEMS,2025
Pangasinan,Asingan,5.37891,ALL ECOSYSTEMS,2025
Pangasinan,Balungao,4.63786,ALL ECOSYSTEMS,2025
Pangasinan,Bani,4.03162,ALL ECOSYSTEMS,2025
Pangasinan,Basista,4.22765,ALL ECOSYSTEMS,2025
Pangasinan,Bautista,4.43498,ALL ECOSYSTEMS,2025
Pangasinan,Bayambang,4.18251,ALL ECOSYSTEMS,2025
Pangasinan,Binalonan,6.06087,ALL ECOSYSTEMS,2025
Pangasinan,Binmaley,4.2408,ALL ECOSYSTEMS,2025
Pangasinan,Bolinao,3.979,ALL ECOSYSTEMS,2025
Pangasinan,Bugallon,4.23806,ALL ECOSYSTEMS,2025
Pangasinan,Burgos,4.07956,ALL ECOSYSTEMS,2025
Pangasinan,Calasiao,4.06001,ALL ECOSYSTEMS,2025
Pangasinan,City of Dagupan,3.72132,ALL ECOSYSTEMS,2025
Pangasinan,Dasol,4.34051,ALL ECOSYSTEMS,2025
Pangasinan,Infanta,4.39481,ALL ECOSYSTEMS,2025
Pangasinan,Labrador,4.02466,ALL ECOSYSTEMS,2025
Pangasinan,Lingayen,4.00659,ALL ECOSYSTEMS,2025
Pangasinan,Mabini,4.03771,ALL ECOSYSTEMS,2025
Pangasinan,Malasiqui,4.26391,ALL ECOSYSTEMS,2025
Pangasinan,Manaoag,5.08849,ALL ECOSYSTEMS,2025
Pangasinan,Mangaldan,3.75619,ALL ECOSYSTEMS,2025
Pangasinan,Mangatarem,4.25629,ALL ECOSYSTEMS,2025
Pangasinan,Mapandan,3.73247,ALL ECOSYSTEMS,2025
Pangasinan,Natividad,6.0629,ALL ECOSYSTEMS,2025
Pangasinan,Pozorrubio,5.7494,ALL ECOSYSTEMS,2025
Pangasinan,Rosales,4.6434,ALL ECOSYSTEMS,2025
Pangasinan,City of San Carlos,4.23853,ALL ECOSYSTEMS,2025
Pangasinan,San Fabian,3.70989,ALL ECOSYSTEMS,2025
Pangasinan,San Jacinto,3.6891,ALL ECOSYSTEMS,2025
Pangasinan,San Manuel,5.90764,ALL ECOSYSTEMS,2025
Pangasinan,San Nicolas,6.10311,ALL ECOSYSTEMS,2025
Pangasinan,San Quintin,4.77555,ALL ECOSYSTEMS,2025
Pangasinan,Santa Barbara,4.09033,ALL ECOSYSTEMS,2025
Pangasinan,Santa Maria,4.66887,ALL ECOSYSTEMS,2025
Pangasinan,Santo Tomas,4.6115,ALL ECOSYSTEMS,2025
Pangasinan,Sison,4.89319,ALL ECOSYSTEMS,2025
Pangasinan,Sual,3.65869,ALL ECOSYSTEMS,2025
Pangasinan,Tayug,5.65292,ALL ECOSYSTEMS,2025
Pangasinan,Umingan,4.6536,ALL ECOSYSTEMS,2025
Pangasinan,Urbiztondo,4.23218,ALL ECOSYSTEMS,2025
Pangasinan,City of Urdaneta,4.81205,ALL ECOSYSTEMS,2025
Pangasinan,Villasis,4.64342,ALL ECOSYSTEMS,2025
Pangasinan,Laoac,6.12173,ALL ECOSYSTEMS,2025
Cagayan,Abulug,3.79397,ALL ECOSYSTEMS,2025
Cagayan,Alcala,3.82977,ALL ECOSYSTEMS,2025
Cagayan,Allacapan,3.59019,ALL ECOSYSTEMS,2025
Cagayan,Amulung,3.93712,ALL ECOSYSTEMS,2025
Cagayan,Aparri,3.57037,ALL ECOSYSTEMS,2025
Cagayan,Baggao,3.8161,ALL ECOSYSTEMS,2025
Cagayan,Ballesteros,3.44852,ALL ECOSYSTEMS,2025
Cagayan,Buguey,3.79931,ALL ECOSYSTEMS,2025
Cagayan,Calayan,3.30394,ALL ECOSYSTEMS,2025
Cagayan,Camalaniugan,3.802,ALL ECOSYSTEMS,2025
Cagayan,Claveria,3.21682,ALL ECOSYSTEMS,2025
Cagayan,Enrile,3.92756,ALL ECOSYSTEMS,2025
Cagayan,Gattaran,3.73067,ALL ECOSYSTEMS,2025
Cagayan,Gonzaga,3.43229,ALL ECOSYSTEMS,2025
Cagayan,Iguig,3.7303,ALL ECOSYSTEMS,2025
Cagayan,Lal-Lo,3.68795,ALL ECOSYSTEMS,2025
Cagayan,Lasam,3.79168,ALL ECOSYSTEMS,2025
Cagayan,Pamplona,3.61412,ALL ECOSYSTEMS,2025
Cagayan,Penablanca,3.6398,ALL ECOSYSTEMS,2025
Cagayan,Piat,3.84107,ALL ECOSYSTEMS,2025
Cagayan,Rizal,4.29246,ALL ECOSYSTEMS,2025
Cagayan,Sanchez-Mira,3.00928,ALL ECOSYSTEMS,2025
Cagayan,Santa Ana,3.33504,ALL ECOSYSTEMS,2025
Cagayan,Santa Praxedes,3.15771,ALL ECOSYSTEMS,2025
Cagayan,Santa Teresita,3.59035,ALL ECOSYSTEMS,2025
Cagayan,Santo Nino,3.68667,ALL ECOSYSTEMS,2025
Cagayan,Solana,3.96582,ALL ECOSYSTEMS,2025
Cagayan,Tuao,4.0373,ALL ECOSYSTEMS,2025
Cagayan,Tuguegarao City,3.50283,ALL ECOSYSTEMS,2025
Isabela,Alicia,4.292,ALL ECOSYSTEMS,2025
Isabela,Angadanan,3.80504,ALL ECOSYSTEMS,2025
Isabela,Aurora,4.158,ALL ECOSYSTEMS,2025
Isabela,Benito Soliven,3.83492,ALL ECOSYSTEMS,2025
Isabela,Burgos,4.53289,ALL ECOSYSTEMS,2025
Isabela,Cabagan,4.31216,ALL ECOSYSTEMS,2025
Isabela,Cabatuan,4.03033,ALL ECOSYSTEMS,2025
Isabela,City of Cauayan,4.05147,ALL ECOSYSTEMS,2025
Isabela,Cordon,5.18211,ALL ECOSYSTEMS,2025
Isabela,Dinapigue,3.42146,ALL ECOSYSTEMS,2025
Isabela,Divilacan,2.90729,ALL ECOSYSTEMS,2025
Isabela,Echague,3.79897,ALL ECOSYSTEMS,2025
Isabela,Gamu,4.27094,ALL ECOSYSTEMS,2025
Isabela,City of Ilagan,4.38009,ALL ECOSYSTEMS,2025
Isabela,Jones,3.81359,ALL ECOSYSTEMS,2025
Isabela,Luna,4.09075,ALL ECOSYSTEMS,2025
Isabela,Maconacon,2.75169,ALL ECOSYSTEMS,2025
Isabela,Delfin Albano,4.1375,ALL ECOSYSTEMS,2025
Isabela,Mallig,4.29971,ALL ECOSYSTEMS,2025
Isabela,Naguilian,3.71016,ALL ECOSYSTEMS,2025
Isabela,Palanan,2.8373,ALL ECOSYSTEMS,2025
Isabela,Quezon,3.99231,ALL ECOSYSTEMS,2025
Isabela,Quirino,4.4385,ALL ECOSYSTEMS,2025
Isabela,Ramon,4.42959,ALL ECOSYSTEMS,2025
Isabela,Reina Mercedes,3.95725,ALL ECOSYSTEMS,2025
Isabela,Roxas,4.55615,ALL ECOSYSTEMS,2025
Isabela,San Agustin,4.01061,ALL ECOSYSTEMS,2025
Isabela,San Guillermo,3.79246,ALL ECOSYSTEMS,2025
Isabela,San Isidro,4.22517,ALL ECOSYSTEMS,2025
Isabela,San Manuel,4.59554,ALL ECOSYSTEMS,2025
Isabela,San Mariano,3.52597,ALL ECOSYSTEMS,2025
Isabela,San Mateo,4.16204,ALL ECOSYSTEMS,2025
Isabela,San Pablo,4.52953,ALL ECOSYSTEMS,2025
Isabela,Santa Maria,4.23131,ALL ECOSYSTEMS,2025
Isabela,City of Santiago,4.10698,ALL ECOSYSTEMS,2025
Isabela,Santo Tomas,3.98661,ALL ECOSYSTEMS,2025
Isabela,Tumauini,4.14614,ALL ECOSYSTEMS,2025
Nueva Vizcaya,Ambaguio,4.38915,ALL ECOSYSTEMS,2025
Nueva Vizcaya,Aritao,4.73028,ALL ECOSYSTEMS,2025
Nueva Vizcaya,Bagabag,4.2592,ALL ECOSYSTEMS,2025
Nueva Vizcaya,Bambang,4.8244,ALL ECOSYSTEMS,2025
Nueva Vizcaya,Bayombong,4.24258,ALL ECOSYSTEMS,2025
Nueva Vizcaya,Diadi,4.33816,ALL ECOSYSTEMS,2025
Nueva Vizcaya,Dupax del Norte,5.01858,ALL ECOSYSTEMS,2025
Nueva Vizcaya,Dupax del Sur,4.90846,ALL ECOSYSTEMS,2025
Nueva Vizcaya,Kasibu,4.49746,ALL ECOSYSTEMS,2025
Nueva Vizcaya,Kayapa,4.40628,ALL ECOSYSTEMS,2025
Nueva Vizcaya,Quezon,4.59921,ALL ECOSYSTEMS,2025
Nueva Vizcaya,Santa Fe,4.16982,ALL ECOSYSTEMS,2025
Nueva Vizcaya,Solano,3.93222,ALL ECOSYSTEMS,2025
Nueva Vizcaya,Villaverde,4.28485,ALL ECOSYSTEMS,2025
Nueva Vizcaya,Alfonso Castaneda,3.88485,ALL ECOSYSTEMS,2025
Quirino,Aglipay,4.19882,ALL ECOSYSTEMS,2025
Quirino,Cabarroguis,4.05431,ALL ECOSYSTEMS,2025
Quirino,Diffun,4.50001,ALL ECOSYSTEMS,2025
Quirino,Maddela,4.30985,ALL ECOSYSTEMS,2025
Quirino,Saguday,4.07768,ALL ECOSYSTEMS,2025
Quirino,Nagtipunan,4.50989,ALL ECOSYSTEMS,2025
Bataan,Abucay,3.51036,ALL ECOSYSTEMS,2025
Bataan,Bagac,3.09075,ALL ECOSYSTEMS,2025
Bataan,City of Balanga,3.40819,ALL ECOSYSTEMS,2025
Bataan,Dinalupihan,3.3621,ALL ECOSYSTEMS,2025
Bataan,Hermosa,3.49813,ALL ECOSYSTEMS,2025
Bataan,Limay,3.30968,ALL ECOSYSTEMS,2025
Bataan,Mariveles,2.9605,ALL ECOSYSTEMS,2025
Bataan,Morong,3.13164,ALL ECOSYSTEMS,2025
Bataan,Orani,3.4495,ALL ECOSYSTEMS,2025
Bataan,Orion,3.83177,ALL ECOSYSTEMS,2025
Bataan,Pilar,3.75962,ALL ECOSYSTEMS,2025
Bataan,Samal,3.61467,ALL ECOSYSTEMS,2025
Bulacan,Angat,4.42888,ALL ECOSYSTEMS,2025
Bulacan,Balagtas,4.49967,ALL ECOSYSTEMS,2025
Bulacan,Baliuag,4.47424,ALL ECOSYSTEMS,2025
Bulacan,Bocaue,4.40554,ALL ECOSYSTEMS,2025
Bulacan,Bulacan,4.25957,ALL ECOSYSTEMS,2025
Bulacan,Bustos,4.47249,ALL ECOSYSTEMS,2025
Bulacan,Calumpit,4.36954,ALL ECOSYSTEMS,2025
Bulacan,Guiguinto,4.41982,ALL ECOSYSTEMS,2025
Bulacan,Hagonoy,4.39397,ALL ECOSYSTEMS,2025
Bulacan,City of Malolos,4.26068,ALL ECOSYSTEMS,2025
Bulacan,City of Meycauayan,4.59846,ALL ECOSYSTEMS,2025
Bulacan,Norzagaray,4.56269,ALL ECOSYSTEMS,2025
Bulacan,Pandi,4.48131,ALL ECOSYSTEMS,2025
Bulacan,Paombong,4.29021,ALL ECOSYSTEMS,2025
Bulacan,Plaridel,4.44505,ALL ECOSYSTEMS,2025
Bulacan,Pulilan,4.50999,ALL ECOSYSTEMS,2025
Bulacan,San Ildefonso,4.50223,ALL ECOSYSTEMS,2025
Bulacan,City of San Jose Del Monte,4.50374,ALL ECOSYSTEMS,2025
Bulacan,San Miguel,4.53248,ALL ECOSYSTEMS,2025
Bulacan,San Rafael,4.46873,ALL ECOSYSTEMS,2025
Bulacan,Santa Maria,4.48865,ALL ECOSYSTEMS,2025
Bulacan,Dona Remedios Trinidad,4.41858,ALL ECOSYSTEMS,2025
Nueva Ecija,Aliaga,5.30799,ALL ECOSYSTEMS,2025
Nueva Ecija,Bongabon,6.30934,ALL ECOSYSTEMS,2025
Nueva Ecija,City of Cabanatuan,5.3745,ALL ECOSYSTEMS,2025
Nueva Ecija,Cabiao,5.00884,ALL ECOSYSTEMS,2025
Nueva Ecija,Carranglan,6.53804,ALL ECOSYSTEMS,2025
Nueva Ecija,Cuyapo,5.10684,ALL ECOSYSTEMS,2025
Nueva Ecija,Gabaldon,5.15061,ALL ECOSYSTEMS,2025
Nueva Ecija,City of Gapan,5.065,ALL ECOSYSTEMS,2025
Nueva Ecija,Gen. M. Natividad,6.56535,ALL ECOSYSTEMS,2025
Nueva Ecija,General Tinio,5.36072,ALL ECOSYSTEMS,2025
Nueva Ecija,Guimba,5.29113,ALL ECOSYSTEMS,2025
Nueva Ecija,Jaen,4.99961,ALL ECOSYSTEMS,2025
Nueva Ecija,Laur,6.34679,ALL ECOSYSTEMS,2025
Nueva Ecija,Licab,5.25836,ALL ECOSYSTEMS,2025
Nueva Ecija,Llanera,6.11228,ALL ECOSYSTEMS,2025
Nueva Ecija,Lupao,5.15682,ALL ECOSYSTEMS,2025
Nueva Ecija,Science City of Munoz,5.2683,ALL ECOSYSTEMS,2025
Nueva Ecija,Nampicuan,5.22027,ALL ECOSYSTEMS,2025
Nueva Ecija,City of Palayan,6.19131,ALL ECOSYSTEMS,2025
Nueva Ecija,Pantabangan,6.36725,ALL ECOSYSTEMS,2025
Nueva Ecija,Penaranda,5.27182,ALL ECOSYSTEMS,2025
Nueva Ecija,Quezon,5.30864,ALL ECOSYSTEMS,2025
Nueva Ecija,Rizal,6.71223,ALL ECOSYSTEMS,2025
Nueva Ecija,San Antonio,4.97122,ALL ECOSYSTEMS,2025
Nueva Ecija,San Isidro,5.02485,ALL ECOSYSTEMS,2025
Nueva Ecija,San Jose City,5.5766,ALL ECOSYSTEMS,2025
Nueva Ecija,San Leonardo,5.02457,ALL ECOSYSTEMS,2025
Nueva Ecija,Santa Rosa,5.08771,ALL ECOSYSTEMS,2025
Nueva Ecija,Santo Domingo,5.33425,ALL ECOSYSTEMS,2025
Nueva Ecija,Talavera,5.38951,ALL ECOSYSTEMS,2025
Nueva Ecija,Talugtug,5.23319,ALL ECOSYSTEMS,2025
Nueva Ecija,Zaragoza,5.05403,ALL ECOSYSTEMS,2025
Pampanga,Apalit,4.51922,ALL ECOSYSTEMS,2025
Pampanga,Arayat,4.45214,ALL ECOSYSTEMS,2025
Pampanga,Bacolor,4.39124,ALL ECOSYSTEMS,2025
Pampanga,Candaba,4.52453,ALL ECOSYSTEMS,2025
Pampanga,Floridablanca,4.31575,ALL ECOSYSTEMS,2025
Pampanga,Guagua,4.43565,ALL ECOSYSTEMS,2025
Pampanga,Lubao,4.48291,ALL ECOSYSTEMS,2025
Pampanga,Mabalacat City,4.44089,ALL ECOSYSTEMS,2025
Pampanga,Macabebe,4.49308,ALL ECOSYSTEMS,2025
Pampanga,Magalang,4.47633,ALL ECOSYSTEMS,2025
Pampanga,Masantol,4.46437,ALL ECOSYSTEMS,2025
Pampanga,Mexico,4.46077,ALL ECOSYSTEMS,2025
Pampanga,Porac,4.4677,ALL ECOSYSTEMS,2025
Pampanga,City of San Fernando,4.40218,ALL ECOSYSTEMS,2025
Pampanga,San Luis,4.51231,ALL ECOSYSTEMS,2025
Pampanga,San Simon,4.49572,ALL ECOSYSTEMS,2025
Pampanga,Santa Ana,4.37596,ALL ECOSYSTEMS,2025
Pampanga,Santa Rita,4.47417,ALL ECOSYSTEMS,2025
Pampanga,Santo Tomas,4.50594,ALL ECOSYSTEMS,2025
Pampanga,Sasmuan,4.6692,ALL ECOSYSTEMS,2025
Tarlac,Anao,4.55077,ALL ECOSYSTEMS,2025
Tarlac,Bamban,4.44454,ALL ECOSYSTEMS,2025
Tarlac,Camiling,4.1601,ALL ECOSYSTEMS,2025
Tarlac,Capas,4.43209,ALL ECOSYSTEMS,2025
Tarlac,Concepcion,4.4212,ALL ECOSYSTEMS,2025
Tarlac,Gerona,4.51736,ALL ECOSYSTEMS,2025
Tarlac,La Paz,4.47073,ALL ECOSYSTEMS,2025
Tarlac,Mayantoc,4.17738,ALL ECOSYSTEMS,2025
Tarlac,Moncada,4.38512,ALL ECOSYSTEMS,2025
Tarlac,Paniqui,4.4377,ALL ECOSYSTEMS,2025
Tarlac,Pura,4.47605,ALL ECOSYSTEMS,2025
Tarlac,Ramos,4.52015,ALL ECOSYSTEMS,2025
Tarlac,San Clemente,4.14101,ALL ECOSYSTEMS,2025
Tarlac,San Manuel,4.56624,ALL ECOSYSTEMS,2025
Tarlac,Santa Ignacia,4.13269,ALL ECOSYSTEMS,2025
Tarlac,City of Tarlac,4.46344,ALL ECOSYSTEMS,2025
Tarlac,Victoria,4.58699,ALL ECOSYSTEMS,2025
Tarlac,San Jose,4.49261,ALL ECOSYSTEMS,2025
Zambales,Botolan,4.73691,ALL ECOSYSTEMS,2025
Zambales,Cabangan,4.71916,ALL ECOSYSTEMS,2025
Zambales,Candelaria,4.42985,ALL ECOSYSTEMS,2025
Zambales,Castillejos,4.03175,ALL ECOSYSTEMS,2025
Zambales,Iba,4.83892,ALL ECOSYSTEMS,2025
Zambales,Masinloc,4.50303,ALL ECOSYSTEMS,2025
Zambales,Palauig,4.88945,ALL ECOSYSTEMS,2025
Zambales,San Antonio,4.03579,ALL ECOSYSTEMS,2025
Zambales,San Felipe,4.74774,ALL ECOSYSTEMS,2025
Zambales,San Marcelino,4.03273,ALL ECOSYSTEMS,2025
Zambales,San Narciso,4.43226,ALL ECOSYSTEMS,2025
Zambales,Santa Cruz,4.44643,ALL ECOSYSTEMS,2025
Zambales,Subic,4.00122,ALL ECOSYSTEMS,2025
Aurora,Baler,3.10859,ALL ECOSYSTEMS,2025
Aurora,Casiguran,3.30213,ALL ECOSYSTEMS,2025
Aurora,Dilasag,3.10731,ALL ECOSYSTEMS,2025
Aurora,Dinalungan,3.58468,ALL ECOSYSTEMS,2025
Aurora,Dingalan,3.42653,ALL ECOSYSTEMS,2025
Aurora,Dipaculao,3.18876,ALL ECOSYSTEMS,2025
Aurora,Maria Aurora,4.1168,ALL ECOSYSTEMS,2025
Aurora,San Luis,3.02841,ALL ECOSYSTEMS,2025
Zambales,City of Olongapo,3.83689,ALL ECOSYSTEMS,2025
Batangas,Balayan,2.8935,ALL ECOSYSTEMS,2025
Batangas,Batangas City,3.01206,ALL ECOSYSTEMS,2025
Batangas,Bauan,3.02455,ALL ECOSYSTEMS,2025
Batangas,Calaca,2.55046,ALL ECOSYSTEMS,2025
Batangas,Calatagan,2.948,ALL ECOSYSTEMS,2025
Batangas,Ibaan,3.2586,ALL ECOSYSTEMS,2025
Batangas,Laurel,2.56298,ALL ECOSYSTEMS,2025
Batangas,Lemery,3.28926,ALL ECOSYSTEMS,2025
Batangas,Lian,3.1164,ALL ECOSYSTEMS,2025
Batangas,Lobo,3.06805,ALL ECOSYSTEMS,2025
Batangas,Nasugbu,2.77627,ALL ECOSYSTEMS,2025
Batangas,Padre Garcia,3.3157,ALL ECOSYSTEMS,2025
Batangas,Rosario,3.34088,ALL ECOSYSTEMS,2025
Batangas,San Juan,3.33067,ALL ECOSYSTEMS,2025
Batangas,San Pascual,4.07731,ALL ECOSYSTEMS,2025
Batangas,Taysan,3.3098,ALL ECOSYSTEMS,2025
Cavite,City of Bacoor,3.7309,ALL ECOSYSTEMS,2025
Cavite,City of Cavite,2.87246,ALL ECOSYSTEMS,2025
Cavite,City of Dasmarinas,3.40074,ALL ECOSYSTEMS,2025
Cavite,City of General Trias,3.5148,ALL ECOSYSTEMS,2025
Cavite,City of Imus,3.62524,ALL ECOSYSTEMS,2025
Cavite,Maragondon,3.66694,ALL ECOSYSTEMS,2025
Cavite,Naic,3.5514,ALL ECOSYSTEMS,2025
Cavite,Rosario,3.46846,ALL ECOSYSTEMS,2025
Cavite,Tanza,3.60407,ALL ECOSYSTEMS,2025
Cavite,Ternate,3.64492,ALL ECOSYSTEMS,2025
Laguna,Alaminos,3.63895,ALL ECOSYSTEMS,2025
Laguna,Bay,3.91901,ALL ECOSYSTEMS,2025
Laguna,City of Binan,3.88066,ALL ECOSYSTEMS,2025
Laguna,City of Cabuyao,3.82416,ALL ECOSYSTEMS,2025
Laguna,City of Calamba,3.82067,ALL ECOSYSTEMS,2025
Laguna,Calauan,3.86538,ALL ECOSYSTEMS,2025
Laguna,Cavinti,3.38834,ALL ECOSYSTEMS,2025
Laguna,Famy,3.95376,ALL ECOSYSTEMS,2025
Laguna,Kalayaan,3.28499,ALL ECOSYSTEMS,2025
Laguna,Liliw,3.89298,ALL ECOSYSTEMS,2025
Laguna,Los Banos,3.67264,ALL ECOSYSTEMS,2025
Laguna,Luisiana,3.21777,ALL ECOSYSTEMS,2025
Laguna,Lumban,3.95641,ALL ECOSYSTEMS,2025
Laguna,Mabitac,3.91815,ALL ECOSYSTEMS,2025
Laguna,Magdalena,3.84366,ALL ECOSYSTEMS,2025
Laguna,Majayjay,3.57955,ALL ECOSYSTEMS,2025
Laguna,Nagcarlan,3.87086,ALL ECOSYSTEMS,2025
Laguna,Paete,3.40083,ALL ECOSYSTEMS,2025
Laguna,Pagsanjan,3.90434,ALL ECOSYSTEMS,2025
Laguna,Pakil,3.64456,ALL ECOSYSTEMS,2025
Laguna,Pangil,3.88248,ALL ECOSYSTEMS,2025
Laguna,Pila,3.96492,ALL ECOSYSTEMS,2025
Laguna,Rizal,3.43065,ALL ECOSYSTEMS,2025
Laguna,City of San Pablo,4.01528,ALL ECOSYSTEMS,2025
Laguna,Santa Cruz,3.9001,ALL ECOSYSTEMS,2025
Laguna,Santa Maria,3.99055,ALL ECOSYSTEMS,2025
Laguna,City of Santa Rosa,3.72801,ALL ECOSYSTEMS,2025
Laguna,Siniloan,3.99278,ALL ECOSYSTEMS,2025
Laguna,Victoria,3.97158,ALL ECOSYSTEMS,2025
Quezon,Agdangan,3.59877,ALL ECOSYSTEMS,2025
Quezon,Alabat,3.22775,ALL ECOSYSTEMS,2025
Quezon,Atimonan,3.51573,ALL ECOSYSTEMS,2025
Quezon,Buenavista,3.54236,ALL ECOSYSTEMS,2025
Quezon,Burdeos,3.07532,ALL ECOSYSTEMS,2025
Quezon,Calauag,3.16964,ALL ECOSYSTEMS,2025
Quezon,Candelaria,4.13225,ALL ECOSYSTEMS,2025
Quezon,Catanauan,3.68473,ALL ECOSYSTEMS,2025
Quezon,General Luna,3.66713,ALL ECOSYSTEMS,2025
Quezon,General Nakar,3.31365,ALL ECOSYSTEMS,2025
Quezon,Guinayangan,3.11232,ALL ECOSYSTEMS,2025
Quezon,Gumaca,3.72717,ALL ECOSYSTEMS,2025
Quezon,Infanta,3.28723,ALL ECOSYSTEMS,2025
Quezon,Jomalig,2.60122,ALL ECOSYSTEMS,2025
Quezon,Lopez,3.73848,ALL ECOSYSTEMS,2025
Quezon,Lucban,3.05631,ALL ECOSYSTEMS,2025
Quezon,Macalelon,3.81756,ALL ECOSYSTEMS,2025
Quezon,Mauban,3.29122,ALL ECOSYSTEMS,2025
Quezon,Mulanay,3.46143,ALL ECOSYSTEMS,2025
Quezon,Padre Burgos,3.66522,ALL ECOSYSTEMS,2025
Quezon,Pagbilao,3.63089,ALL ECOSYSTEMS,2025
Quezon,Panukulan,3.01641,ALL ECOSYSTEMS,2025
Quezon,Patnanungan,2.8808,ALL ECOSYSTEMS,2025
Quezon,Perez,3.21717,ALL ECOSYSTEMS,2025
Quezon,Pitogo,3.6172,ALL ECOSYSTEMS,2025
Quezon,Plaridel,3.78282,ALL ECOSYSTEMS,2025
Quezon,Polillo,3.13555,ALL ECOSYSTEMS,2025
Quezon,Quezon,3.11085,ALL ECOSYSTEMS,2025
Quezon,Real,3.10138,ALL ECOSYSTEMS,2025
Quezon,Sampaloc,3.33938,ALL ECOSYSTEMS,2025
Quezon,San Andres,3.5262,ALL ECOSYSTEMS,2025
Quezon,San Antonio,4.12932,ALL ECOSYSTEMS,2025
Quezon,San Francisco,3.50326,ALL ECOSYSTEMS,2025
Quezon,San Narciso,3.51114,ALL ECOSYSTEMS,2025
Quezon,Sariaya,3.8451,ALL ECOSYSTEMS,2025
Quezon,Tagkawayan,3.14089,ALL ECOSYSTEMS,2025
Quezon,City of Tayabas,3.11809,ALL ECOSYSTEMS,2025
Quezon,Tiaong,4.08212,ALL ECOSYSTEMS,2025
Quezon,Unisan,3.77687,ALL ECOSYSTEMS,2025
Rizal,City of Antipolo,3.89744,ALL ECOSYSTEMS,2025
Rizal,Baras,3.92118,ALL ECOSYSTEMS,2025
Rizal,Binangonan,3.87769,ALL ECOSYSTEMS,2025
Rizal,Cardona,3.73819,ALL ECOSYSTEMS,2025
Rizal,Jala-Jala,3.72124,ALL ECOSYSTEMS,2025
Rizal,Rodriguez,3.87411,ALL ECOSYSTEMS,2025
Rizal,Morong,3.93282,ALL ECOSYSTEMS,2025
Rizal,Pililla,3.69047,ALL ECOSYSTEMS,2025
Rizal,San Mateo,3.96521,ALL ECOSYSTEMS,2025
Rizal,Tanay,3.79236,ALL ECOSYSTEMS,2025
Rizal,Teresa,3.9265,ALL ECOSYSTEMS,2025
Quezon,City of Lucena,3.51407,ALL ECOSYSTEMS,2025
Albay,Bacacay,3.69217,ALL ECOSYSTEMS,2025
Albay,Camalig,3.638,ALL ECOSYSTEMS,2025
Albay,Daraga,3.58496,ALL ECOSYSTEMS,2025
Albay,Guinobatan,3.7484,ALL ECOSYSTEMS,2025
Albay,Jovellar,3.49918,ALL ECOSYSTEMS,2025
Albay,City of Legazpi,3.51223,ALL ECOSYSTEMS,2025
Albay,Libon,4.15409,ALL ECOSYSTEMS,2025
Albay,City of Ligao,4.01396,ALL ECOSYSTEMS,2025
Albay,Malilipot,3.71416,ALL ECOSYSTEMS,2025
Albay,Malinao,3.96105,ALL ECOSYSTEMS,2025
Albay,Manito,3.68117,ALL ECOSYSTEMS,2025
Albay,Oas,4.12603,ALL ECOSYSTEMS,2025
Albay,Pio Duran,3.59436,ALL ECOSYSTEMS,2025
Albay,Polangui,4.15714,ALL ECOSYSTEMS,2025
Albay,Rapu-Rapu,3.57026,ALL ECOSYSTEMS,2025
Albay,Santo Domingo,3.47491,ALL ECOSYSTEMS,2025
Albay,City of Tabaco,3.68525,ALL ECOSYSTEMS,2025
Albay,Tiwi,4.05552,ALL ECOSYSTEMS,2025
Camarines Norte,Basud,3.89302,ALL ECOSYSTEMS,2025
Camarines Norte,Capalonga,3.81383,ALL ECOSYSTEMS,2025
Camarines Norte,Daet,3.85603,ALL ECOSYSTEMS,2025
Camarines Norte,San Lorenzo Ruiz,4.36365,ALL ECOSYSTEMS,2025
Camarines Norte,Jose Panganiban,3.80698,ALL ECOSYSTEMS,2025
Camarines Norte,Labo,3.88845,ALL ECOSYSTEMS,2025
Camarines Norte,Mercedes,4.05893,ALL ECOSYSTEMS,2025
Camarines Norte,Paracale,3.84814,ALL ECOSYSTEMS,2025
Camarines Norte,San Vicente,3.73056,ALL ECOSYSTEMS,2025
Camarines Norte,Santa Elena,3.93791,ALL ECOSYSTEMS,2025
Camarines Norte,Talisay,3.91399,ALL ECOSYSTEMS,2025
Camarines Norte,Vinzons,3.87314,ALL ECOSYSTEMS,2025
Camarines Sur,Baao,3.60094,ALL ECOSYSTEMS,2025
Camarines Sur,Balatan,3.27561,ALL ECOSYSTEMS,2025
Camarines Sur,Bato,3.51269,ALL ECOSYSTEMS,2025
Camarines Sur,Bombon,3.44012,ALL ECOSYSTEMS,2025
Camarines Sur,Buhi,3.6326,ALL ECOSYSTEMS,2025
Camarines Sur,Bula,3.63203,ALL ECOSYSTEMS,2025
Camarines Sur,Cabusao,3.52991,ALL ECOSYSTEMS,2025
Camarines Sur,Calabanga,3.44364,ALL ECOSYSTEMS,2025
Camarines Sur,Camaligan,3.43899,ALL ECOSYSTEMS,2025
Camarines Sur,Canaman,3.43647,ALL ECOSYSTEMS,2025
Camarines Sur,Caramoan,3.19755,ALL ECOSYSTEMS,2025
Camarines Sur,Del Gallego,3.47073,ALL ECOSYSTEMS,2025
Camarines Sur,Gainza,3.51344,ALL ECOSYSTEMS,2025
Camarines Sur,Garchitorena,3.04012,ALL ECOSYSTEMS,2025
Camarines Sur,Goa,3.19027,ALL ECOSYSTEMS,2025
Camarines Sur,City of Iriga,3.5468,ALL ECOSYSTEMS,2025
Camarines Sur,Lagonoy,3.28391,ALL ECOSYSTEMS,2025
Camarines Sur,Libmanan,3.57609,ALL ECOSYSTEMS,2025
Camarines Sur,Lupi,3.53098,ALL ECOSYSTEMS,2025
Camarines Sur,Magarao,3.39275,ALL ECOSYSTEMS,2025
Camarines Sur,Milaor,3.49981,ALL ECOSYSTEMS,2025
Camarines Sur,Minalabac,3.64632,ALL ECOSYSTEMS,2025
Camarines Sur,Nabua,3.45105,ALL ECOSYSTEMS,2025
Camarines Sur,City of Naga,3.4515,ALL ECOSYSTEMS,2025
Camarines Sur,Ocampo,3.49498,ALL ECOSYSTEMS,2025
Camarines Sur,Pamplona,3.65777,ALL ECOSYSTEMS,2025
Camarines Sur,Pasacao,3.49315,ALL ECOSYSTEMS,2025
Camarines Sur,Pili,3.55492,ALL ECOSYSTEMS,2025
Camarines Sur,Presentacion,3.09564,ALL ECOSYSTEMS,2025
Camarines Sur,Ragay,3.64361,ALL ECOSYSTEMS,2025
Camarines Sur,Sagnay,3.36152,ALL ECOSYSTEMS,2025
Camarines Sur,San Fernando,3.64362,ALL ECOSYSTEMS,2025
Camarines Sur,San Jose,3.4134,ALL ECOSYSTEMS,2025
Camarines Sur,Sipocot,3.46836,ALL ECOSYSTEMS,2025
Camarines Sur,Siruma,3.11848,ALL ECOSYSTEMS,2025
Camarines Sur,Tigaon,3.32675,ALL ECOSYSTEMS,2025
Camarines Sur,Tinambac,3.20104,ALL ECOSYSTEMS,2025
Catanduanes,Bagamanoc,3.24041,ALL ECOSYSTEMS,2025
Catanduanes,Baras,3.23366,ALL ECOSYSTEMS,2025
Catanduanes,Bato,3.29884,ALL ECOSYSTEMS,2025
Catanduanes,Caramoran,2.99214,ALL ECOSYSTEMS,2025
Catanduanes,Gigmoto,3.23567,ALL ECOSYSTEMS,2025
Catanduanes,Pandan,3.0739,ALL ECOSYSTEMS,2025
Catanduanes,Panganiban,3.15466,ALL ECOSYSTEMS,2025
Catanduanes,San Andres,2.93774,ALL ECOSYSTEMS,2025
Catanduanes,San Miguel,3.16162,ALL ECOSYSTEMS,2025
Catanduanes,Viga,3.09934,ALL ECOSYSTEMS,2025
Catanduanes,Virac,3.04392,ALL ECOSYSTEMS,2025
Masbate,Aroroy,2.71823,ALL ECOSYSTEMS,2025
Masbate,Baleno,2.77733,ALL ECOSYSTEMS,2025
Masbate,Balud,2.77162,ALL ECOSYSTEMS,2025
Masbate,Batuan,2.82767,ALL ECOSYSTEMS,2025
Masbate,Cataingan,2.98754,ALL ECOSYSTEMS,2025
Masbate,Cawayan,2.82972,ALL ECOSYSTEMS,2025
Masbate,Claveria,2.71121,ALL ECOSYSTEMS,2025
Masbate,Dimasalang,2.91588,ALL ECOSYSTEMS,2025
Masbate,Esperanza,2.95772,ALL ECOSYSTEMS,2025
Masbate,Mandaon,2.69749,ALL ECOSYSTEMS,2025
Masbate,City of Masbate,2.98207,ALL ECOSYSTEMS,2025
Masbate,Milagros,2.94984,ALL ECOSYSTEMS,2025
Masbate,Mobo,2.89067,ALL ECOSYSTEMS,2025
Masbate,Monreal,3.27216,ALL ECOSYSTEMS,2025
Masbate,Palanas,2.83092,ALL ECOSYSTEMS,2025
Masbate,Pio V. Corpuz,2.92342,ALL ECOSYSTEMS,2025
Masbate,Placer,2.85667,ALL ECOSYSTEMS,2025
Masbate,San Fernando,2.859,ALL ECOSYSTEMS,2025
Masbate,San Jacinto,3.15968,ALL ECOSYSTEMS,2025
Masbate,San Pascual,2.77166,ALL ECOSYSTEMS,2025
Masbate,Uson,2.79997,ALL ECOSYSTEMS,2025
Sorsogon,Barcelona,3.56232,ALL ECOSYSTEMS,2025
Sorsogon,Bulan,4.32455,ALL ECOSYSTEMS,2025
Sorsogon,Bulusan,3.21407,ALL ECOSYSTEMS,2025
Sorsogon,Casiguran,3.35079,ALL ECOSYSTEMS,2025
Sorsogon,Castilla,4.09614,ALL ECOSYSTEMS,2025
Sorsogon,Donsol,4.04977,ALL ECOSYSTEMS,2025
Sorsogon,Gubat,3.29205,ALL ECOSYSTEMS,2025
Sorsogon,Irosin,4.0402,ALL ECOSYSTEMS,2025
Sorsogon,Juban,3.95554,ALL ECOSYSTEMS,2025
Sorsogon,Magallanes,3.96135,ALL ECOSYSTEMS,2025
Sorsogon,Matnog,3.52629,ALL ECOSYSTEMS,2025
Sorsogon,Pilar,3.68872,ALL ECOSYSTEMS,2025
Sorsogon,Prieto Diaz,3.44382,ALL ECOSYSTEMS,2025
Sorsogon,Santa Magdalena,3.53561,ALL ECOSYSTEMS,2025
Sorsogon,City of Sorsogon,3.55845,ALL ECOSYSTEMS,2025
Aklan,Altavas,2.52276,ALL ECOSYSTEMS,2025
Aklan,Balete,2.72168,ALL ECOSYSTEMS,2025
Aklan,Banga,2.60812,ALL ECOSYSTEMS,2025
Aklan,Batan,2.59179,ALL ECOSYSTEMS,2025
Aklan,Buruanga,3.30742,ALL ECOSYSTEMS,2025
Aklan,Ibajay,2.91091,ALL ECOSYSTEMS,2025
Aklan,Kalibo,2.93297,ALL ECOSYSTEMS,2025
Aklan,Lezo,2.95607,ALL ECOSYSTEMS,2025
Aklan,Libacao,3.192,ALL ECOSYSTEMS,2025
Aklan,Madalag,2.65688,ALL ECOSYSTEMS,2025
Aklan,Makato,2.81017,ALL ECOSYSTEMS,2025
Aklan,Malay,3.09835,ALL ECOSYSTEMS,2025
Aklan,Malinao,2.83268,ALL ECOSYSTEMS,2025
Aklan,Nabas,2.90166,ALL ECOSYSTEMS,2025
Aklan,New Washington,3.06565,ALL ECOSYSTEMS,2025
Aklan,Numancia,2.88037,ALL ECOSYSTEMS,2025
Aklan,Tangalan,2.88166,ALL ECOSYSTEMS,2025
Antique,Anini-Y,3.70502,ALL ECOSYSTEMS,2025
Antique,Barbaza,4.08384,ALL ECOSYSTEMS,2025
Antique,Belison,3.72611,ALL ECOSYSTEMS,2025
Antique,Bugasong,3.93181,ALL ECOSYSTEMS,2025
Antique,Caluya,3.382,ALL ECOSYSTEMS,2025
Antique,Culasi,3.99447,ALL ECOSYSTEMS,2025
Antique,Tobias Fornier,3.86242,ALL ECOSYSTEMS,2025
Antique,Hamtic,3.81856,ALL ECOSYSTEMS,2025
Antique,Laua-An,3.96999,ALL ECOSYSTEMS,2025
Antique,Libertad,3.63887,ALL ECOSYSTEMS,2025
Antique,Pandan,3.44015,ALL ECOSYSTEMS,2025
Antique,Patnongon,4.14154,ALL ECOSYSTEMS,2025
Antique,San Jose,3.75743,ALL ECOSYSTEMS,2025
Antique,San Remigio,4.38815,ALL ECOSYSTEMS,2025
Antique,Sebaste,3.49863,ALL ECOSYSTEMS,2025
Antique,Sibalom,4.19238,ALL ECOSYSTEMS,2025
Antique,Tibiao,3.97832,ALL ECOSYSTEMS,2025
Antique,Valderrama,3.98117,ALL ECOSYSTEMS,2025
Capiz,Cuartero,3.46964,ALL ECOSYSTEMS,2025
Capiz,Dao,3.61714,ALL ECOSYSTEMS,2025
Capiz,Dumalag,3.45335,ALL ECOSYSTEMS,2025
Capiz,Dumarao,3.22839,ALL ECOSYSTEMS,2025
Capiz,Ivisan,2.7659,ALL ECOSYSTEMS,2025
Capiz,Jamindan,3.20427,ALL ECOSYSTEMS,2025
Capiz,Ma-Ayon,3.25864,ALL ECOSYSTEMS,2025
Capiz,Mambusao,3.45656,ALL ECOSYSTEMS,2025
Capiz,Panay,3.36364,ALL ECOSYSTEMS,2025
Capiz,Panitan,3.44409,ALL ECOSYSTEMS,2025
Capiz,Pilar,3.10831,ALL ECOSYSTEMS,2025
Capiz,Pontevedra,3.42724,ALL ECOSYSTEMS,2025
Capiz,President Roxas,3.21002,ALL ECOSYSTEMS,2025
Capiz,City of Roxas,3.08459,ALL ECOSYSTEMS,2025
Capiz,Sapi-An,2.96302,ALL ECOSYSTEMS,2025
Capiz,Sigma,3.47448,ALL ECOSYSTEMS,2025
Capiz,Tapaz,3.06167,ALL ECOSYSTEMS,2025
Iloilo,Ajuy,3.45199,ALL ECOSYSTEMS,2025
Iloilo,Alimodian,3.64494,ALL ECOSYSTEMS,2025
Iloilo,Anilao,4.00437,ALL ECOSYSTEMS,2025
Iloilo,Badiangan,3.76841,ALL ECOSYSTEMS,2025
Iloilo,Balasan,3.19884,ALL ECOSYSTEMS,2025
Iloilo,Banate,3.47147,ALL ECOSYSTEMS,2025
Iloilo,Barotac Nuevo,3.96483,ALL ECOSYSTEMS,2025
Iloilo,Barotac Viejo,3.54185,ALL ECOSYSTEMS,2025
Iloilo,Batad,3.19346,ALL ECOSYSTEMS,2025
Iloilo,Bingawan,3.02525,ALL ECOSYSTEMS,2025
Iloilo,Cabatuan,3.73135,ALL ECOSYSTEMS,2025
Iloilo,Calinog,3.03697,ALL ECOSYSTEMS,2025
Iloilo,Carles,2.85142,ALL ECOSYSTEMS,2025
Iloilo,Concepcion,3.29675,ALL ECOSYSTEMS,2025
Iloilo,Dingle,3.98411,ALL ECOSYSTEMS,2025
Iloilo,Duenas,3.33187,ALL ECOSYSTEMS,2025
Iloilo,Dumangas,4.07105,ALL ECOSYSTEMS,2025
Iloilo,Estancia,2.99145,ALL ECOSYSTEMS,2025
Iloilo,Guimbal,3.57244,ALL ECOSYSTEMS,2025
Iloilo,Igbaras,3.52703,ALL ECOSYSTEMS,2025
Iloilo,Janiuay,3.5653,ALL ECOSYSTEMS,2025
Iloilo,Lambunao,3.0662,ALL ECOSYSTEMS,2025
Iloilo,Leganes,4.00006,ALL ECOSYSTEMS,2025
Iloilo,Lemery,3.22073,ALL ECOSYSTEMS,2025
Iloilo,Leon,3.44142,ALL ECOSYSTEMS,2025
Iloilo,Maasin,3.41925,ALL ECOSYSTEMS,2025
Iloilo,Miagao,3.40379,ALL ECOSYSTEMS,2025
Iloilo,Mina,4.08647,ALL ECOSYSTEMS,2025
Iloilo,New Lucena,3.8974,ALL ECOSYSTEMS,2025
Iloilo,Oton,3.72101,ALL ECOSYSTEMS,2025
Iloilo,City of Passi,3.04032,ALL ECOSYSTEMS,2025
Iloilo,Pavia,4.16259,ALL ECOSYSTEMS,2025
Iloilo,Pototan,4.27611,ALL ECOSYSTEMS,2025
Iloilo,San Dionisio,3.29046,ALL ECOSYSTEMS,2025
Iloilo,San Enrique,3.30237,ALL ECOSYSTEMS,2025
Iloilo,San Joaquin,3.35377,ALL ECOSYSTEMS,2025
Iloilo,San Miguel,3.72853,ALL ECOSYSTEMS,2025
Iloilo,San Rafael,3.3603,ALL ECOSYSTEMS,2025
Iloilo,Santa Barbara,3.69067,ALL ECOSYSTEMS,2025
Iloilo,Sara,3.4645,ALL ECOSYSTEMS,2025
Iloilo,Tigbauan,3.69568,ALL ECOSYSTEMS,2025
Iloilo,Tubungan,3.58215,ALL ECOSYSTEMS,2025
Iloilo,Zarraga,4.08303,ALL ECOSYSTEMS,2025
Guimaras,Buenavista,2.78739,ALL ECOSYSTEMS,2025
Guimaras,Jordan,2.68532,ALL ECOSYSTEMS,2025
Guimaras,Nueva Valencia,2.44349,ALL ECOSYSTEMS,2025
Guimaras,San Lorenzo,2.65774,ALL ECOSYSTEMS,2025
Guimaras,Sibunag,2.56972,ALL ECOSYSTEMS,2025
Iloilo,City of Iloilo,3.85114,ALL ECOSYSTEMS,2025
Bohol,Alburquerque,3.21075,ALL ECOSYSTEMS,2025
Bohol,Alicia,3.70288,ALL ECOSYSTEMS,2025
Bohol,Anda,3.06292,ALL ECOSYSTEMS,2025
Bohol,Antequera,3.3514,ALL ECOSYSTEMS,2025
Bohol,Baclayon,3.03263,ALL ECOSYSTEMS,2025
Bohol,Balilihan,3.43841,ALL ECOSYSTEMS,2025
Bohol,Batuan,3.69366,ALL ECOSYSTEMS,2025
Bohol,Bilar,3.84895,ALL ECOSYSTEMS,2025
Bohol,Buenavista,2.99488,ALL ECOSYSTEMS,2025
Bohol,Calape,3.47248,ALL ECOSYSTEMS,2025
Bohol,Candijay,3.67902,ALL ECOSYSTEMS,2025
Bohol,Carmen,3.61731,ALL ECOSYSTEMS,2025
Bohol,Catigbian,3.61395,ALL ECOSYSTEMS,2025
Bohol,Clarin,3.67097,ALL ECOSYSTEMS,2025
Bohol,Corella,3.14465,ALL ECOSYSTEMS,2025
Bohol,Cortes,3.88886,ALL ECOSYSTEMS,2025
Bohol,Dagohoy,3.6442,ALL ECOSYSTEMS,2025
Bohol,Danao,3.72393,ALL ECOSYSTEMS,2025
Bohol,Dimiao,3.68924,ALL ECOSYSTEMS,2025
Bohol,Duero,3.8196,ALL ECOSYSTEMS,2025
Bohol,Garcia Hernandez,3.74697,ALL ECOSYSTEMS,2025
Bohol,Guindulman,3.67728,ALL ECOSYSTEMS,2025
Bohol,Inabanga,3.2015,ALL ECOSYSTEMS,2025
Bohol,Jagna,3.74389,ALL ECOSYSTEMS,2025
Bohol,Getafe,2.95626,ALL ECOSYSTEMS,2025
Bohol,Lila,3.67826,ALL ECOSYSTEMS,2025
Bohol,Loay,3.5901,ALL ECOSYSTEMS,2025
Bohol,Loboc,3.65303,ALL ECOSYSTEMS,2025
Bohol,Loon,3.21958,ALL ECOSYSTEMS,2025
Bohol,Mabini,3.37111,ALL ECOSYSTEMS,2025
Bohol,Maribojoc,3.80687,ALL ECOSYSTEMS,2025
Bohol,Pilar,3.67237,ALL ECOSYSTEMS,2025
Bohol,President Carlos P. Garcia,3.59506,ALL ECOSYSTEMS,2025
Bohol,Sagbayan,3.63735,ALL ECOSYSTEMS,2025
Bohol,San Isidro,3.37025,ALL ECOSYSTEMS,2025
Bohol,San Miguel,3.53496,ALL ECOSYSTEMS,2025
Bohol,Sevilla,3.62337,ALL ECOSYSTEMS,2025
Bohol,Sierra Bullones,3.62782,ALL ECOSYSTEMS,2025
Bohol,Sikatuna,3.22402,ALL ECOSYSTEMS,2025
Bohol,Talibon,3.2154,ALL ECOSYSTEMS,2025
Bohol,Trinidad,3.01323,ALL ECOSYSTEMS,2025
Bohol,Tubigon,3.57825,ALL ECOSYSTEMS,2025
Bohol,Ubay,3.4184,ALL ECOSYSTEMS,2025
Bohol,Valencia,3.78029,ALL ECOSYSTEMS,2025
Bohol,Bien Unido,2.99947,ALL ECOSYSTEMS,2025
Cebu,Alcantara,3.67902,ALL ECOSYSTEMS,2025
Cebu,Argao,3.21786,ALL ECOSYSTEMS,2025
Cebu,Asturias,2.93793,ALL ECOSYSTEMS,2025
Cebu,Balamban,3.16215,ALL ECOSYSTEMS,2025
Cebu,Barili,3.27516,ALL ECOSYSTEMS,2025
Cebu,Boljoon,3.73764,ALL ECOSYSTEMS,2025
Cebu,City of Carcar,3.2259,ALL ECOSYSTEMS,2025
Cebu,Dalaguete,3.58592,ALL ECOSYSTEMS,2025
Cebu,Dumanjug,3.61758,ALL ECOSYSTEMS,2025
Cebu,Moalboal,3.67477,ALL ECOSYSTEMS,2025
Cebu,City of Naga,3.15546,ALL ECOSYSTEMS,2025
Cebu,Pinamungajan,3.17632,ALL ECOSYSTEMS,2025
Cebu,Ronda,3.71112,ALL ECOSYSTEMS,2025
Cebu,Sibonga,3.22962,ALL ECOSYSTEMS,2025
Cebu,City of Toledo,3.20704,ALL ECOSYSTEMS,2025
Cebu,Tuburan,3.01856,ALL ECOSYSTEMS,2025
Eastern Samar,Arteche,3.63618,ALL ECOSYSTEMS,2025
Eastern Samar,Balangiga,3.82372,ALL ECOSYSTEMS,2025
Eastern Samar,Balangkayan,3.78818,ALL ECOSYSTEMS,2025
Eastern Samar,City of Borongan,4.03147,ALL ECOSYSTEMS,2025
Eastern Samar,Can-Avid,3.86493,ALL ECOSYSTEMS,2025
Eastern Samar,Dolores,3.62039,ALL ECOSYSTEMS,2025
Eastern Samar,General Macarthur,3.48587,ALL ECOSYSTEMS,2025
Eastern Samar,Giporlos,3.78398,ALL ECOSYSTEMS,2025
Eastern Samar,Hernani,3.54909,ALL ECOSYSTEMS,2025
Eastern Samar,Jipapad,3.73669,ALL ECOSYSTEMS,2025
Eastern Samar,Lawaan,3.80525,ALL ECOSYSTEMS,2025
Eastern Samar,Llorente,3.59559,ALL ECOSYSTEMS,2025
Eastern Samar,Maslog,3.66964,ALL ECOSYSTEMS,2025
Eastern Samar,Maydolong,3.65867,ALL ECOSYSTEMS,2025
Eastern Samar,Oras,3.64954,ALL ECOSYSTEMS,2025
Eastern Samar,Quinapondan,3.48799,ALL ECOSYSTEMS,2025
Eastern Samar,Salcedo,3.65497,ALL ECOSYSTEMS,2025
Eastern Samar,San Julian,4.00048,ALL ECOSYSTEMS,2025
Eastern Samar,San Policarpo,3.5896,ALL ECOSYSTEMS,2025
Eastern Samar,Sulat,4.02125,ALL ECOSYSTEMS,2025
Eastern Samar,Taft,3.99332,ALL ECOSYSTEMS,2025
Leyte,Abuyog,4.29335,ALL ECOSYSTEMS,2025
Leyte,Alangalang,4.08857,ALL ECOSYSTEMS,2025
Leyte,Albuera,4.18113,ALL ECOSYSTEMS,2025
Leyte,Babatngon,4.10427,ALL ECOSYSTEMS,2025
Leyte,Barugo,4.09548,ALL ECOSYSTEMS,2025
Leyte,Bato,4.22736,ALL ECOSYSTEMS,2025
Leyte,City of Baybay,4.16625,ALL ECOSYSTEMS,2025
Leyte,Burauen,4.15029,ALL ECOSYSTEMS,2025
Leyte,Calubian,4.03076,ALL ECOSYSTEMS,2025
Leyte,Capoocan,4.15361,ALL ECOSYSTEMS,2025
Leyte,Carigara,4.10859,ALL ECOSYSTEMS,2025
Leyte,Dagami,4.08469,ALL ECOSYSTEMS,2025
Leyte,Dulag,4.18006,ALL ECOSYSTEMS,2025
Leyte,Hilongos,4.19878,ALL ECOSYSTEMS,2025
Leyte,Hindang,4.14221,ALL ECOSYSTEMS,2025
Leyte,Inopacan,4.24271,ALL ECOSYSTEMS,2025
Leyte,Isabel,3.82517,ALL ECOSYSTEMS,2025
Leyte,Jaro,4.11283,ALL ECOSYSTEMS,2025
Leyte,Javier,4.22642,ALL ECOSYSTEMS,2025
Leyte,Julita,4.14884,ALL ECOSYSTEMS,2025
Leyte,Kananga,4.23202,ALL ECOSYSTEMS,2025
Leyte,La Paz,4.2327,ALL ECOSYSTEMS,2025
Leyte,Leyte,4.07836,ALL ECOSYSTEMS,2025
Leyte,Macarthur,4.25874,ALL ECOSYSTEMS,2025
Leyte,Mahaplag,4.17574,ALL ECOSYSTEMS,2025
Leyte,Matag-Ob,4.1175,ALL ECOSYSTEMS,2025
Leyte,Matalom,4.19017,ALL ECOSYSTEMS,2025
Leyte,Mayorga,4.24203,ALL ECOSYSTEMS,2025
Leyte,Merida,4.2719,ALL ECOSYSTEMS,2025
Leyte,Ormoc City,4.17814,ALL ECOSYSTEMS,2025
Leyte,Palo,4.08565,ALL ECOSYSTEMS,2025
Leyte,Palompon,3.90326,ALL ECOSYSTEMS,2025
Leyte,Pastrana,4.08622,ALL ECOSYSTEMS,2025
Leyte,San Isidro,3.89319,ALL ECOSYSTEMS,2025
Leyte,San Miguel,4.14291,ALL ECOSYSTEMS,2025
Leyte,Santa Fe,4.07883,ALL ECOSYSTEMS,2025
Leyte,Tabango,3.81566,ALL ECOSYSTEMS,2025
Leyte,Tabontabon,4.08812,ALL ECOSYSTEMS,2025
Leyte,Tanauan,4.07339,ALL ECOSYSTEMS,2025
Leyte,Tolosa,4.12634,ALL ECOSYSTEMS,2025
Leyte,Tunga,4.12994,ALL ECOSYSTEMS,2025
Leyte,Villaba,3.95416,ALL ECOSYSTEMS,2025
Northern Samar,Allen,3.33325,ALL ECOSYSTEMS,2025
Northern Samar,Biri,3.33214,ALL ECOSYSTEMS,2025
Northern Samar,Bobon,3.47437,ALL ECOSYSTEMS,2025
Northern Samar,Capul,3.56615,ALL ECOSYSTEMS,2025
Northern Samar,Catarman,3.55454,ALL ECOSYSTEMS,2025
Northern Samar,Catubig,3.56051,ALL ECOSYSTEMS,2025
Northern Samar,Gamay,3.478,ALL ECOSYSTEMS,2025
Northern Samar,Laoang,3.51138,ALL ECOSYSTEMS,2025
Northern Samar,Lapinig,3.68057,ALL ECOSYSTEMS,2025
Northern Samar,Las Navas,3.62055,ALL ECOSYSTEMS,2025
Northern Samar,Lavezares,3.30897,ALL ECOSYSTEMS,2025
Northern Samar,Mapanas,3.65702,ALL ECOSYSTEMS,2025
Northern Samar,Mondragon,3.43106,ALL ECOSYSTEMS,2025
Northern Samar,Palapag,3.31765,ALL ECOSYSTEMS,2025
Northern Samar,Pambujan,3.47554,ALL ECOSYSTEMS,2025
Northern Samar,Rosario,3.32046,ALL ECOSYSTEMS,2025
Northern Samar,San Antonio,3.41565,ALL ECOSYSTEMS,2025
Northern Samar,San Isidro,3.69467,ALL ECOSYSTEMS,2025
Northern Samar,San Jose,3.44195,ALL ECOSYSTEMS,2025
Northern Samar,San Roque,3.34657,ALL ECOSYSTEMS,2025
Northern Samar,Victoria,3.53979,ALL ECOSYSTEMS,2025
Northern Samar,Lope De Vega,3.44871,ALL ECOSYSTEMS,2025
Western Samar,Basey,2.81992,ALL ECOSYSTEMS,2025
Western Samar,City of Calbayog,2.62594,ALL ECOSYSTEMS,2025
Western Samar,Calbiga,3.53779,ALL ECOSYSTEMS,2025
Western Samar,City of Catbalogan,2.9937,ALL ECOSYSTEMS,2025
Western Samar,Daram,2.87566,ALL ECOSYSTEMS,2025
Western Samar,Gandara,2.65568,ALL ECOSYSTEMS,2025
Western Samar,Hinabangan,2.81815,ALL ECOSYSTEMS,2025
Western Samar,Jiabong,3.26809,ALL ECOSYSTEMS,2025
Western Samar,Marabut,2.97353,ALL ECOSYSTEMS,2025
Western Samar,Motiong,2.92944,ALL ECOSYSTEMS,2025
Western Samar,Pinabacdao,2.93407,ALL ECOSYSTEMS,2025
Western Samar,San Sebastian,3.41811,ALL ECOSYSTEMS,2025
Western Samar,Santa Margarita,2.64789,ALL ECOSYSTEMS,2025
Western Samar,Santa Rita,2.90004,ALL ECOSYSTEMS,2025
Western Samar,Santo Nino,2.48926,ALL ECOSYSTEMS,2025
Western Samar,Talalora,2.63181,ALL ECOSYSTEMS,2025
Western Samar,Tarangnan,2.8334,ALL ECOSYSTEMS,2025
Western Samar,Villareal,2.77622,ALL ECOSYSTEMS,2025
Western Samar,Paranas,2.85377,ALL ECOSYSTEMS,2025
Western Samar,San Jorge,3.11067,ALL ECOSYSTEMS,2025
Western Samar,Pagsanghan,2.7793,ALL ECOSYSTEMS,2025
Southern Leyte,Anahawan,3.5585,ALL ECOSYSTEMS,2025
Southern Leyte,Bontoc,3.55822,ALL ECOSYSTEMS,2025
Southern Leyte,Hinunangan,3.76387,ALL ECOSYSTEMS,2025
Southern Leyte,Hinundayan,3.88533,ALL ECOSYSTEMS,2025
Southern Leyte,Libagon,3.6207,ALL ECOSYSTEMS,2025
Southern Leyte,Liloan,3.50268,ALL ECOSYSTEMS,2025
Southern Leyte,City of Maasin,3.34017,ALL ECOSYSTEMS,2025
Southern Leyte,Macrohon,3.53655,ALL ECOSYSTEMS,2025
Southern Leyte,Malitbog,3.30313,ALL ECOSYSTEMS,2025
Southern Leyte,Padre Burgos,3.55734,ALL ECOSYSTEMS,2025
Southern Leyte,Pintuyan,3.46125,ALL ECOSYSTEMS,2025
Southern Leyte,Saint Bernard,3.75926,ALL ECOSYSTEMS,2025
Southern Leyte,San Francisco,3.68285,ALL ECOSYSTEMS,2025
Southern Leyte,San Juan,3.68696,ALL ECOSYSTEMS,2025
Southern Leyte,San Ricardo,3.31261,ALL ECOSYSTEMS,2025
Southern Leyte,Silago,3.48865,ALL ECOSYSTEMS,2025
Southern Leyte,Sogod,3.6009,ALL ECOSYSTEMS,2025
Southern Leyte,Tomas Oppus,3.5931,ALL ECOSYSTEMS,2025
Biliran,Almeria,3.50379,ALL ECOSYSTEMS,2025
Biliran,Biliran,3.43983,ALL ECOSYSTEMS,2025
Biliran,Cabucgayan,3.51533,ALL ECOSYSTEMS,2025
Biliran,Caibiran,3.97117,ALL ECOSYSTEMS,2025
Biliran,Culaba,3.98914,ALL ECOSYSTEMS,2025
Biliran,Kawayan,3.40855,ALL ECOSYSTEMS,2025
Biliran,Naval,3.48093,ALL ECOSYSTEMS,2025
Leyte,City of Tacloban,4.16336,ALL ECOSYSTEMS,2025
Zamboanga del Norte,City of Dapitan,3.7342,ALL ECOSYSTEMS,2025
Zamboanga del Norte,City of Dipolog,3.7994,ALL ECOSYSTEMS,2025
Zamboanga del Norte,Katipunan,3.81889,ALL ECOSYSTEMS,2025
Zamboanga del Norte,La Libertad,3.32691,ALL ECOSYSTEMS,2025
Zamboanga del Norte,Labason,3.47062,ALL ECOSYSTEMS,2025
Zamboanga del Norte,Liloy,3.4022,ALL ECOSYSTEMS,2025
Zamboanga del Norte,Manukan,3.79656,ALL ECOSYSTEMS,2025
Zamboanga del Norte,Pinan,3.72928,ALL ECOSYSTEMS,2025
Zamboanga del Norte,Polanco,3.76848,ALL ECOSYSTEMS,2025
Zamboanga del Norte,Pres. Manuel A. Roxas,3.81652,ALL ECOSYSTEMS,2025
Zamboanga del Norte,Rizal,3.23637,ALL ECOSYSTEMS,2025
Zamboanga del Norte,Salug,3.43176,ALL ECOSYSTEMS,2025
Zamboanga del Norte,Sergio Osmena Sr.,3.92432,ALL ECOSYSTEMS,2025
Zamboanga del Norte,Siayan,4.02899,ALL ECOSYSTEMS,2025
Zamboanga del Norte,Sibuco,3.697,ALL ECOSYSTEMS,2025
Zamboanga del Norte,Sibutad,3.58973,ALL ECOSYSTEMS,2025
Zamboanga del Norte,Sindangan,3.74697,ALL ECOSYSTEMS,2025
Zamboanga del Norte,Siocon,3.98826,ALL ECOSYSTEMS,2025
Zamboanga del Norte,Sirawai,3.9385,ALL ECOSYSTEMS,2025
Zamboanga del Norte,Tampilisan,3.87502,ALL ECOSYSTEMS,2025
Zamboanga del Norte,Jose Dalman,3.57678,ALL ECOSYSTEMS,2025
Zamboanga del Norte,Gutalac,3.67049,ALL ECOSYSTEMS,2025
Zamboanga del Norte,Baliguian,3.95359,ALL ECOSYSTEMS,2025
Zamboanga del Norte,Godod,3.62384,ALL ECOSYSTEMS,2025
Zamboanga del Norte,Bacungan,3.46492,ALL ECOSYSTEMS,2025
Zamboanga del Norte,Kalawit,3.87342,ALL ECOSYSTEMS,2025
Zamboanga del Sur,Aurora,4.49396,ALL ECOSYSTEMS,2025
Zamboanga del Sur,Bayog,4.72065,ALL ECOSYSTEMS,2025
Zamboanga del Sur,Dimataling,4.80858,ALL ECOSYSTEMS,2025
Zamboanga del Sur,Dinas,4.73228,ALL ECOSYSTEMS,2025
Zamboanga del Sur,Dumalinao,4.76398,ALL ECOSYSTEMS,2025
Zamboanga del Sur,Dumingag,3.9803,ALL ECOSYSTEMS,2025
Zamboanga del Sur,Kumalarang,4.73874,ALL ECOSYSTEMS,2025
Zamboanga del Sur,Labangan,4.68,ALL ECOSYSTEMS,2025
Zamboanga del Sur,Lapuyan,4.70865,ALL ECOSYSTEMS,2025
Zamboanga del Sur,Mahayag,3.90778,ALL ECOSYSTEMS,2025
Zamboanga del Sur,Margosatubig,4.67636,ALL ECOSYSTEMS,2025
Zamboanga del Sur,Midsalip,3.98079,ALL ECOSYSTEMS,2025
Zamboanga del Sur,Molave,3.8324,ALL ECOSYSTEMS,2025
Zamboanga del Sur,City of Pagadian,4.76745,ALL ECOSYSTEMS,2025
Zamboanga del Sur,Ramon Magsaysay,3.98902,ALL ECOSYSTEMS,2025
Zamboanga del Sur,San Miguel,4.69792,ALL ECOSYSTEMS,2025
Zamboanga del Sur,San Pablo,4.77431,ALL ECOSYSTEMS,2025
Zamboanga del Sur,Tabina,3.66428,ALL ECOSYSTEMS,2025
Zamboanga del Sur,Tambulig,3.75508,ALL ECOSYSTEMS,2025
Zamboanga del Sur,Tukuran,4.62873,ALL ECOSYSTEMS,2025
Zamboanga del Sur,Lakewood,4.71042,ALL ECOSYSTEMS,2025
Zamboanga del Sur,Pitogo,3.90598,ALL ECOSYSTEMS,2025
Zamboanga del Sur,Sominot,4.0076,ALL ECOSYSTEMS,2025
Zamboanga del Sur,Vincenzo A. Sagun,4.43857,ALL ECOSYSTEMS,2025
Zamboanga del Sur,Guipos,4.73393,ALL ECOSYSTEMS,2025
Zamboanga del Sur,Tigbao,4.76992,ALL ECOSYSTEMS,2025
Zamboanga Sibugay,Alicia,3.83025,ALL ECOSYSTEMS,2025
Zamboanga Sibugay,Buug,4.46885,ALL ECOSYSTEMS,2025
Zamboanga Sibugay,Diplahan,3.904,ALL ECOSYSTEMS,2025
Zamboanga Sibugay,Imelda,3.93779,ALL ECOSYSTEMS,2025
Zamboanga Sibugay,Ipil,3.9071,ALL ECOSYSTEMS,2025
Zamboanga Sibugay,Kabasalan,3.94255,ALL ECOSYSTEMS,2025
Zamboanga Sibugay,Malangas,4.50529,ALL ECOSYSTEMS,2025
Zamboanga Sibugay,Naga,3.87707,ALL ECOSYSTEMS,2025
Zamboanga Sibugay,Payao,3.89099,ALL ECOSYSTEMS,2025
Zamboanga Sibugay,Roseller Lim,3.90217,ALL ECOSYSTEMS,2025
Zamboanga Sibugay,Siay,3.90708,ALL ECOSYSTEMS,2025
Zamboanga Sibugay,Titay,3.87856,ALL ECOSYSTEMS,2025
Zamboanga Sibugay,Tungawan,3.92278,ALL ECOSYSTEMS,2025
Zamboanga del Sur,City of Zamboanga,3.61501,ALL ECOSYSTEMS,2025
Zamboanga Sibugay,Isabela,2.33266,ALL ECOSYSTEMS,2025
Bukidnon,Dangcagan,4.48364,ALL ECOSYSTEMS,2025
Bukidnon,Don Carlos,5.18207,ALL ECOSYSTEMS,2025
Bukidnon,Impasug-ong,3.2351,ALL ECOSYSTEMS,2025
Bukidnon,Kadingilan,5.02696,ALL ECOSYSTEMS,2025
Bukidnon,Kalilangan,5.44735,ALL ECOSYSTEMS,2025
Bukidnon,Kibawe,4.34033,ALL ECOSYSTEMS,2025
Bukidnon,Kitaotao,4.62213,ALL ECOSYSTEMS,2025
Bukidnon,Lantapan,4.37076,ALL ECOSYSTEMS,2025
Bukidnon,Libona,4.24192,ALL ECOSYSTEMS,2025
Bukidnon,City of Malaybalay,5.08184,ALL ECOSYSTEMS,2025
Bukidnon,Malitbog,2.63498,ALL ECOSYSTEMS,2025
Bukidnon,Manolo Fortich,4.00147,ALL ECOSYSTEMS,2025
Bukidnon,Maramag,5.18446,ALL ECOSYSTEMS,2025
Bukidnon,Pangantucan,4.68583,ALL ECOSYSTEMS,2025
Bukidnon,Quezon,5.39681,ALL ECOSYSTEMS,2025
Bukidnon,San Fernando,4.86568,ALL ECOSYSTEMS,2025
Bukidnon,Sumilao,3.99008,ALL ECOSYSTEMS,2025
Bukidnon,City of Valencia,5.75256,ALL ECOSYSTEMS,2025
Bukidnon,Cabanglasan,3.9092,ALL ECOSYSTEMS,2025
Camiguin,Catarman,3.15743,ALL ECOSYSTEMS,2025
Camiguin,Guinsiliban,3.11063,ALL ECOSYSTEMS,2025
Camiguin,Mahinog,2.92024,ALL ECOSYSTEMS,2025
Camiguin,Mambajao,3.07526,ALL ECOSYSTEMS,2025
Camiguin,Sagay,2.74564,ALL ECOSYSTEMS,2025
Lanao del Norte,Baloi,3.24756,ALL ECOSYSTEMS,2025
Lanao del Norte,Baroy,4.02304,ALL ECOSYSTEMS,2025
Lanao del Norte,Kapatagan,4.97672,ALL ECOSYSTEMS,2025
Lanao del Norte,Sultan Naga Dimaporo,4.58466,ALL ECOSYSTEMS,2025
Lanao del Norte,Kolambugan,3.73262,ALL ECOSYSTEMS,2025
Lanao del Norte,Lala,5.11225,ALL ECOSYSTEMS,2025
Lanao del Norte,Maigo,3.40309,ALL ECOSYSTEMS,2025
Lanao del Norte,Munai,3.43988,ALL ECOSYSTEMS,2025
Lanao del Norte,Salvador,5.07967,ALL ECOSYSTEMS,2025
Lanao del Norte,Sapad,4.75347,ALL ECOSYSTEMS,2025
Lanao del Norte,Tubod,3.51938,ALL ECOSYSTEMS,2025
Lanao del Norte,Pantar,1.19375,ALL ECOSYSTEMS,2025
Misamis Occidental,Aloran,5.11393,ALL ECOSYSTEMS,2025
Misamis Occidental,Baliangao,4.14425,ALL ECOSYSTEMS,2025
Misamis Occidental,Bonifacio,5.16096,ALL ECOSYSTEMS,2025
Misamis Occidental,Calamba,4.03693,ALL ECOSYSTEMS,2025
Misamis Occidental,Clarin,5.04679,ALL ECOSYSTEMS,2025
Misamis Occidental,Jimenez,4.95379,ALL ECOSYSTEMS,2025
Misamis Occidental,Lopez Jaena,4.6643,ALL ECOSYSTEMS,2025
Misamis Occidental,City of Oroquieta,5.19804,ALL ECOSYSTEMS,2025
Misamis Occidental,City of Ozamiz,5.10252,ALL ECOSYSTEMS,2025
Misamis Occidental,Panaon,5.1954,ALL ECOSYSTEMS,2025
Misamis Occidental,Plaridel,4.63369,ALL ECOSYSTEMS,2025
Misamis Occidental,Sapang Dalaga,4.51751,ALL ECOSYSTEMS,2025
Misamis Occidental,Sinacaban,4.77542,ALL ECOSYSTEMS,2025
Misamis Occidental,City of Tangub,5.0907,ALL ECOSYSTEMS,2025
Misamis Occidental,Tudela,5.15568,ALL ECOSYSTEMS,2025
Misamis Oriental,Alubijid,4.16826,ALL ECOSYSTEMS,2025
Misamis Oriental,Balingasag,4.735,ALL ECOSYSTEMS,2025
Misamis Oriental,Claveria,4.55888,ALL ECOSYSTEMS,2025
Misamis Oriental,City of El Salvador,4.66586,ALL ECOSYSTEMS,2025
Misamis Oriental,City of Gingoog,4.37491,ALL ECOSYSTEMS,2025
Misamis Oriental,Jasaan,4.37044,ALL ECOSYSTEMS,2025
Misamis Oriental,Lagonglong,4.42405,ALL ECOSYSTEMS,2025
Misamis Oriental,Magsaysay,3.97204,ALL ECOSYSTEMS,2025
Misamis Oriental,Manticao,4.14913,ALL ECOSYSTEMS,2025
Misamis Oriental,Naawan,4.42818,ALL ECOSYSTEMS,2025
Misamis Oriental,Opol,4.86689,ALL ECOSYSTEMS,2025
Misamis Oriental,Salay,4.25592,ALL ECOSYSTEMS,2025
Misamis Oriental,Villanueva,4.67709,ALL ECOSYSTEMS,2025
Lanao del Norte,City of Iligan,3.19421,ALL ECOSYSTEMS,2025
Davao del Norte,Asuncion,5.18687,ALL ECOSYSTEMS,2025
Davao del Norte,Carmen,5.12441,ALL ECOSYSTEMS,2025
Davao del Norte,Kapalong,5.18578,ALL ECOSYSTEMS,2025
Davao del Norte,New Corella,5.17613,ALL ECOSYSTEMS,2025
Davao del Norte,City of Panabo,5.05892,ALL ECOSYSTEMS,2025
Davao del Norte,Island Garden City of Samal,4.86772,ALL ECOSYSTEMS,2025
Davao del Norte,Santo Tomas,5.11709,ALL ECOSYSTEMS,2025
Davao del Norte,City of Tagum,5.05108,ALL ECOSYSTEMS,2025
Davao del Norte,Talaingod,4.98469,ALL ECOSYSTEMS,2025
Davao del Norte,Braulio E. Dujali,5.15862,ALL ECOSYSTEMS,2025
Davao del Norte,San Isidro,5.42448,ALL ECOSYSTEMS,2025
Davao del Sur,Bansalan,5.34871,ALL ECOSYSTEMS,2025
Davao del Sur,City of Digos,5.15308,ALL ECOSYSTEMS,2025
Davao del Sur,Hagonoy,5.45931,ALL ECOSYSTEMS,2025
Davao del Sur,Kiblawan,5.30734,ALL ECOSYSTEMS,2025
Davao del Sur,Magsaysay,5.50252,ALL ECOSYSTEMS,2025
Davao del Sur,Malalag,5.17857,ALL ECOSYSTEMS,2025
Davao del Sur,Matanao,5.34658,ALL ECOSYSTEMS,2025
Davao del Sur,Padada,5.17842,ALL ECOSYSTEMS,2025
Davao del Sur,Sulop,5.00603,ALL ECOSYSTEMS,2025
Davao Oriental,Baganga,4.0605,ALL ECOSYSTEMS,2025
Davao Oriental,Banaybanay,5.11782,ALL ECOSYSTEMS,2025
Davao Oriental,Boston,4.54083,ALL ECOSYSTEMS,2025
Davao Oriental,Caraga,4.11418,ALL ECOSYSTEMS,2025
Davao Oriental,Cateel,4.72146,ALL ECOSYSTEMS,2025
Davao Oriental,Governor Generoso,4.77086,ALL ECOSYSTEMS,2025
Davao Oriental,Lupon,5.26691,ALL ECOSYSTEMS,2025
Davao de Oro,Compostela,4.5769,ALL ECOSYSTEMS,2025
Davao de Oro,Laak,4.75488,ALL ECOSYSTEMS,2025
Davao de Oro,Maco,4.62209,ALL ECOSYSTEMS,2025
Davao de Oro,Maragusan,4.87117,ALL ECOSYSTEMS,2025
Davao de Oro,Mawab,4.86699,ALL ECOSYSTEMS,2025
Davao de Oro,Monkayo,4.55028,ALL ECOSYSTEMS,2025
Davao de Oro,Montevista,4.67528,ALL ECOSYSTEMS,2025
Davao de Oro,Nabunturan,4.66617,ALL ECOSYSTEMS,2025
Davao de Oro,New Bataan,4.33215,ALL ECOSYSTEMS,2025
Davao de Oro,Pantukan,4.18124,ALL ECOSYSTEMS,2025
Davao Occidental,Malita,3.07805,ALL ECOSYSTEMS,2025
Davao Occidental,Santa Maria,4.37645,ALL ECOSYSTEMS,2025
Davao del Sur,City of Davao,4.43724,ALL ECOSYSTEMS,2025
North Cotabato,Alamada,4.18961,ALL ECOSYSTEMS,2025
North Cotabato,Carmen,4.63064,ALL ECOSYSTEMS,2025
North Cotabato,Kabacan,4.78835,ALL ECOSYSTEMS,2025
North Cotabato,City of Kidapawan,3.97853,ALL ECOSYSTEMS,2025
North Cotabato,Libungan,4.78707,ALL ECOSYSTEMS,2025
North Cotabato,Magpet,4.18016,ALL ECOSYSTEMS,2025
North Cotabato,Makilala,4.0672,ALL ECOSYSTEMS,2025
North Cotabato,Matalam,4.34744,ALL ECOSYSTEMS,2025
North Cotabato,Midsayap,4.95636,ALL ECOSYSTEMS,2025
North Cotabato,MLang,4.00075,ALL ECOSYSTEMS,2025
North Cotabato,Pigkawayan,4.73871,ALL ECOSYSTEMS,2025
North Cotabato,Pikit,4.62239,ALL ECOSYSTEMS,2025
North Cotabato,President Roxas,4.10304,ALL ECOSYSTEMS,2025
North Cotabato,Tulunan,3.78779,ALL ECOSYSTEMS,2025
North Cotabato,Antipas,4.46087,ALL ECOSYSTEMS,2025
North Cotabato,Banisilan,4.66114,ALL ECOSYSTEMS,2025
North Cotabato,Aleosan,4.53737,ALL ECOSYSTEMS,2025
North Cotabato,Arakan,4.14453,ALL ECOSYSTEMS,2025
South Cotabato,Banga,4.08745,ALL ECOSYSTEMS,2025
South Cotabato,City of Koronadal,4.22608,ALL ECOSYSTEMS,2025
South Cotabato,Norala,4.27522,ALL ECOSYSTEMS,2025
South Cotabato,Polomolok,3.53951,ALL ECOSYSTEMS,2025
South Cotabato,Surallah,4.12598,ALL ECOSYSTEMS,2025
South Cotabato,Tampakan,3.8681,ALL ECOSYSTEMS,2025
South Cotabato,Tantangan,4.03755,ALL ECOSYSTEMS,2025
South Cotabato,TBoli,3.65203,ALL ECOSYSTEMS,2025
South Cotabato,Tupi,3.62387,ALL ECOSYSTEMS,2025
South Cotabato,Santo Niño,4.25827,ALL ECOSYSTEMS,2025
South Cotabato,Lake Sebu,3.50995,ALL ECOSYSTEMS,2025
Sultan Kudarat,Bagumbayan,4.262,ALL ECOSYSTEMS,2025
Sultan Kudarat,Columbio,3.67513,ALL ECOSYSTEMS,2025
Sultan Kudarat,Esperanza,4.30847,ALL ECOSYSTEMS,2025
Sultan Kudarat,Isulan,4.37029,ALL ECOSYSTEMS,2025
Sultan Kudarat,Kalamansig,4.68774,ALL ECOSYSTEMS,2025
Sultan Kudarat,Lebak,4.25001,ALL ECOSYSTEMS,2025
Sultan Kudarat,Lutayan,3.94481,ALL ECOSYSTEMS,2025
Sultan Kudarat,Lambayong,4.35221,ALL ECOSYSTEMS,2025
Sultan Kudarat,Palimbang,5.01355,ALL ECOSYSTEMS,2025
Sultan Kudarat,President Quirino,4.04515,ALL ECOSYSTEMS,2025
Sultan Kudarat,City of Tacurong,3.95936,ALL ECOSYSTEMS,2025
Sultan Kudarat,Sen. Ninoy Aquino,4.74529,ALL ECOSYSTEMS,2025
Sarangani,Alabel,3.31064,ALL ECOSYSTEMS,2025
Sarangani,Glan,3.36046,ALL ECOSYSTEMS,2025
Sarangani,Kiamba,3.78044,ALL ECOSYSTEMS,2025
Sarangani,Maitum,4.31844,ALL ECOSYSTEMS,2025
Sarangani,Malungon,3.45247,ALL ECOSYSTEMS,2025
South Cotabato,City of General Santos,3.96427,ALL ECOSYSTEMS,2025
Abra,Bangued,12.71044,ALL ECOSYSTEMS,2025
Abra,Boliney,3.22093,ALL ECOSYSTEMS,2025
Abra,Bucay,2.83197,ALL ECOSYSTEMS,2025
Abra,Bucloc,2.84125,ALL ECOSYSTEMS,2025
Abra,Daguioman,3.16793,ALL ECOSYSTEMS,2025
Abra,Danglas,2.75769,ALL ECOSYSTEMS,2025
Abra,Dolores,2.64362,ALL ECOSYSTEMS,2025
Abra,La Paz,2.7347,ALL ECOSYSTEMS,2025
Abra,Lacub,2.99297,ALL ECOSYSTEMS,2025
Abra,Lagangilang,2.74395,ALL ECOSYSTEMS,2025
Abra,Lagayan,2.70097,ALL ECOSYSTEMS,2025
Abra,Langiden,2.77236,ALL ECOSYSTEMS,2025
Abra,Licuan-Baay,2.54745,ALL ECOSYSTEMS,2025
Abra,Luba,3.07426,ALL ECOSYSTEMS,2025
Abra,Malibcong,2.68668,ALL ECOSYSTEMS,2025
Abra,Manabo,2.94389,ALL ECOSYSTEMS,2025
Abra,Penarrubia,3.07231,ALL ECOSYSTEMS,2025
Abra,Pidigan,2.97375,ALL ECOSYSTEMS,2025
Abra,Pilar,3.1382,ALL ECOSYSTEMS,2025
Abra,Sallapadan,2.78516,ALL ECOSYSTEMS,2025
Abra,San Isidro,2.87687,ALL ECOSYSTEMS,2025
Abra,San Juan,2.81914,ALL ECOSYSTEMS,2025
Abra,San Quintin,2.62078,ALL ECOSYSTEMS,2025
Abra,Tayum,3.06865,ALL ECOSYSTEMS,2025
Abra,Tineg,2.68652,ALL ECOSYSTEMS,2025
Abra,Tubo,3.1032,ALL ECOSYSTEMS,2025
Abra,Villaviciosa,3.04818,ALL ECOSYSTEMS,2025
Benguet,Atok,2.75156,ALL ECOSYSTEMS,2025
Benguet,Bakun,3.39115,ALL ECOSYSTEMS,2025
Benguet,Itogon,3.48947,ALL ECOSYSTEMS,2025
Benguet,Kabayan,3.25101,ALL ECOSYSTEMS,2025
Benguet,Kapangan,2.6853,ALL ECOSYSTEMS,2025
Benguet,Kibungan,2.83174,ALL ECOSYSTEMS,2025
Benguet,La Trinidad,2.92183,ALL ECOSYSTEMS,2025
Benguet,Mankayan,3.02844,ALL ECOSYSTEMS,2025
Benguet,Sablan,2.2478,ALL ECOSYSTEMS,2025
Benguet,Tuba,2.13775,ALL ECOSYSTEMS,2025
Benguet,Tublay,2.8898,ALL ECOSYSTEMS,2025
Ifugao,Banaue,2.98456,ALL ECOSYSTEMS,2025
Ifugao,Hungduan,2.98203,ALL ECOSYSTEMS,2025
Ifugao,Kiangan,3.29808,ALL ECOSYSTEMS,2025
Ifugao,Lagawe,3.61398,ALL ECOSYSTEMS,2025
Ifugao,Lamut,3.35971,ALL ECOSYSTEMS,2025
Ifugao,Mayoyao,2.93445,ALL ECOSYSTEMS,2025
Ifugao,Alfonso Lista,3.37182,ALL ECOSYSTEMS,2025
Ifugao,Aguinaldo,3.27199,ALL ECOSYSTEMS,2025
Ifugao,Hingyon,3.11788,ALL ECOSYSTEMS,2025
Ifugao,Tinoc,2.80496,ALL ECOSYSTEMS,2025
Ifugao,Asipulo,3.2252,ALL ECOSYSTEMS,2025
Kalinga,Balbalan,4.17436,ALL ECOSYSTEMS,2025
Kalinga,Pinukpuk,4.39136,ALL ECOSYSTEMS,2025
Kalinga,Rizal,3.97119,ALL ECOSYSTEMS,2025
Kalinga,City of Tabuk,4.35639,ALL ECOSYSTEMS,2025
Kalinga,Tanudan,4.7441,ALL ECOSYSTEMS,2025
Mountain Province,Bontoc,2.80232,ALL ECOSYSTEMS,2025
Mountain Province,Natonin,3.11295,ALL ECOSYSTEMS,2025
Mountain Province,Paracelis,3.63539,ALL ECOSYSTEMS,2025
Mountain Province,Sadanga,4.0668,ALL ECOSYSTEMS,2025
Mountain Province,Tadian,3.27236,ALL ECOSYSTEMS,2025
Apayao,Calanasan,2.36229,ALL ECOSYSTEMS,2025
Apayao,Conner,2.9084,ALL ECOSYSTEMS,2025
Apayao,Flora,2.78744,ALL ECOSYSTEMS,2025
Apayao,Kabugao,2.54686,ALL ECOSYSTEMS,2025
Apayao,Luna,2.94654,ALL ECOSYSTEMS,2025
Apayao,Pudtol,2.83334,ALL ECOSYSTEMS,2025
Apayao,Santa Marcela,2.90087,ALL ECOSYSTEMS,2025
Agusan del Norte,Buenavista,3.46964,ALL ECOSYSTEMS,2025
Agusan del Norte,City of Cabadbaran,3.53094,ALL ECOSYSTEMS,2025
Agusan del Norte,Jabonga,3.45527,ALL ECOSYSTEMS,2025
Agusan del Norte,Kitcharao,3.55188,ALL ECOSYSTEMS,2025
Agusan del Norte,Las Nieves,3.7116,ALL ECOSYSTEMS,2025
Agusan del Norte,Magallanes,3.49232,ALL ECOSYSTEMS,2025
Agusan del Norte,Nasipit,3.49259,ALL ECOSYSTEMS,2025
Agusan del Norte,Santiago,3.72326,ALL ECOSYSTEMS,2025
Agusan del Norte,Remedios T. Romualdez,3.46247,ALL ECOSYSTEMS,2025
Agusan del Sur,City of Bayugan,3.69902,ALL ECOSYSTEMS,2025
Agusan del Sur,Bunawan,3.44429,ALL ECOSYSTEMS,2025
Agusan del Sur,Esperanza,3.66732,ALL ECOSYSTEMS,2025
Agusan del Sur,La Paz,3.65488,ALL ECOSYSTEMS,2025
Agusan del Sur,Loreto,3.66297,ALL ECOSYSTEMS,2025
Agusan del Sur,Prosperidad,3.66663,ALL ECOSYSTEMS,2025
Agusan del Sur,Rosario,3.47426,ALL ECOSYSTEMS,2025
Agusan del Sur,San Francisco,3.60369,ALL ECOSYSTEMS,2025
Agusan del Sur,San Luis,3.59789,ALL ECOSYSTEMS,2025
Agusan del Sur,Santa Josefa,3.50509,ALL ECOSYSTEMS,2025
Agusan del Sur,Talacogon,3.53655,ALL ECOSYSTEMS,2025
Agusan del Sur,Trento,3.27139,ALL ECOSYSTEMS,2025
Agusan del Sur,Veruela,3.6411,ALL ECOSYSTEMS,2025
Agusan del Sur,Sibagat,3.82126,ALL ECOSYSTEMS,2025
Surigao Del Norte,Alegria,3.25354,ALL ECOSYSTEMS,2025
Surigao Del Norte,Bacuag,3.08899,ALL ECOSYSTEMS,2025
Surigao Del Norte,Burgos,3.00996,ALL ECOSYSTEMS,2025
Surigao Del Norte,Claver,3.07177,ALL ECOSYSTEMS,2025
Surigao Del Norte,Dapa,3.09391,ALL ECOSYSTEMS,2025
Surigao Del Norte,Del Carmen,3.04053,ALL ECOSYSTEMS,2025
Surigao Del Norte,General Luna,3.04309,ALL ECOSYSTEMS,2025
Surigao Del Norte,Gigaquit,3.10854,ALL ECOSYSTEMS,2025
Surigao Del Norte,Mainit,2.96985,ALL ECOSYSTEMS,2025
Surigao Del Norte,Malimono,2.96732,ALL ECOSYSTEMS,2025
Surigao Del Norte,Pilar,3.05809,ALL ECOSYSTEMS,2025
Surigao Del Norte,Placer,3.06492,ALL ECOSYSTEMS,2025
Surigao Del Norte,San Francisco,3.02795,ALL ECOSYSTEMS,2025
Surigao Del Norte,San Isidro,3.02333,ALL ECOSYSTEMS,2025
Surigao Del Norte,Santa Monica,3.04072,ALL ECOSYSTEMS,2025
Surigao Del Norte,Sison,3.02368,ALL ECOSYSTEMS,2025
Surigao Del Norte,Socorro,3.20899,ALL ECOSYSTEMS,2025
Surigao Del Norte,City of Surigao,3.02138,ALL ECOSYSTEMS,2025
Surigao Del Norte,Tagana-An,3.14179,ALL ECOSYSTEMS,2025
Surigao Del Norte,Tubod,3.03729,ALL ECOSYSTEMS,2025
Surigao Del Sur,Barobo,2.9262,ALL ECOSYSTEMS,2025
Surigao Del Sur,Bayabas,3.39598,ALL ECOSYSTEMS,2025
Surigao Del Sur,City of Bislig,3.22731,ALL ECOSYSTEMS,2025
Surigao Del Sur,Cagwait,3.3586,ALL ECOSYSTEMS,2025
Surigao Del Sur,Cantilan,3.45543,ALL ECOSYSTEMS,2025
Surigao Del Sur,Carmen,3.26706,ALL ECOSYSTEMS,2025
Surigao Del Sur,Carrascal,3.46878,ALL ECOSYSTEMS,2025
Surigao Del Sur,Cortes,3.02983,ALL ECOSYSTEMS,2025
Surigao Del Sur,Hinatuan,3.30932,ALL ECOSYSTEMS,2025
Surigao Del Sur,Lanuza,3.04844,ALL ECOSYSTEMS,2025
Surigao Del Sur,Lianga,3.05683,ALL ECOSYSTEMS,2025
Surigao Del Sur,Lingig,3.26152,ALL ECOSYSTEMS,2025
Surigao Del Sur,Madrid,3.50016,ALL ECOSYSTEMS,2025
Surigao Del Sur,Marihatag,3.39257,ALL ECOSYSTEMS,2025
Surigao Del Sur,San Agustin,3.33674,ALL ECOSYSTEMS,2025
Surigao Del Sur,San Miguel,3.29367,ALL ECOSYSTEMS,2025
Surigao Del Sur,Tagbina,3.1768,ALL ECOSYSTEMS,2025
Surigao Del Sur,Tago,3.33199,ALL ECOSYSTEMS,2025
Surigao Del Sur,City of Tandag,3.03779,ALL ECOSYSTEMS,2025
Dinagat Islands,Basilisa,2.18148,ALL ECOSYSTEMS,2025
Dinagat Islands,Cagdianao,2.22354,ALL ECOSYSTEMS,2025
Dinagat Islands,Dinagat,2.26505,ALL ECOSYSTEMS,2025
Dinagat Islands,Libjo,2.17397,ALL ECOSYSTEMS,2025
Dinagat Islands,Loreto,2.19051,ALL ECOSYSTEMS,2025
Dinagat Islands,San Jose,2.17836,ALL ECOSYSTEMS,2025
Dinagat Islands,Tubajon,2.18694,ALL ECOSYSTEMS,2025
Agusan del Norte,City of Butuan,3.64196,ALL ECOSYSTEMS,2025
Marinduque,Boac,3.14762,ALL ECOSYSTEMS,2025
Marinduque,Buenavista,3.13376,ALL ECOSYSTEMS,2025
Marinduque,Gasan,3.25101,ALL ECOSYSTEMS,2025
Marinduque,Mogpog,3.4927,ALL ECOSYSTEMS,2025
Marinduque,Santa Cruz,3.06341,ALL ECOSYSTEMS,2025
Marinduque,Torrijos,2.8907,ALL ECOSYSTEMS,2025
Occidental Mindoro,Abra De Ilog,3.39314,ALL ECOSYSTEMS,2025
Occidental Mindoro,Calintaan,3.86758,ALL ECOSYSTEMS,2025
Occidental Mindoro,Looc,3.21153,ALL ECOSYSTEMS,2025
Occidental Mindoro,Lubang,2.99342,ALL ECOSYSTEMS,2025
Occidental Mindoro,Magsaysay,4.28553,ALL ECOSYSTEMS,2025
Occidental Mindoro,Mamburao,3.4672,ALL ECOSYSTEMS,2025
Occidental Mindoro,Paluan,3.14327,ALL ECOSYSTEMS,2025
Occidental Mindoro,Rizal,4.22391,ALL ECOSYSTEMS,2025
Occidental Mindoro,Sablayan,3.55984,ALL ECOSYSTEMS,2025
Occidental Mindoro,San Jose,4.26062,ALL ECOSYSTEMS,2025
Occidental Mindoro,Santa Cruz,3.61163,ALL ECOSYSTEMS,2025
Oriental Mindoro,Baco,3.73616,ALL ECOSYSTEMS,2025
Oriental Mindoro,Bansud,4.66237,ALL ECOSYSTEMS,2025
Oriental Mindoro,Bongabong,3.99398,ALL ECOSYSTEMS,2025
Oriental Mindoro,Bulalacao,4.44814,ALL ECOSYSTEMS,2025
Oriental Mindoro,City of Calapan,3.73124,ALL ECOSYSTEMS,2025
Oriental Mindoro,Gloria,4.66897,ALL ECOSYSTEMS,2025
Oriental Mindoro,Mansalay,4.62448,ALL ECOSYSTEMS,2025
Oriental Mindoro,Naujan,3.77656,ALL ECOSYSTEMS,2025
Oriental Mindoro,Pinamalayan,3.73586,ALL ECOSYSTEMS,2025
Oriental Mindoro,Pola,3.71778,ALL ECOSYSTEMS,2025
Oriental Mindoro,Puerto Galera,3.83966,ALL ECOSYSTEMS,2025
Oriental Mindoro,Roxas,4.09397,ALL ECOSYSTEMS,2025
Oriental Mindoro,San Teodoro,3.72312,ALL ECOSYSTEMS,2025
Oriental Mindoro,Socorro,3.68697,ALL ECOSYSTEMS,2025
Oriental Mindoro,Victoria,3.72631,ALL ECOSYSTEMS,2025
Palawan,Aborlan,4.05621,ALL ECOSYSTEMS,2025
Palawan,Araceli,3.98518,ALL ECOSYSTEMS,2025
Palawan,Balabac,4.19157,ALL ECOSYSTEMS,2025
Palawan,Bataraza,4.38698,ALL ECOSYSTEMS,2025
Palawan,Brookes Point,4.19274,ALL ECOSYSTEMS,2025
Palawan,Busuanga,3.60395,ALL ECOSYSTEMS,2025
Palawan,Coron,3.84602,ALL ECOSYSTEMS,2025
Palawan,Dumaran,4.29504,ALL ECOSYSTEMS,2025
Palawan,El Nido,4.22665,ALL ECOSYSTEMS,2025
Palawan,Linapacan,4.22068,ALL ECOSYSTEMS,2025
Palawan,Narra,4.25924,ALL ECOSYSTEMS,2025
Palawan,Quezon,4.27129,ALL ECOSYSTEMS,2025
Palawan,Roxas,4.66496,ALL ECOSYSTEMS,2025
Palawan,San Vicente,4.37263,ALL ECOSYSTEMS,2025
Palawan,Taytay,4.21944,ALL ECOSYSTEMS,2025
Palawan,Culion,4.26844,ALL ECOSYSTEMS,2025
Palawan,Dr. Jose P. Rizal,4.36264,ALL ECOSYSTEMS,2025
Palawan,Sofronio Espanola,4.4494,ALL ECOSYSTEMS,2025
Romblon,Alcantara,3.79479,ALL ECOSYSTEMS,2025
Romblon,Cajidiocan,3.68036,ALL ECOSYSTEMS,2025
Romblon,Calatrava,3.1046,ALL ECOSYSTEMS,2025
Romblon,Corcuera,2.91324,ALL ECOSYSTEMS,2025
Romblon,Looc,3.48043,ALL ECOSYSTEMS,2025
Romblon,Magdiwang,3.60916,ALL ECOSYSTEMS,2025
Romblon,Odiongan,3.34172,ALL ECOSYSTEMS,2025
Romblon,Romblon,3.15762,ALL ECOSYSTEMS,2025
Romblon,San Agustin,3.09016,ALL ECOSYSTEMS,2025
Romblon,San Andres,3.34372,ALL ECOSYSTEMS,2025
Romblon,San Fernando,3.79168,ALL ECOSYSTEMS,2025
Romblon,San Jose,2.92123,ALL ECOSYSTEMS,2025
Romblon,Santa Fe,3.42728,ALL ECOSYSTEMS,2025
Romblon,Ferrol,3.16341,ALL ECOSYSTEMS,2025
Romblon,Santa Maria,3.21946,ALL ECOSYSTEMS,2025
Palawan,City of Puerto Princesa,4.12711,ALL ECOSYSTEMS,2025
Negros Occidental,City of Bago,4.03253,ALL ECOSYSTEMS,2025
Negros Occidental,Binalbagan,3.51059,ALL ECOSYSTEMS,2025
Negros Occidental,City of Cadiz,3.097,ALL ECOSYSTEMS,2025
Negros Occidental,Calatrava,3.13962,ALL ECOSYSTEMS,2025
Negros Occidental,Candoni,2.85806,ALL ECOSYSTEMS,2025
Negros Occidental,Cauayan,2.95868,ALL ECOSYSTEMS,2025
Negros Occidental,Enrique B. Magalona,3.28537,ALL ECOSYSTEMS,2025
Negros Occidental,City of Escalante,2.835,ALL ECOSYSTEMS,2025
Negros Occidental,City of Himamaylan,3.1982,ALL ECOSYSTEMS,2025
Negros Occidental,Hinigaran,3.21926,ALL ECOSYSTEMS,2025
Negros Occidental,Hinoba-an,2.90976,ALL ECOSYSTEMS,2025
Negros Occidental,Ilog,2.92289,ALL ECOSYSTEMS,2025
Negros Occidental,Isabela,3.34453,ALL ECOSYSTEMS,2025
Negros Occidental,City of Kabankalan,3.06092,ALL ECOSYSTEMS,2025
Negros Occidental,City of La Carlota,3.44159,ALL ECOSYSTEMS,2025
Negros Occidental,La Castellana,3.77024,ALL ECOSYSTEMS,2025
Negros Occidental,Manapla,3.0189,ALL ECOSYSTEMS,2025
Negros Occidental,Moises Padilla,4.15009,ALL ECOSYSTEMS,2025
Negros Occidental,Murcia,3.72758,ALL ECOSYSTEMS,2025
Negros Occidental,Pontevedra,3.24346,ALL ECOSYSTEMS,2025
Negros Occidental,Pulupandan,3.58102,ALL ECOSYSTEMS,2025
Negros Occidental,City of Sagay,3.04975,ALL ECOSYSTEMS,2025
Negros Occidental,City of San Carlos,3.4077,ALL ECOSYSTEMS,2025
Negros Occidental,San Enrique,3.42451,ALL ECOSYSTEMS,2025
Negros Occidental,City of Sipalay,3.00894,ALL ECOSYSTEMS,2025
Negros Occidental,Toboso,3.14339,ALL ECOSYSTEMS,2025
Negros Occidental,Valladolid,3.60753,ALL ECOSYSTEMS,2025
Negros Occidental,City of Victorias,2.84874,ALL ECOSYSTEMS,2025
Negros Occidental,Salvador Benedicto,2.80096,ALL ECOSYSTEMS,2025
Negros Oriental,Amlan,3.14788,ALL ECOSYSTEMS,2025
Negros Oriental,Ayungon,3.40166,ALL ECOSYSTEMS,2025
Negros Oriental,City of Bais,2.77556,ALL ECOSYSTEMS,2025
Negros Oriental,Basay,2.91873,ALL ECOSYSTEMS,2025
Negros Oriental,City of Bayawan,2.95402,ALL ECOSYSTEMS,2025
Negros Oriental,Bindoy,3.21231,ALL ECOSYSTEMS,2025
Negros Oriental,City of Canlaon,3.47128,ALL ECOSYSTEMS,2025
Negros Oriental,City of Dumaguete,3.42646,ALL ECOSYSTEMS,2025
Negros Oriental,City of Guihulngan,3.55025,ALL ECOSYSTEMS,2025
Negros Oriental,Jimalalud,3.17172,ALL ECOSYSTEMS,2025
Negros Oriental,La Libertad,3.37503,ALL ECOSYSTEMS,2025
Negros Oriental,Mabinay,2.84473,ALL ECOSYSTEMS,2025
Negros Oriental,Pamplona,2.8446,ALL ECOSYSTEMS,2025
Negros Oriental,San Jose,3.26275,ALL ECOSYSTEMS,2025
Negros Oriental,Santa Catalina,3.07646,ALL ECOSYSTEMS,2025
Negros Oriental,Siaton,3.68932,ALL ECOSYSTEMS,2025
Negros Oriental,Sibulan,8.90535,ALL ECOSYSTEMS,2025
Negros Oriental,City of Tanjay,3.15447,ALL ECOSYSTEMS,2025
Negros Oriental,Tayasan,3.20481,ALL ECOSYSTEMS,2025
Negros Oriental,Vallehermoso,3.47934,ALL ECOSYSTEMS,2025
Negros Oriental,Zamboanguita,3.50291,ALL ECOSYSTEMS,2025
Siquijor,Enrique Villanueva,3.71657,ALL ECOSYSTEMS,2025
Siquijor,Larena,3.89485,ALL ECOSYSTEMS,2025
Siquijor,Lazi,3.82763,ALL ECOSYSTEMS,2025
Siquijor,Maria,3.83825,ALL ECOSYSTEMS,2025
Siquijor,San Juan,4.04103,ALL ECOSYSTEMS,2025
Siquijor,Siquijor,3.82408,ALL ECOSYSTEMS,2025
Negros Occidental,City of Bacolod,3.63503,ALL ECOSYSTEMS,2025
Basilan,City of Lamitan,2.37266,ALL ECOSYSTEMS,2025
Basilan,Lantawan,2.40392,ALL ECOSYSTEMS,2025
Basilan,Akbar,1.58507,ALL ECOSYSTEMS,2025
Lanao del Sur,Bubong,3.44157,ALL ECOSYSTEMS,2025
Lanao del Sur,Butig,3.26488,ALL ECOSYSTEMS,2025
Lanao del Sur,Kapai,2.21307,ALL ECOSYSTEMS,2025
Lanao del Sur,Lumba-Bayabao,3.44134,ALL ECOSYSTEMS,2025
Lanao del Sur,Lumbatan,3.30173,ALL ECOSYSTEMS,2025
Lanao del Sur,City of Marawi,1.9072,ALL ECOSYSTEMS,2025
Lanao del Sur,Masiu,3.30297,ALL ECOSYSTEMS,2025
Lanao del Sur,Mulondo,3.09915,ALL ECOSYSTEMS,2025
Lanao del Sur,Piagapo,3.22763,ALL ECOSYSTEMS,2025
Lanao del Sur,Poona Bayabao,3.64285,ALL ECOSYSTEMS,2025
Lanao del Sur,Ditsaan-Ramain,3.72736,ALL ECOSYSTEMS,2025
Lanao del Sur,Tamparan,3.40967,ALL ECOSYSTEMS,2025
Lanao del Sur,Taraka,3.64712,ALL ECOSYSTEMS,2025
Lanao del Sur,Wao,4.31914,ALL ECOSYSTEMS,2025
Lanao del Sur,Buadiposo-Buntong,3.50684,ALL ECOSYSTEMS,2025
Lanao del Sur,Maguing,3.402,ALL ECOSYSTEMS,2025
Lanao del Sur,Lumbayanague,3.03821,ALL ECOSYSTEMS,2025
Lanao del Sur,Amai Manabilang,3.67755,ALL ECOSYSTEMS,2025
Lanao del Sur,Tagoloan Ii,2.1727,ALL ECOSYSTEMS,2025
Lanao del Sur,Sultan Dumalondong,3.11022,ALL ECOSYSTEMS,2025
Maguindanao del Norte,Barira,4.1231,ALL ECOSYSTEMS,2025
Maguindanao,Barira,4.1231,ALL ECOSYSTEMS,2025
Maguindanao,Buldon,4.14896,ALL ECOSYSTEMS,2025
Maguindanao del Norte,City of Cotabato,4.03177,ALL ECOSYSTEMS,2025
Maguindanao,City of Cotabato,4.03177,ALL ECOSYSTEMS,2025
Maguindanao del Norte,Datu Blah T. Sinsuat,3.96216,ALL ECOSYSTEMS,2025
Maguindanao,Datu Blah T. Sinsuat,3.96216,ALL ECOSYSTEMS,2025
Maguindanao del Norte,Datu Odin Sinsuat,4.02528,ALL ECOSYSTEMS,2025
Maguindanao,Datu Odin Sinsuat,4.02528,ALL ECOSYSTEMS,2025
Maguindanao,Matanog,4.1992,ALL ECOSYSTEMS,2025
Maguindanao del Norte,Matanog,4.1992,ALL ECOSYSTEMS,2025
Maguindanao del Norte,Northern Kabuntalan,4.09332,ALL ECOSYSTEMS,2025
Maguindanao,Northern Kabuntalan,4.09332,ALL ECOSYSTEMS,2025
Maguindanao,Parang,4.15756,ALL ECOSYSTEMS,2025
Maguindanao del Norte,Sultan Kudarat,4.08807,ALL ECOSYSTEMS,2025
Maguindanao,Sultan Kudarat,4.08807,ALL ECOSYSTEMS,2025
Maguindanao,Sultan Mastura,4.07932,ALL ECOSYSTEMS,2025
Maguindanao del Norte,Sultan Mastura,4.07932,ALL ECOSYSTEMS,2025
Maguindanao,Talitay,4.13705,ALL ECOSYSTEMS,2025
Maguindanao del Norte,Talitay,4.13705,ALL ECOSYSTEMS,2025
Maguindanao del Norte,Upi,3.94969,ALL ECOSYSTEMS,2025
Maguindanao,Upi,3.94969,ALL ECOSYSTEMS,2025
Maguindanao,Ampatuan,3.73063,ALL ECOSYSTEMS,2025
Maguindanao,Buluan,3.5304,ALL ECOSYSTEMS,2025
Maguindanao del Sur,Buluan,3.5304,ALL ECOSYSTEMS,2025
Maguindanao,Datu Abdullah Sangki,3.80849,ALL ECOSYSTEMS,2025
Maguindanao del Sur,Datu Abdullah Sangki,3.80849,ALL ECOSYSTEMS,2025
Maguindanao,Datu Anggal Midtimbang,4.05718,ALL ECOSYSTEMS,2025
Maguindanao del Sur,Datu Anggal Midtimbang,4.05718,ALL ECOSYSTEMS,2025
Maguindanao,Datu Hoffer Ampatuan,3.68723,ALL ECOSYSTEMS,2025
Maguindanao del Sur,Datu Hoffer Ampatuan,3.68723,ALL ECOSYSTEMS,2025
Maguindanao del Sur,Datu Paglas,4.02642,ALL ECOSYSTEMS,2025
Maguindanao,Datu Paglas,4.02642,ALL ECOSYSTEMS,2025
Maguindanao,Datu Piang,4.15419,ALL ECOSYSTEMS,2025
Maguindanao del Sur,Datu Piang,4.15419,ALL ECOSYSTEMS,2025
Maguindanao del Sur,Datu Salibo,3.66942,ALL ECOSYSTEMS,2025
Maguindanao,Datu Salibo,3.66942,ALL ECOSYSTEMS,2025
Maguindanao,Datu Saudi-Ampatuan,3.64288,ALL ECOSYSTEMS,2025
Maguindanao del Sur,Datu Saudi Ampatuan,3.64288,ALL ECOSYSTEMS,2025
Maguindanao del Sur,Datu Unsay,3.66344,ALL ECOSYSTEMS,2025
Maguindanao,Datu Unsay,3.66344,ALL ECOSYSTEMS,2025
Maguindanao,Gen. S.K. Pendatun,3.60327,ALL ECOSYSTEMS,2025
Maguindanao del Sur,Gen. S.K. Pendatun,3.60327,ALL ECOSYSTEMS,2025
Maguindanao,Guindulungan,3.69396,ALL ECOSYSTEMS,2025
Maguindanao del Sur,Guindulungan,3.69396,ALL ECOSYSTEMS,2025
Maguindanao del Sur,Mamasapano,3.81584,ALL ECOSYSTEMS,2025
Maguindanao,Mamasapano,3.81584,ALL ECOSYSTEMS,2025
Maguindanao,Mangudadatu,3.33895,ALL ECOSYSTEMS,2025
Maguindanao del Sur,Mangudadatu,3.33895,ALL ECOSYSTEMS,2025
Maguindanao,Pagagawan,4.88768,ALL ECOSYSTEMS,2025
Maguindanao del Sur,Pagagawan,4.88768,ALL ECOSYSTEMS,2025
Maguindanao,Pagalungan,4.6321,ALL ECOSYSTEMS,2025
Maguindanao del Sur,Pagalungan,4.6321,ALL ECOSYSTEMS,2025
Maguindanao,Paglat,3.27817,ALL ECOSYSTEMS,2025
Maguindanao del Sur,Paglat,3.27817,ALL ECOSYSTEMS,2025
Maguindanao del Sur,Pandag,3.52751,ALL ECOSYSTEMS,2025
Maguindanao,Pandag,3.52751,ALL ECOSYSTEMS,2025
Maguindanao del Sur,Rajah Buayan,3.69638,ALL ECOSYSTEMS,2025
Maguindanao,Rajah Buayan,3.69638,ALL ECOSYSTEMS,2025
Maguindanao del Sur,Shariff Aguak,3.72041,ALL ECOSYSTEMS,2025
Maguindanao,Shariff Aguak,3.72041,ALL ECOSYSTEMS,2025
Maguindanao,Shariff Saydona Mustapha,3.7083,ALL ECOSYSTEMS,2025
Maguindanao del Sur,Shariff Saydona Mustapha,3.7083,ALL ECOSYSTEMS,2025
Maguindanao del Sur,South Upi,3.68477,ALL ECOSYSTEMS,2025
Maguindanao,South Upi,3.68477,ALL ECOSYSTEMS,2025
Maguindanao del Sur,Sultan Sa Barongis,3.72351,ALL ECOSYSTEMS,2025
Maguindanao,Sultan Sa Barongis,3.72351,ALL ECOSYSTEMS,2025
Maguindanao,Talayan,4.10823,ALL ECOSYSTEMS,2025
Maguindanao del Sur,Talayan,4.10823,ALL ECOSYSTEMS,2025
,,,,
"Data Source: Philippine Statistics Authority (PSA)
Downloaded from https://www.ricelytics.philrice.gov.ph/",,,,
