2026 Semester 1 Average Yield of Palay in All Ecosystems in Laguna by Municipality,,,,
,,,,
Province Name,Location Name,Average Yield,Ecosystem,Year
Laguna,Alaminos,3.47721,ALL ECOSYSTEMS,2026
Laguna,Bay,4.49619,ALL ECOSYSTEMS,2026
Laguna,City of Binan,3.88759,ALL ECOSYSTEMS,2026
Laguna,City of Cabuyao,3.67667,ALL ECOSYSTEMS,2026
Laguna,City of Calamba,4.03364,ALL ECOSYSTEMS,2026
Laguna,Calauan,4.49417,ALL ECOSYSTEMS,2026
Laguna,Cavinti,4.17853,ALL ECOSYSTEMS,2026
Laguna,Famy,4.63813,ALL ECOSYSTEMS,2026
Laguna,Kalayaan,3.93847,ALL ECOSYSTEMS,2026
Laguna,Liliw,4.41536,ALL ECOSYSTEMS,2026
Laguna,Los Banos,3.36367,ALL ECOSYSTEMS,2026
Laguna,Luisiana,3.90662,ALL ECOSYSTEMS,2026
Laguna,Lumban,4.55056,ALL ECOSYSTEMS,2026
Laguna,Mabitac,4.6959,ALL ECOSYSTEMS,2026
Laguna,Magdalena,4.31133,ALL ECOSYSTEMS,2026
Laguna,Majayjay,3.77064,ALL ECOSYSTEMS,2026
Laguna,Nagcarlan,4.34451,ALL ECOSYSTEMS,2026
Laguna,Paete,4.22117,ALL ECOSYSTEMS,2026
Laguna,Pagsanjan,4.4746,ALL ECOSYSTEMS,2026
Laguna,Pakil,4.20175,ALL ECOSYSTEMS,2026
Laguna,Pangil,4.41424,ALL ECOSYSTEMS,2026
Laguna,Pila,4.65496,ALL ECOSYSTEMS,2026
Laguna,Rizal,4.0053,ALL ECOSYSTEMS,2026
Laguna,City of San Pablo,4.09493,ALL ECOSYSTEMS,2026
Laguna,Santa Cruz,4.6453,ALL ECOSYSTEMS,2026
Laguna,Santa Maria,4.85704,ALL ECOSYSTEMS,2026
Laguna,City of Santa Rosa,3.34437,ALL ECOSYSTEMS,2026
Laguna,Siniloan,4.70642,ALL ECOSYSTEMS,2026
Laguna,Victoria,4.76482,ALL ECOSYSTEMS,2026
,,,,
"Data Source: Philippine Statistics Authority (PSA)
Downloaded from https://www.ricelytics.philrice.gov.ph/",,,,
